cve	state	description	affected_json	references_json	review_state
CVE-2002-0367	published	smss.exe debugging subsystem in Windows NT and Windows 2000 does not properly authenticate programs that connect to other programs, which allows local users to gain administrator or SYSTEM privileges by duplicating a handle to a privileged process, as demonstrated by DebPloit.	[{"product":"n/a","vendor":"n/a","versions":[{"status":"affected","version":"n/a"}]}]	[{"name":"20020326 Re: DebPloit (exploit)","tags":["mailing-list","x_refsource_BUGTRAQ"],"url":"http://www.securityfocus.com/archive/1/264441"},{"name":"20020314 DebPloit (exploit)","tags":["mailing-list","x_refsource_NTBUGTRAQ"],"url":"http://marc.info/?l=ntbugtraq&m=101614320402695&w=2"},{"name":"4287","tags":["vdb-entry","x_refsource_BID"],"url":"http://www.securityfocus.com/bid/4287"},{"name":"MS02-024","tags":["vendor-advisory","x_refsource_MS"],"url":"https://docs.microsoft.com/en-us/security-updates/securitybulletins/2002/ms02-024"},{"name":"20020327 Local Security Vulnerability in Windows NT and Windows 2000","tags":["mailing-list","x_refsource_BUGTRAQ"],"url":"http://www.securityfocus.com/archive/1/264927"},{"name":"oval:org.mitre.oval:def:76","tags":["vdb-entry","signature","x_refsource_OVAL"],"url":"https://oval.cisecurity.org/repository/search/definition/oval%3Aorg.mitre.oval%3Adef%3A76"},{"name":"20020314 Fwd: DebPloit (exploit)","tags":["mailing-list","x_refsource_BUGTRAQ"],"url":"http://www.securityfocus.com/archive/1/262074"},{"name":"win-debug-duplicate-handles(8462)","tags":["vdb-entry","x_refsource_XF"],"url":"http://www.iss.net/security_center/static/8462.php"},{"name":"oval:org.mitre.oval:def:158","tags":["vdb-entry","signature","x_refsource_OVAL"],"url":"https://oval.cisecurity.org/repository/search/definition/oval%3Aorg.mitre.oval%3Adef%3A158"}]	source-metadata-unreviewed
CVE-2004-0210	published	The POSIX component of Microsoft Windows NT and Windows 2000 allows local users to execute arbitrary code via certain parameters, possibly by modifying message length values and causing a buffer overflow.	[{"product":"n/a","vendor":"n/a","versions":[{"status":"affected","version":"n/a"}]}]	[{"name":"TA04-196A","tags":["third-party-advisory","x_refsource_CERT"],"url":"http://www.us-cert.gov/cas/techalerts/TA04-196A.html"},{"name":"VU#647436","tags":["third-party-advisory","x_refsource_CERT-VN"],"url":"http://www.kb.cert.org/vuls/id/647436"},{"name":"oval:org.mitre.oval:def:2166","tags":["vdb-entry","signature","x_refsource_OVAL"],"url":"https://oval.cisecurity.org/repository/search/definition/oval%3Aorg.mitre.oval%3Adef%3A2166"},{"name":"MS04-020","tags":["vendor-advisory","x_refsource_MS"],"url":"https://docs.microsoft.com/en-us/security-updates/securitybulletins/2004/ms04-020"},{"name":"oval:org.mitre.oval:def:2847","tags":["vdb-entry","signature","x_refsource_OVAL"],"url":"https://oval.cisecurity.org/repository/search/definition/oval%3Aorg.mitre.oval%3Adef%3A2847"},{"name":"win-posix-bo(16590)","tags":["vdb-entry","x_refsource_XF"],"url":"https://exchange.xforce.ibmcloud.com/vulnerabilities/16590"}]	source-metadata-unreviewed
CVE-2013-2094	published	The perf_swevent_init function in kernel/events/core.c in the Linux kernel before 3.8.9 uses an incorrect integer data type, which allows local users to gain privileges via a crafted perf_event_open system call.	[{"product":"n/a","vendor":"n/a","versions":[{"status":"affected","version":"n/a"}]}]	[{"name":"openSUSE-SU-2013:0847","tags":["vendor-advisory","x_refsource_SUSE"],"url":"http://lists.opensuse.org/opensuse-security-announce/2013-05/msg00018.html"},{"name":"MDVSA-2013:176","tags":["vendor-advisory","x_refsource_MANDRIVA"],"url":"http://www.mandriva.com/security/advisories?name=MDVSA-2013:176"},{"name":"[linux-kernel] 20130413 Re: sw_perf_event_destroy() oops while fuzzing","tags":["mailing-list","x_refsource_MLIST"],"url":"http://lkml.indiana.edu/hypermail/linux/kernel/1304.1/04302.html"},{"name":"[linux-kernel] 20130412 sw_perf_event_destroy() oops while fuzzing","tags":["mailing-list","x_refsource_MLIST"],"url":"http://lkml.indiana.edu/hypermail/linux/kernel/1304.1/03652.html"},{"name":"[CentOS-announce] 20130517 CESA-2013:0830 Important CentOS 6 kernel Update","tags":["mailing-list","x_refsource_MLIST"],"url":"http://lists.centos.org/pipermail/centos-announce/2013-May/019733.html"},{"name":"USN-1826-1","tags":["vendor-advisory","x_refsource_UBUNTU"],"url":"http://www.ubuntu.com/usn/USN-1826-1"},{"name":"[linux-kernel] 20130412 Re: sw_perf_event_destroy() oops while fuzzing","tags":["mailing-list","x_refsource_MLIST"],"url":"http://lkml.indiana.edu/hypermail/linux/kernel/1304.1/03976.html"},{"name":"USN-1838-1","tags":["vendor-advisory","x_refsource_UBUNTU"],"url":"http://www.ubuntu.com/usn/USN-1838-1"},{"tags":["x_refsource_CONFIRM"],"url":"https://bugzilla.redhat.com/show_bug.cgi?id=962792"},{"tags":["x_refsource_CONFIRM"],"url":"https://github.com/torvalds/linux/commit/8176cced706b5e5d15887584150764894e94e02f"},{"tags":["x_refsource_CONFIRM"],"url":"http://www.kernel.org/pub/linux/kernel/v3.x/ChangeLog-3.8.9"},{"name":"USN-1828-1","tags":["vendor-advisory","x_refsource_UBUNTU"],"url":"http://www.ubuntu.com/usn/USN-1828-1"},{"name":"[CentOS-announce] 20130515 CentOS-6 CVE-2013-2094 Kernel Issue","tags":["mailing-list","x_refsource_MLIST"],"url":"http://lists.centos.org/pipermail/centos-announce/2013-May/019729.html"},{"name":"USN-1827-1","tags":["vendor-advisory","x_refsource_UBUNTU"],"url":"http://www.ubuntu.com/usn/USN-1827-1"},{"name":"USN-1836-1","tags":["vendor-advisory","x_refsource_UBUNTU"],"url":"http://www.ubuntu.com/usn/USN-1836-1"},{"name":"93361","tags":["vdb-entry","x_refsource_OSVDB"],"url":"http://www.osvdb.org/93361"},{"name":"33589","tags":["exploit","x_refsource_EXPLOIT-DB"],"url":"http://www.exploit-db.com/exploits/33589"},{"name":"RHSA-2013:0830","tags":["vendor-advisory","x_refsource_REDHAT"],"url":"http://rhn.redhat.com/errata/RHSA-2013-0830.html"},{"tags":["x_refsource_MISC"],"url":"http://news.ycombinator.com/item?id=5703758"},{"name":"[oss-security] 20130514 Re: CVE Request: linux kernel perf out-of-bounds access","tags":["mailing-list","x_refsource_MLIST"],"url":"http://www.openwall.com/lists/oss-security/2013/05/14/6"},{"tags":["x_refsource_CONFIRM"],"url":"http://git.kernel.org/?p=linux/kernel/git/torvalds/linux-2.6.git%3Ba=commit%3Bh=8176cced706b5e5d15887584150764894e94e02f"},{"name":"SUSE-SU-2013:0819","tags":["vendor-advisory","x_refsource_SUSE"],"url":"http://lists.opensuse.org/opensuse-security-announce/2013-05/msg00008.html"},{"tags":["x_refsource_MISC"],"url":"http://packetstormsecurity.com/files/121616/semtex.c"},{"name":"openSUSE-SU-2013:0925","tags":["vendor-advisory","x_refsource_SUSE"],"url":"http://lists.opensuse.org/opensuse-security-announce/2013-06/msg00005.html"},{"tags":["x_refsource_MISC"],"url":"http://twitter.com/djrbliss/statuses/334301992648331267"},{"tags":["x_refsource_MISC"],"url":"http://www.reddit.com/r/netsec/comments/1eb9iw"},{"name":"openSUSE-SU-2013:1042","tags":["vendor-advisory","x_refsource_SUSE"],"url":"http://lists.opensuse.org/opensuse-security-announce/2013-06/msg00017.html"},{"name":"USN-1825-1","tags":["vendor-advisory","x_refsource_UBUNTU"],"url":"http://www.ubuntu.com/usn/USN-1825-1"},{"name":"openSUSE-SU-2013:0951","tags":["vendor-advisory","x_refsource_SUSE"],"url":"http://lists.opensuse.org/opensuse-security-announce/2013-06/msg00009.html"}]	source-metadata-unreviewed
CVE-2013-2596	published	Integer overflow in the fb_mmap function in drivers/video/fbmem.c in the Linux kernel before 3.8.9, as used in a certain Motorola build of Android 4.1.2 and other products, allows local users to create a read-write memory mapping for the entirety of kernel memory, and consequently gain privileges, via crafted /dev/graphics/fb0 mmap2 system calls, as demonstrated by the Motochopper pwn program.	[{"product":"n/a","vendor":"n/a","versions":[{"status":"affected","version":"n/a"}]}]	[{"name":"RHSA-2015:0695","tags":["vendor-advisory","x_refsource_REDHAT"],"url":"http://rhn.redhat.com/errata/RHSA-2015-0695.html"},{"name":"59264","tags":["vdb-entry","x_refsource_BID"],"url":"http://www.securityfocus.com/bid/59264"},{"tags":["x_refsource_MISC"],"url":"http://www.droid-life.com/2013/04/09/root-method-released-for-droid-razr-hd-running-android-4-1-2-other-devices-too/"},{"name":"MDVSA-2013:176","tags":["vendor-advisory","x_refsource_MANDRIVA"],"url":"http://www.mandriva.com/security/advisories?name=MDVSA-2013:176"},{"name":"[linux-kernel] 20130417 Device driver memory 'mmap()' function helper cleanup","tags":["mailing-list","x_refsource_MLIST"],"url":"http://marc.info/?l=linux-kernel&m=136616837923938&w=2"},{"tags":["x_refsource_CONFIRM"],"url":"https://github.com/torvalds/linux/commit/b4cbb197c7e7a68dbad0d491242e3ca67420c13e"},{"tags":["x_refsource_CONFIRM"],"url":"http://www.oracle.com/technetwork/topics/security/linuxbulletinjan2016-2867209.html"},{"tags":["x_refsource_CONFIRM"],"url":"http://git.kernel.org/?p=linux/kernel/git/torvalds/linux-2.6.git%3Ba=commit%3Bh=b4cbb197c7e7a68dbad0d491242e3ca67420c13e"},{"name":"RHSA-2015:0803","tags":["vendor-advisory","x_refsource_REDHAT"],"url":"http://rhn.redhat.com/errata/RHSA-2015-0803.html"},{"tags":["x_refsource_MISC"],"url":"http://forum.xda-developers.com/showthread.php?t=2255491"},{"tags":["x_refsource_MISC"],"url":"http://www.droidrzr.com/index.php/topic/15208-root-motochopper-yet-another-android-root-exploit/"},{"tags":["x_refsource_CONFIRM"],"url":"http://www.kernel.org/pub/linux/kernel/v3.x/ChangeLog-3.8.9"},{"name":"RHSA-2015:0782","tags":["vendor-advisory","x_refsource_REDHAT"],"url":"http://rhn.redhat.com/errata/RHSA-2015-0782.html"},{"tags":["x_refsource_CONFIRM"],"url":"http://kb.juniper.net/InfoCenter/index?page=content&id=JSA10761"},{"tags":["x_refsource_CONFIRM"],"url":"https://github.com/torvalds/linux/commit/fc9bbca8f650e5f738af8806317c0a041a48ae4a"},{"tags":["x_refsource_CONFIRM"],"url":"http://git.kernel.org/?p=linux/kernel/git/torvalds/linux-2.6.git%3Ba=commit%3Bh=fc9bbca8f650e5f738af8806317c0a041a48ae4a"}]	source-metadata-unreviewed
CVE-2013-5065	published	NDProxy.sys in the kernel in Microsoft Windows XP SP2 and SP3 and Server 2003 SP2 allows local users to gain privileges via a crafted application, as exploited in the wild in November 2013.	[{"product":"n/a","vendor":"n/a","versions":[{"status":"affected","version":"n/a"}]}]	[{"tags":["x_refsource_MISC"],"url":"http://www.fireeye.com/blog/technical/cyber-exploits/2013/11/ms-windows-local-privilege-escalation-zero-day-in-the-wild.html"},{"name":"37732","tags":["exploit","x_refsource_EXPLOIT-DB"],"url":"https://www.exploit-db.com/exploits/37732/"},{"name":"MS14-002","tags":["vendor-advisory","x_refsource_MS"],"url":"https://docs.microsoft.com/en-us/security-updates/securitybulletins/2014/ms14-002"},{"tags":["x_refsource_CONFIRM"],"url":"http://technet.microsoft.com/security/advisory/2914486"}]	source-metadata-unreviewed
CVE-2013-6282	published	The (1) get_user and (2) put_user API functions in the Linux kernel before 3.5.5 on the v6k and v7 ARM platforms do not validate certain addresses, which allows attackers to read or modify the contents of arbitrary kernel memory locations via a crafted application, as exploited in the wild against Android devices in October and November 2013.	[{"product":"n/a","vendor":"n/a","versions":[{"status":"affected","version":"n/a"}]}]	[{"tags":["x_refsource_CONFIRM"],"url":"http://www.kernel.org/pub/linux/kernel/v3.x/ChangeLog-3.5.5"},{"name":"40975","tags":["exploit","x_refsource_EXPLOIT-DB"],"url":"https://www.exploit-db.com/exploits/40975/"},{"tags":["x_refsource_CONFIRM"],"url":"http://git.kernel.org/?p=linux/kernel/git/torvalds/linux-2.6.git%3Ba=commit%3Bh=8404663f81d212918ff85f493649a7991209fa04"},{"tags":["x_refsource_CONFIRM"],"url":"http://www.codeaurora.org/projects/security-advisories/missing-access-checks-putusergetuser-kernel-api-cve-2013-6282"},{"name":"63734","tags":["vdb-entry","x_refsource_BID"],"url":"http://www.securityfocus.com/bid/63734"},{"name":"[oss-security] 20131114 CVE-2013-6282 - linux kernel: missing access checks in get_user/put_user on ARM","tags":["mailing-list","x_refsource_MLIST"],"url":"http://www.openwall.com/lists/oss-security/2013/11/14/11"},{"tags":["x_refsource_CONFIRM"],"url":"https://github.com/torvalds/linux/commit/8404663f81d212918ff85f493649a7991209fa04"},{"name":"USN-2067-1","tags":["vendor-advisory","x_refsource_UBUNTU"],"url":"http://www.ubuntu.com/usn/USN-2067-1"}]	source-metadata-unreviewed
CVE-2014-1812	published	The Group Policy implementation in Microsoft Windows Vista SP2, Windows Server 2008 SP2 and R2 SP1, Windows 7 SP1, Windows 8, Windows 8.1, and Windows Server 2012 Gold and R2 does not properly handle distribution of passwords, which allows remote authenticated users to obtain sensitive credential information and consequently gain privileges by leveraging access to the SYSVOL share, as exploited in the wild in May 2014, aka "Group Policy Preferences Password Elevation of Privilege Vulnerability."	[{"product":"n/a","vendor":"n/a","versions":[{"status":"affected","version":"n/a"}]}]	[{"name":"MS14-025","tags":["vendor-advisory","x_refsource_MS"],"url":"https://docs.microsoft.com/en-us/security-updates/securitybulletins/2014/ms14-025"},{"tags":["x_refsource_CONFIRM"],"url":"http://blogs.technet.com/b/srd/archive/2014/05/13/ms14-025-an-update-for-group-policy-preferences.aspx"}]	source-metadata-unreviewed
CVE-2014-3153	published	The futex_requeue function in kernel/futex.c in the Linux kernel through 3.14.5 does not ensure that calls have two different futex addresses, which allows local users to gain privileges via a crafted FUTEX_REQUEUE command that facilitates unsafe waiter modification.	[{"product":"n/a","vendor":"n/a","versions":[{"status":"affected","version":"n/a"}]}]	[{"name":"67906","tags":["vdb-entry","x_refsource_BID"],"url":"http://www.securityfocus.com/bid/67906"},{"name":"openSUSE-SU-2014:0878","tags":["vendor-advisory","x_refsource_SUSE"],"url":"http://lists.opensuse.org/opensuse-security-announce/2014-07/msg00006.html"},{"name":"[oss-security] 20140605 Re: Linux kernel futex local privilege escalation (CVE-2014-3153)","tags":["mailing-list","x_refsource_MLIST"],"url":"http://openwall.com/lists/oss-security/2014/06/05/24"},{"name":"59029","tags":["third-party-advisory","x_refsource_SECUNIA"],"url":"http://secunia.com/advisories/59029"},{"name":"DSA-2949","tags":["vendor-advisory","x_refsource_DEBIAN"],"url":"http://www.debian.org/security/2014/dsa-2949"},{"name":"SUSE-SU-2014:1316","tags":["vendor-advisory","x_refsource_SUSE"],"url":"http://lists.opensuse.org/opensuse-security-announce/2014-10/msg00006.html"},{"name":"SUSE-SU-2014:0796","tags":["vendor-advisory","x_refsource_SUSE"],"url":"http://lists.opensuse.org/opensuse-security-announce/2014-06/msg00018.html"},{"name":"59262","tags":["third-party-advisory","x_refsource_SECUNIA"],"url":"http://secunia.com/advisories/59262"},{"name":"58990","tags":["third-party-advisory","x_refsource_SECUNIA"],"url":"http://secunia.com/advisories/58990"},{"tags":["x_refsource_CONFIRM"],"url":"https://git.kernel.org/cgit/linux/kernel/git/torvalds/linux.git/commit/?id=13fbca4c6ecd96ec1a1cfa2e4f2ce191fe928a5e"},{"tags":["x_refsource_CONFIRM"],"url":"https://git.kernel.org/cgit/linux/kernel/git/torvalds/linux.git/commit/?id=54a217887a7b658e2650c3feff22756ab80c7339"},{"tags":["x_refsource_CONFIRM"],"url":"http://git.kernel.org/?p=linux/kernel/git/torvalds/linux-2.6.git%3Ba=commit%3Bh=e9c243a5a6de0be8e584c604d353412584b592f8"},{"tags":["x_refsource_CONFIRM"],"url":"http://linux.oracle.com/errata/ELSA-2014-3037.html"},{"name":"59153","tags":["third-party-advisory","x_refsource_SECUNIA"],"url":"http://secunia.com/advisories/59153"},{"name":"[oss-security] 20140606 Re: Linux kernel futex local privilege escalation (CVE-2014-3153)","tags":["mailing-list","x_refsource_MLIST"],"url":"http://openwall.com/lists/oss-security/2014/06/06/20"},{"name":"59309","tags":["third-party-advisory","x_refsource_SECUNIA"],"url":"http://secunia.com/advisories/59309"},{"tags":["x_refsource_CONFIRM"],"url":"https://github.com/torvalds/linux/commit/e9c243a5a6de0be8e584c604d353412584b592f8"},{"name":"1030451","tags":["vdb-entry","x_refsource_SECTRACK"],"url":"http://www.securitytracker.com/id/1030451"},{"tags":["x_refsource_CONFIRM"],"url":"http://linux.oracle.com/errata/ELSA-2014-0771.html"},{"name":"SUSE-SU-2014:0775","tags":["vendor-advisory","x_refsource_SUSE"],"url":"http://lists.opensuse.org/opensuse-security-announce/2014-06/msg00014.html"},{"name":"RHSA-2014:0800","tags":["vendor-advisory","x_refsource_REDHAT"],"url":"http://rhn.redhat.com/errata/RHSA-2014-0800.html"},{"name":"USN-2237-1","tags":["vendor-advisory","x_refsource_UBUNTU"],"url":"http://www.ubuntu.com/usn/USN-2237-1"},{"name":"SUSE-SU-2014:1319","tags":["vendor-advisory","x_refsource_SUSE"],"url":"http://lists.opensuse.org/opensuse-security-announce/2014-10/msg00007.html"},{"tags":["x_refsource_CONFIRM"],"url":"http://linux.oracle.com/errata/ELSA-2014-3039.html"},{"tags":["x_refsource_CONFIRM"],"url":"https://git.kernel.org/cgit/linux/kernel/git/torvalds/linux.git/commit/?id=b3eaa9fc5cd0a4d74b18f6b8dc617aeaf1873270"},{"name":"58500","tags":["third-party-advisory","x_refsource_SECUNIA"],"url":"http://secunia.com/advisories/58500"},{"name":"USN-2240-1","tags":["vendor-advisory","x_refsource_UBUNTU"],"url":"http://www.ubuntu.com/usn/USN-2240-1"},{"tags":["x_refsource_CONFIRM"],"url":"https://bugzilla.redhat.com/show_bug.cgi?id=1103626"},{"name":"59386","tags":["third-party-advisory","x_refsource_SECUNIA"],"url":"http://secunia.com/advisories/59386"},{"name":"35370","tags":["exploit","x_refsource_EXPLOIT-DB"],"url":"http://www.exploit-db.com/exploits/35370"},{"name":"59599","tags":["third-party-advisory","x_refsource_SECUNIA"],"url":"http://secunia.com/advisories/59599"},{"name":"SUSE-SU-2014:0837","tags":["vendor-advisory","x_refsource_SUSE"],"url":"http://lists.opensuse.org/opensuse-security-announce/2014-06/msg00025.html"},{"name":"[oss-security] 20140605 Linux kernel futex local privilege escalation (CVE-2014-3153)","tags":["mailing-list","x_refsource_MLIST"],"url":"http://www.openwall.com/lists/oss-security/2014/06/05/22"},{"name":"59092","tags":["third-party-advisory","x_refsource_SECUNIA"],"url":"http://secunia.com/advisories/59092"},{"tags":["x_refsource_CONFIRM"],"url":"http://linux.oracle.com/errata/ELSA-2014-3038.html"},{"name":"[oss-security] 20210201 Re: Linux Kernel: local priv escalation via futexes","tags":["mailing-list","x_refsource_MLIST"],"url":"http://www.openwall.com/lists/oss-security/2021/02/01/4"},{"tags":["x_refsource_MISC"],"url":"https://www.openwall.com/lists/oss-security/2021/02/01/4"},{"tags":["x_refsource_MISC"],"url":"https://elongl.github.io/exploitation/2021/01/08/cve-2014-3153.html"},{"tags":["x_refsource_MISC"],"url":"https://github.com/elongl/CVE-2014-3153"}]	source-metadata-unreviewed
CVE-2015-0016	published	Directory traversal vulnerability in the TS WebProxy (aka TSWbPrxy) component in Microsoft Windows Vista SP2, Windows 7 SP1, Windows Server 2008 R2 SP1, Windows 8, Windows 8.1, Windows Server 2012 Gold and R2, and Windows RT Gold and 8.1 allows remote attackers to gain privileges via a crafted pathname in an executable file, as demonstrated by a transition from Low Integrity to Medium Integrity, aka "Directory Traversal Elevation of Privilege Vulnerability."	[{"product":"n/a","vendor":"n/a","versions":[{"status":"affected","version":"n/a"}]}]	[{"name":"71965","tags":["vdb-entry","x_refsource_BID"],"url":"http://www.securityfocus.com/bid/71965"},{"name":"1031524","tags":["vdb-entry","x_refsource_SECTRACK"],"url":"http://www.securitytracker.com/id/1031524"},{"name":"ms-windows-cve20150016-priv-esc(99515)","tags":["vdb-entry","x_refsource_XF"],"url":"https://exchange.xforce.ibmcloud.com/vulnerabilities/99515"},{"tags":["x_refsource_MISC"],"url":"http://blog.trendmicro.com/trendlabs-security-intelligence/cve-2015-0016-escaping-the-internet-explorer-sandbox/"},{"name":"win-ms15kb3025421-update(99516)","tags":["vdb-entry","x_refsource_XF"],"url":"https://exchange.xforce.ibmcloud.com/vulnerabilities/99516"},{"name":"35983","tags":["exploit","x_refsource_EXPLOIT-DB"],"url":"http://www.exploit-db.com/exploits/35983"},{"name":"62076","tags":["third-party-advisory","x_refsource_SECUNIA"],"url":"http://secunia.com/advisories/62076"},{"tags":["x_refsource_MISC"],"url":"http://packetstormsecurity.com/files/130201/MS15-004-Microsoft-Remote-Desktop-Services-Web-Proxy-IE-Sandbox-Escape.html"},{"name":"MS15-004","tags":["vendor-advisory","x_refsource_MS"],"url":"https://docs.microsoft.com/en-us/security-updates/securitybulletins/2015/ms15-004"}]	source-metadata-unreviewed
CVE-2015-1769	published	Mount Manager in Microsoft Windows Vista SP2, Windows Server 2008 SP2 and R2 SP1, Windows 7 SP1, Windows 8, Windows 8.1, Windows Server 2012 Gold and R2, Windows RT Gold and 8.1, and Windows 10 mishandles symlinks, which allows physically proximate attackers to execute arbitrary code by connecting a crafted USB device, aka "Mount Manager Elevation of Privilege Vulnerability."	[{"product":"n/a","vendor":"n/a","versions":[{"status":"affected","version":"n/a"}]}]	[{"tags":["x_refsource_CONFIRM"],"url":"http://blogs.technet.com/b/srd/archive/2015/08/11/defending-against-cve-2015-1769-a-logical-issue-exploited-via-a-malicious-usb-stick.aspx"},{"name":"MS15-085","tags":["vendor-advisory","x_refsource_MS"],"url":"https://docs.microsoft.com/en-us/security-updates/securitybulletins/2015/ms15-085"},{"name":"1033244","tags":["vdb-entry","x_refsource_SECTRACK"],"url":"http://www.securitytracker.com/id/1033244"}]	source-metadata-unreviewed
CVE-2015-3246	published	libuser before 0.56.13-8 and 0.60 before 0.60-7, as used in the userhelper program in the usermode package, directly modifies /etc/passwd, which allows local users to cause a denial of service (inconsistent file state) by causing an error during the modification. NOTE: this issue can be combined with CVE-2015-3245 to gain privileges.	[{"product":"n/a","vendor":"n/a","versions":[{"status":"affected","version":"n/a"}]}]	[{"name":"76022","tags":["vdb-entry","x_refsource_BID"],"url":"http://www.securityfocus.com/bid/76022"},{"name":"FEDORA-2015-12301","tags":["vendor-advisory","x_refsource_FEDORA"],"url":"http://lists.fedoraproject.org/pipermail/package-announce/2015-July/162947.html"},{"name":"44633","tags":["exploit","x_refsource_EXPLOIT-DB"],"url":"https://www.exploit-db.com/exploits/44633/"},{"tags":["x_refsource_CONFIRM"],"url":"https://access.redhat.com/articles/1537873"},{"name":"RHSA-2015:1482","tags":["vendor-advisory","x_refsource_REDHAT"],"url":"http://rhn.redhat.com/errata/RHSA-2015-1482.html"},{"name":"FEDORA-2015-12064","tags":["vendor-advisory","x_refsource_FEDORA"],"url":"http://lists.fedoraproject.org/pipermail/package-announce/2015-August/163044.html"},{"name":"openSUSE-SU-2015:1332","tags":["vendor-advisory","x_refsource_SUSE"],"url":"http://lists.opensuse.org/opensuse-security-announce/2015-08/msg00000.html"},{"tags":["x_refsource_MISC"],"url":"https://www.qualys.com/2015/07/23/cve-2015-3245-cve-2015-3246/cve-2015-3245-cve-2015-3246.txt"},{"name":"1033040","tags":["vdb-entry","x_refsource_SECTRACK"],"url":"http://www.securitytracker.com/id/1033040"},{"name":"RHSA-2015:1483","tags":["vendor-advisory","x_refsource_REDHAT"],"url":"http://rhn.redhat.com/errata/RHSA-2015-1483.html"}]	source-metadata-unreviewed
CVE-2015-6175	published	The kernel in Microsoft Windows 10 Gold allows local users to gain privileges via a crafted application, aka "Windows Kernel Memory Elevation of Privilege Vulnerability."	[{"product":"n/a","vendor":"n/a","versions":[{"status":"affected","version":"n/a"}]}]	[{"name":"MS15-135","tags":["vendor-advisory","x_refsource_MS"],"url":"https://docs.microsoft.com/en-us/security-updates/securitybulletins/2015/ms15-135"},{"name":"1034334","tags":["vdb-entry","x_refsource_SECTRACK"],"url":"http://www.securitytracker.com/id/1034334"}]	source-metadata-unreviewed
CVE-2016-0040	published	The kernel in Microsoft Windows Vista SP2, Windows Server 2008 SP2 and R2 SP1, and Windows 7 SP1 allows local users to gain privileges via a crafted application, aka "Windows Elevation of Privilege Vulnerability."	[{"product":"n/a","vendor":"n/a","versions":[{"status":"affected","version":"n/a"}]}]	[{"name":"1034985","tags":["vdb-entry","x_refsource_SECTRACK"],"url":"http://www.securitytracker.com/id/1034985"},{"name":"44586","tags":["exploit","x_refsource_EXPLOIT-DB"],"url":"https://www.exploit-db.com/exploits/44586/"},{"name":"MS16-014","tags":["vendor-advisory","x_refsource_MS"],"url":"https://docs.microsoft.com/en-us/security-updates/securitybulletins/2016/ms16-014"}]	source-metadata-unreviewed
CVE-2016-0099	published	The Secondary Logon Service in Microsoft Windows Vista SP2, Windows Server 2008 SP2 and R2 SP1, Windows 7 SP1, Windows 8.1, Windows Server 2012 Gold and R2, Windows RT 8.1, and Windows 10 Gold and 1511 does not properly process request handles, which allows local users to gain privileges via a crafted application, aka "Secondary Logon Elevation of Privilege Vulnerability."	[{"product":"n/a","vendor":"n/a","versions":[{"status":"affected","version":"n/a"}]}]	[{"name":"40107","tags":["exploit","x_refsource_EXPLOIT-DB"],"url":"https://www.exploit-db.com/exploits/40107/"},{"name":"39719","tags":["exploit","x_refsource_EXPLOIT-DB"],"url":"https://www.exploit-db.com/exploits/39719/"},{"name":"39809","tags":["exploit","x_refsource_EXPLOIT-DB"],"url":"https://www.exploit-db.com/exploits/39809/"},{"name":"84034","tags":["vdb-entry","x_refsource_BID"],"url":"http://www.securityfocus.com/bid/84034"},{"name":"1035210","tags":["vdb-entry","x_refsource_SECTRACK"],"url":"http://www.securitytracker.com/id/1035210"},{"name":"MS16-032","tags":["vendor-advisory","x_refsource_MS"],"url":"https://docs.microsoft.com/en-us/security-updates/securitybulletins/2016/ms16-032"},{"name":"39574","tags":["exploit","x_refsource_EXPLOIT-DB"],"url":"https://www.exploit-db.com/exploits/39574/"}]	source-metadata-unreviewed
CVE-2016-3309	published	The kernel-mode drivers in Microsoft Windows Vista SP2; Windows Server 2008 SP2 and R2 SP1; Windows 7 SP1; Windows 8.1; Windows Server 2012 Gold and R2; Windows RT 8.1; and Windows 10 Gold, 1511, and 1607 allow local users to gain privileges via a crafted application, aka "Win32k Elevation of Privilege Vulnerability," a different vulnerability than CVE-2016-3308, CVE-2016-3310, and CVE-2016-3311.	[{"product":"n/a","vendor":"n/a","versions":[{"status":"affected","version":"n/a"}]}]	[{"name":"MS16-098","tags":["vendor-advisory","x_refsource_MS"],"url":"https://docs.microsoft.com/en-us/security-updates/securitybulletins/2016/ms16-098"},{"name":"42960","tags":["exploit","x_refsource_EXPLOIT-DB"],"url":"https://www.exploit-db.com/exploits/42960/"},{"name":"1036572","tags":["vdb-entry","x_refsource_SECTRACK"],"url":"http://www.securitytracker.com/id/1036572"},{"name":"92297","tags":["vdb-entry","x_refsource_BID"],"url":"http://www.securityfocus.com/bid/92297"}]	source-metadata-unreviewed
CVE-2016-5195	published	Race condition in mm/gup.c in the Linux kernel 2.x through 4.x before 4.8.3 allows local users to gain privileges by leveraging incorrect handling of a copy-on-write (COW) feature to write to a read-only memory mapping, as exploited in the wild in October 2016, aka "Dirty COW."	[{"product":"n/a","vendor":"n/a","versions":[{"status":"affected","version":"n/a"}]}]	[{"name":"RHSA-2016:2107","tags":["vendor-advisory","x_refsource_REDHAT"],"url":"http://rhn.redhat.com/errata/RHSA-2016-2107.html"},{"name":"40616","tags":["exploit","x_refsource_EXPLOIT-DB"],"url":"https://www.exploit-db.com/exploits/40616/"},{"name":"RHSA-2017:0372","tags":["vendor-advisory","x_refsource_REDHAT"],"url":"https://access.redhat.com/errata/RHSA-2017:0372"},{"tags":["x_refsource_CONFIRM"],"url":"https://bto.bluecoat.com/security-advisory/sa134"},{"tags":["x_refsource_CONFIRM"],"url":"https://h20566.www2.hpe.com/portal/site/hpsc/public/kb/docDisplay?docId=emr_na-c05352241"},{"tags":["x_refsource_CONFIRM"],"url":"http://www.oracle.com/technetwork/security-advisory/cpujul2018-4258247.html"},{"name":"40839","tags":["exploit","x_refsource_EXPLOIT-DB"],"url":"https://www.exploit-db.com/exploits/40839/"},{"tags":["x_refsource_MISC"],"url":"https://dirtycow.ninja"},{"name":"40847","tags":["exploit","x_refsource_EXPLOIT-DB"],"url":"https://www.exploit-db.com/exploits/40847/"},{"name":"RHSA-2016:2118","tags":["vendor-advisory","x_refsource_REDHAT"],"url":"http://rhn.redhat.com/errata/RHSA-2016-2118.html"},{"name":"RHSA-2016:2128","tags":["vendor-advisory","x_refsource_REDHAT"],"url":"http://rhn.redhat.com/errata/RHSA-2016-2128.html"},{"tags":["x_refsource_CONFIRM"],"url":"https://source.android.com/security/bulletin/2016-12-01.html"},{"name":"RHSA-2016:2120","tags":["vendor-advisory","x_refsource_REDHAT"],"url":"http://rhn.redhat.com/errata/RHSA-2016-2120.html"},{"name":"[oss-security] 20161026 Re: CVE-2016-5195 \"Dirty COW\" Linux kernel privilege escalation vulnerability","tags":["mailing-list","x_refsource_MLIST"],"url":"http://www.openwall.com/lists/oss-security/2016/10/26/7"},{"name":"RHSA-2016:2133","tags":["vendor-advisory","x_refsource_REDHAT"],"url":"http://rhn.redhat.com/errata/RHSA-2016-2133.html"},{"name":"RHSA-2016:2098","tags":["vendor-advisory","x_refsource_REDHAT"],"url":"http://rhn.redhat.com/errata/RHSA-2016-2098.html"},{"tags":["x_refsource_CONFIRM"],"url":"https://h20566.www2.hpe.com/hpsc/doc/public/display?docLocale=en_US&docId=emr_na-hpesbgn03761en_us"},{"name":"VU#243144","tags":["third-party-advisory","x_refsource_CERT-VN"],"url":"https://www.kb.cert.org/vuls/id/243144"},{"tags":["x_refsource_CONFIRM"],"url":"https://bugzilla.suse.com/show_bug.cgi?id=1004418"},{"name":"1037078","tags":["vdb-entry","x_refsource_SECTRACK"],"url":"http://www.securitytracker.com/id/1037078"},{"tags":["x_refsource_CONFIRM"],"url":"https://people.canonical.com/~ubuntu-security/cve/2016/CVE-2016-5195.html"},{"tags":["x_refsource_CONFIRM"],"url":"https://h20566.www2.hpe.com/hpsc/doc/public/display?docLocale=en_US&docId=emr_na-hpesbgn03722en_us"},{"tags":["x_refsource_CONFIRM"],"url":"https://security.netapp.com/advisory/ntap-20161025-0001/"},{"name":"93793","tags":["vdb-entry","x_refsource_BID"],"url":"http://www.securityfocus.com/bid/93793"},{"name":"RHSA-2016:2127","tags":["vendor-advisory","x_refsource_REDHAT"],"url":"http://rhn.redhat.com/errata/RHSA-2016-2127.html"},{"tags":["x_refsource_CONFIRM"],"url":"https://security-tracker.debian.org/tracker/CVE-2016-5195"},{"tags":["x_refsource_MISC"],"url":"https://github.com/dirtycow/dirtycow.github.io/wiki/PoCs"},{"tags":["x_refsource_CONFIRM"],"url":"https://h20566.www2.hpe.com/hpsc/doc/public/display?docLocale=en_US&docId=emr_na-hpesbgn03742en_us"},{"tags":["x_refsource_CONFIRM"],"url":"https://github.com/torvalds/linux/commit/19be0eaffa3ac7d8eb6784ad9bdbc7d67ed8e619"},{"tags":["x_refsource_CONFIRM"],"url":"https://help.ecostruxureit.com/display/public/UADCO8x/StruxureWare+Data+Center+Operation+Software+Vulnerability+Fixes"},{"tags":["x_refsource_MISC"],"url":"https://github.com/dirtycow/dirtycow.github.io/wiki/VulnerabilityDetails"},{"tags":["x_refsource_CONFIRM"],"url":"https://bugzilla.redhat.com/show_bug.cgi?id=1384344"},{"tags":["x_refsource_CONFIRM"],"url":"https://access.redhat.com/security/vulnerabilities/2706661"},{"name":"RHSA-2016:2106","tags":["vendor-advisory","x_refsource_REDHAT"],"url":"http://rhn.redhat.com/errata/RHSA-2016-2106.html"},{"tags":["x_refsource_CONFIRM"],"url":"http://git.kernel.org/cgit/linux/kernel/git/torvalds/linux.git/commit/?id=19be0eaffa3ac7d8eb6784ad9bdbc7d67ed8e619"},{"name":"40611","tags":["exploit","x_refsource_EXPLOIT-DB"],"url":"https://www.exploit-db.com/exploits/40611/"},{"tags":["x_refsource_CONFIRM"],"url":"https://access.redhat.com/security/cve/cve-2016-5195"},{"tags":["x_refsource_CONFIRM"],"url":"https://source.android.com/security/bulletin/2016-11-01.html"},{"tags":["x_refsource_CONFIRM"],"url":"https://h20566.www2.hpe.com/portal/site/hpsc/public/kb/docDisplay?docId=emr_na-c05347541"},{"name":"RHSA-2016:2124","tags":["vendor-advisory","x_refsource_REDHAT"],"url":"http://rhn.redhat.com/errata/RHSA-2016-2124.html"},{"tags":["x_refsource_CONFIRM"],"url":"http://www.kernel.org/pub/linux/kernel/v4.x/ChangeLog-4.8.3"},{"name":"RHSA-2016:2105","tags":["vendor-advisory","x_refsource_REDHAT"],"url":"http://rhn.redhat.com/errata/RHSA-2016-2105.html"},{"name":"RHSA-2016:2126","tags":["vendor-advisory","x_refsource_REDHAT"],"url":"http://rhn.redhat.com/errata/RHSA-2016-2126.html"},{"name":"RHSA-2016:2132","tags":["vendor-advisory","x_refsource_REDHAT"],"url":"http://rhn.redhat.com/errata/RHSA-2016-2132.html"},{"name":"RHSA-2016:2110","tags":["vendor-advisory","x_refsource_REDHAT"],"url":"http://rhn.redhat.com/errata/RHSA-2016-2110.html"},{"tags":["x_refsource_CONFIRM"],"url":"https://h20566.www2.hpe.com/hpsc/doc/public/display?docLocale=en_US&docId=emr_na-hpesbgn03707en_us"},{"tags":["x_refsource_CONFIRM"],"url":"https://h20566.www2.hpe.com/portal/site/hpsc/public/kb/docDisplay?docId=emr_na-c05341463"},{"tags":["x_refsource_CONFIRM"],"url":"https://kc.mcafee.com/corporate/index?page=content&id=SB10176"},{"name":"SUSE-SU-2016:2635","tags":["vendor-advisory","x_refsource_SUSE"],"url":"http://lists.opensuse.org/opensuse-security-announce/2016-10/msg00055.html"},{"name":"SUSE-SU-2016:2659","tags":["vendor-advisory","x_refsource_SUSE"],"url":"http://lists.opensuse.org/opensuse-security-announce/2016-10/msg00067.html"},{"name":"[oss-security] 20161027 CVE-2016-5195 test case","tags":["mailing-list","x_refsource_MLIST"],"url":"http://www.openwall.com/lists/oss-security/2016/10/27/13"},{"name":"USN-3106-2","tags":["vendor-advisory","x_refsource_UBUNTU"],"url":"http://www.ubuntu.com/usn/USN-3106-2"},{"name":"openSUSE-SU-2016:2583","tags":["vendor-advisory","x_refsource_SUSE"],"url":"http://lists.opensuse.org/opensuse-security-announce/2016-10/msg00034.html"},{"tags":["x_refsource_MISC"],"url":"http://packetstormsecurity.com/files/139277/Kernel-Live-Patch-Security-Notice-LSN-0012-1.html"},{"name":"SUSE-SU-2016:2633","tags":["vendor-advisory","x_refsource_SUSE"],"url":"http://lists.opensuse.org/opensuse-security-announce/2016-10/msg00053.html"},{"tags":["x_refsource_CONFIRM"],"url":"http://www.huawei.com/en/psirt/security-advisories/huawei-sa-20161207-01-dirtycow-en"},{"name":"SUSE-SU-2016:2638","tags":["vendor-advisory","x_refsource_SUSE"],"url":"http://lists.opensuse.org/opensuse-security-announce/2016-10/msg00058.html"},{"name":"openSUSE-SU-2016:2584","tags":["vendor-advisory","x_refsource_SUSE"],"url":"http://lists.opensuse.org/opensuse-security-announce/2016-10/msg00035.html"},{"tags":["x_refsource_MISC"],"url":"http://packetstormsecurity.com/files/142151/Kernel-Live-Patch-Security-Notice-LSN-0021-1.html"},{"name":"SUSE-SU-2016:2658","tags":["vendor-advisory","x_refsource_SUSE"],"url":"http://lists.opensuse.org/opensuse-security-announce/2016-10/msg00066.html"},{"name":"SUSE-SU-2016:2631","tags":["vendor-advisory","x_refsource_SUSE"],"url":"http://lists.opensuse.org/opensuse-security-announce/2016-10/msg00051.html"},{"name":"USN-3106-3","tags":["vendor-advisory","x_refsource_UBUNTU"],"url":"http://www.ubuntu.com/usn/USN-3106-3"},{"tags":["x_refsource_CONFIRM"],"url":"https://h20566.www2.hpe.com/hpsc/doc/public/display?docLocale=en_US&docId=emr_na-c05352241"},{"name":"SUSE-SU-2016:2655","tags":["vendor-advisory","x_refsource_SUSE"],"url":"http://lists.opensuse.org/opensuse-security-announce/2016-10/msg00064.html"},{"name":"FEDORA-2016-c3558808cd","tags":["vendor-advisory","x_refsource_FEDORA"],"url":"https://lists.fedoraproject.org/archives/list/package-announce%40lists.fedoraproject.org/message/W3APRVDVPDBXLH4DC5UKZVCR742MJIM3/"},{"name":"20170615 [security bulletin] HPESBGN03761 rev.1 - HPE Virtualization Performance Viewer (VPV)/ Cloud Optimizer using Linux, Remote Escalation of Privilege","tags":["mailing-list","x_refsource_BUGTRAQ"],"url":"http://www.securityfocus.com/archive/1/archive/1/540736/100/0/threaded"},{"name":"SUSE-SU-2016:2637","tags":["vendor-advisory","x_refsource_SUSE"],"url":"http://lists.opensuse.org/opensuse-security-announce/2016-10/msg00057.html"},{"name":"SUSE-SU-2016:2596","tags":["vendor-advisory","x_refsource_SUSE"],"url":"http://lists.opensuse.org/opensuse-security-announce/2016-10/msg00040.html"},{"name":"SUSE-SU-2016:2634","tags":["vendor-advisory","x_refsource_SUSE"],"url":"http://lists.opensuse.org/opensuse-security-announce/2016-10/msg00054.html"},{"name":"20181107 Cisco TelePresence Video Communication Server Test Validation Script Issue","tags":["vendor-advisory","x_refsource_CISCO"],"url":"https://tools.cisco.com/security/center/content/CiscoSecurityAdvisory/cisco-sa-20181107-vcsd"},{"name":"20161026 Vulnerability in Linux Kernel Affecting Cisco Products: October 2016","tags":["vendor-advisory","x_refsource_CISCO"],"url":"http://tools.cisco.com/security/center/content/CiscoSecurityAdvisory/cisco-sa-20161026-linux"},{"tags":["x_refsource_CONFIRM"],"url":"http://kb.juniper.net/InfoCenter/index?page=content&id=JSA10770"},{"tags":["x_refsource_CONFIRM"],"url":"https://kc.mcafee.com/corporate/index?page=content&id=SB10177"},{"name":"SUSE-SU-2016:2657","tags":["vendor-advisory","x_refsource_SUSE"],"url":"http://lists.opensuse.org/opensuse-security-announce/2016-10/msg00065.html"},{"name":"SUSE-SU-2016:2614","tags":["vendor-advisory","x_refsource_SUSE"],"url":"http://lists.opensuse.org/opensuse-security-announce/2016-10/msg00045.html"},{"name":"USN-3105-2","tags":["vendor-advisory","x_refsource_UBUNTU"],"url":"http://www.ubuntu.com/usn/USN-3105-2"},{"name":"USN-3107-1","tags":["vendor-advisory","x_refsource_UBUNTU"],"url":"http://www.ubuntu.com/usn/USN-3107-1"},{"tags":["x_refsource_CONFIRM"],"url":"http://kb.juniper.net/InfoCenter/index?page=content&id=JSA10774"},{"name":"USN-3107-2","tags":["vendor-advisory","x_refsource_UBUNTU"],"url":"http://www.ubuntu.com/usn/USN-3107-2"},{"name":"20170331 [security bulletin] HPESBGN03722 rev.1 - HPE Operations Agent, Local Escalation of Privilege","tags":["mailing-list","x_refsource_BUGTRAQ"],"url":"http://www.securityfocus.com/archive/1/540344/100/0/threaded"},{"name":"openSUSE-SU-2016:2625","tags":["vendor-advisory","x_refsource_SUSE"],"url":"http://lists.opensuse.org/opensuse-security-announce/2016-10/msg00048.html"},{"name":"USN-3106-1","tags":["vendor-advisory","x_refsource_UBUNTU"],"url":"http://www.ubuntu.com/usn/USN-3106-1"},{"name":"USN-3106-4","tags":["vendor-advisory","x_refsource_UBUNTU"],"url":"http://www.ubuntu.com/usn/USN-3106-4"},{"name":"[oss-security] 20161030 Re: CVE-2016-5195 test case","tags":["mailing-list","x_refsource_MLIST"],"url":"http://www.openwall.com/lists/oss-security/2016/10/30/1"},{"tags":["x_refsource_MISC"],"url":"http://packetstormsecurity.com/files/139923/Linux-Kernel-Dirty-COW-PTRACE_POKEDATA-Privilege-Escalation.html"},{"name":"SUSE-SU-2016:2673","tags":["vendor-advisory","x_refsource_SUSE"],"url":"http://lists.opensuse.org/opensuse-security-announce/2016-10/msg00072.html"},{"name":"USN-3104-2","tags":["vendor-advisory","x_refsource_UBUNTU"],"url":"http://www.ubuntu.com/usn/USN-3104-2"},{"tags":["x_refsource_CONFIRM"],"url":"http://fortiguard.com/advisory/FG-IR-16-063"},{"tags":["x_refsource_CONFIRM"],"url":"http://kb.juniper.net/InfoCenter/index?page=content&id=JSA10807"},{"name":"SUSE-SU-2016:2629","tags":["vendor-advisory","x_refsource_SUSE"],"url":"http://lists.opensuse.org/opensuse-security-announce/2016-10/msg00049.html"},{"name":"20161020 [CVE-2016-5195] \"Dirty COW\" Linux privilege escalation vulnerability","tags":["mailing-list","x_refsource_BUGTRAQ"],"url":"http://www.securityfocus.com/archive/1/539611/100/0/threaded"},{"tags":["x_refsource_MISC"],"url":"http://packetstormsecurity.com/files/139922/Linux-Kernel-Dirty-COW-PTRACE_POKEDATA-Privilege-Escalation.html"},{"name":"SUSE-SU-2016:2632","tags":["vendor-advisory","x_refsource_SUSE"],"url":"http://lists.opensuse.org/opensuse-security-announce/2016-10/msg00052.html"},{"name":"20170310 [security bulletin] HPESBGN03707 rev.1 - HPE ConvergedSystem 700 2.0 VMware Kit, Remote Increase of Privilege","tags":["mailing-list","x_refsource_BUGTRAQ"],"url":"http://www.securityfocus.com/archive/1/archive/1/540252/100/0/threaded"},{"name":"USN-3105-1","tags":["vendor-advisory","x_refsource_UBUNTU"],"url":"http://www.ubuntu.com/usn/USN-3105-1"},{"tags":["x_refsource_MISC"],"url":"http://packetstormsecurity.com/files/139286/DirtyCow-Linux-Kernel-Race-Condition.html"},{"name":"SUSE-SU-2016:2630","tags":["vendor-advisory","x_refsource_SUSE"],"url":"http://lists.opensuse.org/opensuse-security-announce/2016-10/msg00050.html"},{"name":"FEDORA-2016-db4b75b352","tags":["vendor-advisory","x_refsource_FEDORA"],"url":"https://lists.fedoraproject.org/archives/list/package-announce%40lists.fedoraproject.org/message/E7M62SRP6CZLJ4ZXCRZKV4WPLQBSR7DT/"},{"name":"FEDORA-2016-c8a0c7eece","tags":["vendor-advisory","x_refsource_FEDORA"],"url":"https://lists.fedoraproject.org/archives/list/package-announce%40lists.fedoraproject.org/message/NWMDLBWMGZKFHMRJ7QUQVCERP5QHDB6W/"},{"name":"[oss-security] 20161103 Re: CVE-2016-5195 \"Dirty COW\" Linux kernel privilege escalation vulnerability","tags":["mailing-list","x_refsource_MLIST"],"url":"http://www.openwall.com/lists/oss-security/2016/11/03/7"},{"name":"SUSE-SU-2016:2636","tags":["vendor-advisory","x_refsource_SUSE"],"url":"http://lists.opensuse.org/opensuse-security-announce/2016-10/msg00056.html"},{"name":"SUSE-SU-2016:3069","tags":["vendor-advisory","x_refsource_SUSE"],"url":"http://lists.opensuse.org/opensuse-security-announce/2016-12/msg00033.html"},{"tags":["x_refsource_CONFIRM"],"url":"https://kc.mcafee.com/corporate/index?page=content&id=SB10222"},{"name":"DSA-3696","tags":["vendor-advisory","x_refsource_DEBIAN"],"url":"http://www.debian.org/security/2016/dsa-3696"},{"tags":["x_refsource_MISC"],"url":"http://packetstormsecurity.com/files/139287/DirtyCow-Local-Root-Proof-Of-Concept.html"},{"name":"SUSE-SU-2016:2592","tags":["vendor-advisory","x_refsource_SUSE"],"url":"http://lists.opensuse.org/opensuse-security-announce/2016-10/msg00038.html"},{"name":"20170331 [security bulletin] HPESBGN03722 rev.1 - HPE Operations Agent, Local Escalation of Privilege","tags":["mailing-list","x_refsource_BUGTRAQ"],"url":"http://www.securityfocus.com/archive/1/archive/1/540344/100/0/threaded"},{"name":"20161020 [CVE-2016-5195] \"Dirty COW\" Linux privilege escalation vulnerability","tags":["mailing-list","x_refsource_BUGTRAQ"],"url":"http://www.securityfocus.com/archive/1/archive/1/539611/100/0/threaded"},{"name":"USN-3104-1","tags":["vendor-advisory","x_refsource_UBUNTU"],"url":"http://www.ubuntu.com/usn/USN-3104-1"},{"name":"20170615 [security bulletin] HPESBGN03761 rev.1 - HPE Virtualization Performance Viewer (VPV)/ Cloud Optimizer using Linux, Remote Escalation of Privilege","tags":["mailing-list","x_refsource_BUGTRAQ"],"url":"http://www.securityfocus.com/archive/1/540736/100/0/threaded"},{"name":"SUSE-SU-2016:2593","tags":["vendor-advisory","x_refsource_SUSE"],"url":"http://lists.opensuse.org/opensuse-security-announce/2016-10/msg00039.html"},{"name":"SUSE-SU-2016:3304","tags":["vendor-advisory","x_refsource_SUSE"],"url":"http://lists.opensuse.org/opensuse-security-announce/2016-12/msg00100.html"},{"name":"[oss-security] 20161021 CVE-2016-5195 \"Dirty COW\" Linux kernel privilege escalation vulnerability","tags":["mailing-list","x_refsource_MLIST"],"url":"http://www.openwall.com/lists/oss-security/2016/10/21/1"},{"name":"20170310 [security bulletin] HPESBGN03707 rev.1 - HPE ConvergedSystem 700 2.0 VMware Kit, Remote Increase of Privilege","tags":["mailing-list","x_refsource_BUGTRAQ"],"url":"http://www.securityfocus.com/archive/1/540252/100/0/threaded"},{"name":"SUSE-SU-2016:2585","tags":["vendor-advisory","x_refsource_SUSE"],"url":"http://lists.opensuse.org/opensuse-security-announce/2016-10/msg00036.html"},{"name":"openSUSE-SU-2016:2649","tags":["vendor-advisory","x_refsource_SUSE"],"url":"http://lists.opensuse.org/opensuse-security-announce/2016-10/msg00063.html"},{"tags":["x_refsource_CONFIRM"],"url":"https://security.paloaltonetworks.com/CVE-2016-5195"},{"name":"openSUSE-SU-2020:0554","tags":["vendor-advisory","x_refsource_SUSE"],"url":"http://lists.opensuse.org/opensuse-security-announce/2020-04/msg00041.html"},{"tags":["x_refsource_MISC"],"url":"https://www.arista.com/en/support/advisories-notices/security-advisories/1753-security-advisory-0026"},{"name":"[oss-security] 20220307 CVE-2022-0847: Linux kernel: overwriting read-only files","tags":["mailing-list","x_refsource_MLIST"],"url":"http://www.openwall.com/lists/oss-security/2022/03/07/1"},{"name":"[oss-security] 20220808 Re: CVE-2022-2590: Linux kernel: Modifying shmem/tmpfs files without write permissions","tags":["mailing-list","x_refsource_MLIST"],"url":"http://www.openwall.com/lists/oss-security/2022/08/08/2"},{"name":"[oss-security] 20220808 CVE-2022-2590: Linux kernel: Modifying shmem/tmpfs files without write permissions","tags":["mailing-list","x_refsource_MLIST"],"url":"http://www.openwall.com/lists/oss-security/2022/08/08/1"},{"name":"[oss-security] 20220808 Re: CVE-2022-2590: Linux kernel: Modifying shmem/tmpfs files without write permissions","tags":["mailing-list","x_refsource_MLIST"],"url":"http://www.openwall.com/lists/oss-security/2022/08/08/7"},{"name":"[oss-security] 20220808 Re: CVE-2022-2590: Linux kernel: Modifying shmem/tmpfs files without write permissions","tags":["mailing-list","x_refsource_MLIST"],"url":"http://www.openwall.com/lists/oss-security/2022/08/08/8"},{"name":"[oss-security] 20220809 Re: CVE-2022-2590: Linux kernel: Modifying shmem/tmpfs files without write permissions","tags":["mailing-list","x_refsource_MLIST"],"url":"http://www.openwall.com/lists/oss-security/2022/08/09/4"},{"name":"[oss-security] 20220815 Re: CVE-2022-2590: Linux kernel: Modifying shmem/tmpfs files without write permissions","tags":["mailing-list","x_refsource_MLIST"],"url":"http://www.openwall.com/lists/oss-security/2022/08/15/1"}]	source-metadata-unreviewed
CVE-2017-0005	published	The Graphics Device Interface (GDI) in Microsoft Windows Vista SP2; Windows Server 2008 SP2 and R2 SP1; Windows 7 SP1; Windows 8.1; Windows Server 2012 Gold and R2; Windows RT 8.1; and Windows 10 Gold, 1511, and 1607 allows local users to gain privileges via a crafted application, aka "Windows GDI Elevation of Privilege Vulnerability." This vulnerability is different from those described in CVE-2017-0001, CVE-2017-0025, and CVE-2017-0047.	[{"product":"Windows GDI","vendor":"Microsoft Corporation","versions":[{"status":"affected","version":"The Graphics Device Interface (GDI) in Microsoft Windows Vista SP2; Windows Server 2008 SP2 and R2 SP1; Windows 7 SP1; Windows 8.1; Windows Server 2012 Gold and R2; Windows RT 8.1; and Windows 10 Gold, 1511, and 1607"}]}]	[{"tags":["x_refsource_CONFIRM"],"url":"https://portal.msrc.microsoft.com/en-US/security-guidance/advisory/CVE-2017-0005"},{"name":"96033","tags":["vdb-entry","x_refsource_BID"],"url":"http://www.securityfocus.com/bid/96033"},{"name":"1038002","tags":["vdb-entry","x_refsource_SECTRACK"],"url":"http://www.securitytracker.com/id/1038002"},{"tags":["x_refsource_CONFIRM"],"url":"https://blogs.technet.microsoft.com/mmpc/2017/03/27/detecting-and-mitigating-elevation-of-privilege-exploit-for-cve-2017-0005/"}]	source-metadata-unreviewed
CVE-2017-0101	published	The kernel-mode drivers in Transaction Manager in Microsoft Windows Vista SP2; Windows Server 2008 SP2 and R2; Windows 7 SP1; Windows 8.1, Windows Server 2012 Gold and R2, Windows RT 8.1; Windows 10 Gold, 1511, and 1607; and Windows Server 2016 allow local users to gain privileges via a crafted application, aka "Windows Elevation of Privilege Vulnerability."	[{"product":"Windows","vendor":"Microsoft Corporation","versions":[{"status":"affected","version":"The kernel-mode drivers in Transaction Manager in Microsoft Windows Vista SP2; Windows Server 2008 SP2 and R2; Windows 7 SP1; Windows 8.1, Windows Server 2012 Gold and R2, Windows RT 8.1; Windows 10 Gold, 1511, and 1607"}]}]	[{"name":"44479","tags":["exploit","x_refsource_EXPLOIT-DB"],"url":"https://www.exploit-db.com/exploits/44479/"},{"name":"96625","tags":["vdb-entry","x_refsource_BID"],"url":"http://www.securityfocus.com/bid/96625"},{"name":"1038013","tags":["vdb-entry","x_refsource_SECTRACK"],"url":"http://www.securitytracker.com/id/1038013"},{"tags":["x_refsource_CONFIRM"],"url":"https://portal.msrc.microsoft.com/en-US/security-guidance/advisory/CVE-2017-0101"}]	source-metadata-unreviewed
CVE-2017-0213	published	Windows COM Aggregate Marshaler in Microsoft Windows Server 2008 SP2 and R2 SP1, Windows 7 SP1, Windows 8.1, Windows Server 2012 Gold and R2, Windows RT 8.1, Windows 10 Gold, 1511, 1607, and 1703, and Windows Server 2016 allows an elevation privilege vulnerability when an attacker runs a specially crafted application, aka "Windows COM Elevation of Privilege Vulnerability". This CVE ID is unique from CVE-2017-0214.	[{"product":"Windows COM","vendor":"Microsoft Corporation","versions":[{"status":"affected","version":"Microsoft Windows Server 2008 SP2 and R2 SP1, Windows 7 SP1, Windows 8.1, Windows Server 2012 Gold and R2, Windows RT 8.1, Windows 10 Gold, 1511, 1607, and 1703, and Windows Server 2016."}]}]	[{"name":"98102","tags":["vdb-entry","x_refsource_BID"],"url":"http://www.securityfocus.com/bid/98102"},{"name":"42020","tags":["exploit","x_refsource_EXPLOIT-DB"],"url":"https://www.exploit-db.com/exploits/42020/"},{"name":"1038457","tags":["vdb-entry","x_refsource_SECTRACK"],"url":"http://www.securitytracker.com/id/1038457"},{"tags":["x_refsource_CONFIRM"],"url":"https://portal.msrc.microsoft.com/en-US/security-guidance/advisory/CVE-2017-0213"}]	source-metadata-unreviewed
CVE-2017-1000253	published	Linux distributions that have not patched their long-term kernels with https://git.kernel.org/linus/a87938b2e246b81b4fb713edb371a9fa3c5c3c86 (committed on April 14, 2015). This kernel vulnerability was fixed in April 2015 by commit a87938b2e246b81b4fb713edb371a9fa3c5c3c86 (backported to Linux 3.10.77 in May 2015), but it was not recognized as a security threat. With CONFIG_ARCH_BINFMT_ELF_RANDOMIZE_PIE enabled, and a normal top-down address allocation strategy, load_elf_binary() will attempt to map a PIE binary into an address range immediately below mm->mmap_base. Unfortunately, load_elf_ binary() does not take account of the need to allocate sufficient space for the entire binary which means that, while the first PT_LOAD segment is mapped below mm->mmap_base, the subsequent PT_LOAD segment(s) end up being mapped above mm->mmap_base into the are that is supposed to be the "gap" between the stack and the binary.	[{"product":"n/a","vendor":"n/a","versions":[{"status":"affected","version":"n/a"}]}]	[{"name":"RHSA-2017:2798","tags":["vendor-advisory","x_refsource_REDHAT"],"url":"https://access.redhat.com/errata/RHSA-2017:2798"},{"name":"RHSA-2017:2795","tags":["vendor-advisory","x_refsource_REDHAT"],"url":"https://access.redhat.com/errata/RHSA-2017:2795"},{"name":"1039434","tags":["vdb-entry","x_refsource_SECTRACK"],"url":"http://www.securitytracker.com/id/1039434"},{"name":"RHSA-2017:2801","tags":["vendor-advisory","x_refsource_REDHAT"],"url":"https://access.redhat.com/errata/RHSA-2017:2801"},{"name":"RHSA-2017:2796","tags":["vendor-advisory","x_refsource_REDHAT"],"url":"https://access.redhat.com/errata/RHSA-2017:2796"},{"name":"101010","tags":["vdb-entry","x_refsource_BID"],"url":"http://www.securityfocus.com/bid/101010"},{"name":"RHSA-2017:2799","tags":["vendor-advisory","x_refsource_REDHAT"],"url":"https://access.redhat.com/errata/RHSA-2017:2799"},{"name":"RHSA-2017:2794","tags":["vendor-advisory","x_refsource_REDHAT"],"url":"https://access.redhat.com/errata/RHSA-2017:2794"},{"name":"RHSA-2017:2793","tags":["vendor-advisory","x_refsource_REDHAT"],"url":"https://access.redhat.com/errata/RHSA-2017:2793"},{"name":"RHSA-2017:2797","tags":["vendor-advisory","x_refsource_REDHAT"],"url":"https://access.redhat.com/errata/RHSA-2017:2797"},{"name":"RHSA-2017:2802","tags":["vendor-advisory","x_refsource_REDHAT"],"url":"https://access.redhat.com/errata/RHSA-2017:2802"},{"tags":["x_refsource_MISC"],"url":"https://www.qualys.com/2017/09/26/cve-2017-1000253/cve-2017-1000253.txt"},{"name":"RHSA-2017:2800","tags":["vendor-advisory","x_refsource_REDHAT"],"url":"https://access.redhat.com/errata/RHSA-2017:2800"}]	source-metadata-unreviewed
CVE-2018-0824	published	A remote code execution vulnerability exists in "Microsoft COM for Windows" when it fails to properly handle serialized objects, aka "Microsoft COM for Windows Remote Code Execution Vulnerability." This affects Windows 7, Windows Server 2012 R2, Windows RT 8.1, Windows Server 2008, Windows Server 2012, Windows 8.1, Windows Server 2016, Windows Server 2008 R2, Windows 10, Windows 10 Servers.	[{"product":"n/a","vendor":"n/a","versions":[{"status":"affected","version":"n/a"}]}]	[{"name":"1040848","tags":["vdb-entry","x_refsource_SECTRACK"],"url":"http://www.securitytracker.com/id/1040848"},{"name":"44906","tags":["exploit","x_refsource_EXPLOIT-DB"],"url":"https://www.exploit-db.com/exploits/44906/"},{"name":"104030","tags":["vdb-entry","x_refsource_BID"],"url":"http://www.securityfocus.com/bid/104030"},{"tags":["x_refsource_CONFIRM"],"url":"https://portal.msrc.microsoft.com/en-US/security-guidance/advisory/CVE-2018-0824"}]	source-metadata-unreviewed
CVE-2018-8440	published	An elevation of privilege vulnerability exists when Windows improperly handles calls to Advanced Local Procedure Call (ALPC), aka "Windows ALPC Elevation of Privilege Vulnerability." This affects Windows 7, Windows Server 2012 R2, Windows RT 8.1, Windows Server 2008, Windows Server 2012, Windows 8.1, Windows Server 2016, Windows Server 2008 R2, Windows 10, Windows 10 Servers.	[{"product":"Windows 7","vendor":"Microsoft","versions":[{"status":"affected","version":"32-bit Systems Service Pack 1"},{"status":"affected","version":"x64-based Systems Service Pack 1"}]},{"product":"Windows Server 2012 R2","vendor":"Microsoft","versions":[{"status":"affected","version":"(Server Core installation)"}]},{"product":"Windows RT 8.1","vendor":"Microsoft","versions":[{"status":"affected","version":"Windows RT 8.1"}]},{"product":"Windows Server 2008","vendor":"Microsoft","versions":[{"status":"affected","version":"32-bit Systems Service Pack 2"},{"status":"affected","version":"32-bit Systems Service Pack 2 (Server Core installation)"},{"status":"affected","version":"Itanium-Based Systems Service Pack 2"},{"status":"affected","version":"x64-based Systems Service Pack 2"},{"status":"affected","version":"x64-based Systems Service Pack 2 (Server Core installation)"}]},{"product":"Windows Server 2012","vendor":"Microsoft","versions":[{"status":"affected","version":"(Server Core installation)"}]},{"product":"Windows 8.1","vendor":"Microsoft","versions":[{"status":"affected","version":"32-bit systems"},{"status":"affected","version":"x64-based systems"}]},{"product":"Windows Server 2016","vendor":"Microsoft","versions":[{"status":"affected","version":"(Server Core installation)"}]},{"product":"Windows Server 2008 R2","vendor":"Microsoft","versions":[{"status":"affected","version":"Itanium-Based Systems Service Pack 1"},{"status":"affected","version":"x64-based Systems Service Pack 1"},{"status":"affected","version":"x64-based Systems Service Pack 1 (Server Core installation)"}]},{"product":"Windows 10","vendor":"Microsoft","versions":[{"status":"affected","version":"32-bit Systems"},{"status":"affected","version":"Version 1607 for 32-bit Systems"},{"status":"affected","version":"Version 1607 for x64-based Systems"},{"status":"affected","version":"Version 1703 for 32-bit Systems"},{"status":"affected","version":"Version 1703 for x64-based Systems"},{"status":"affected","version":"Version 1709 for 32-bit Systems"},{"status":"affected","version":"Version 1709 for x64-based Systems"},{"status":"affected","version":"Version 1803 for 32-bit Systems"},{"status":"affected","version":"Version 1803 for x64-based Systems"},{"status":"affected","version":"x64-based Systems"}]},{"product":"Windows 10 Servers","vendor":"Microsoft","versions":[{"status":"affected","version":"version 1709  (Server Core Installation)"},{"status":"affected","version":"version 1803  (Server Core Installation)"}]}]	[{"tags":["x_refsource_CONFIRM"],"url":"https://portal.msrc.microsoft.com/en-US/security-guidance/advisory/CVE-2018-8440"},{"tags":["x_refsource_MISC"],"url":"https://blog.0patch.com/2018/09/comparing-our-micropatch-with.html"},{"tags":["x_refsource_MISC"],"url":"https://blog.0patch.com/2018/08/how-we-micropatched-publicly-dropped.html"},{"name":"1041578","tags":["vdb-entry","x_refsource_SECTRACK"],"url":"http://www.securitytracker.com/id/1041578"},{"name":"105153","tags":["vdb-entry","x_refsource_BID"],"url":"http://www.securityfocus.com/bid/105153"}]	source-metadata-unreviewed
CVE-2018-8611	published	An elevation of privilege vulnerability exists when the Windows kernel fails to properly handle objects in memory, aka "Windows Kernel Elevation of Privilege Vulnerability." This affects Windows 7, Windows Server 2012 R2, Windows RT 8.1, Windows Server 2008, Windows Server 2019, Windows Server 2012, Windows 8.1, Windows Server 2016, Windows Server 2008 R2, Windows 10, Windows 10 Servers.	[{"product":"Windows 7","vendor":"Microsoft","versions":[{"status":"affected","version":"32-bit Systems Service Pack 1"},{"status":"affected","version":"x64-based Systems Service Pack 1"}]},{"product":"Windows Server 2012 R2","vendor":"Microsoft","versions":[{"status":"affected","version":"(Server Core installation)"}]},{"product":"Windows RT 8.1","vendor":"Microsoft","versions":[{"status":"affected","version":"Windows RT 8.1"}]},{"product":"Windows Server 2008","vendor":"Microsoft","versions":[{"status":"affected","version":"32-bit Systems Service Pack 2"},{"status":"affected","version":"32-bit Systems Service Pack 2 (Server Core installation)"},{"status":"affected","version":"Itanium-Based Systems Service Pack 2"},{"status":"affected","version":"x64-based Systems Service Pack 2"},{"status":"affected","version":"x64-based Systems Service Pack 2 (Server Core installation)"}]},{"product":"Windows Server 2019","vendor":"Microsoft","versions":[{"status":"affected","version":"(Server Core installation)"}]},{"product":"Windows Server 2012","vendor":"Microsoft","versions":[{"status":"affected","version":"(Server Core installation)"}]},{"product":"Windows 8.1","vendor":"Microsoft","versions":[{"status":"affected","version":"32-bit systems"},{"status":"affected","version":"x64-based systems"}]},{"product":"Windows Server 2016","vendor":"Microsoft","versions":[{"status":"affected","version":"(Server Core installation)"}]},{"product":"Windows Server 2008 R2","vendor":"Microsoft","versions":[{"status":"affected","version":"Itanium-Based Systems Service Pack 1"},{"status":"affected","version":"x64-based Systems Service Pack 1"},{"status":"affected","version":"x64-based Systems Service Pack 1 (Server Core installation)"}]},{"product":"Windows 10","vendor":"Microsoft","versions":[{"status":"affected","version":"32-bit Systems"},{"status":"affected","version":"Version 1607 for 32-bit Systems"},{"status":"affected","version":"Version 1607 for x64-based Systems"},{"status":"affected","version":"Version 1703 for 32-bit Systems"},{"status":"affected","version":"Version 1703 for x64-based Systems"},{"status":"affected","version":"Version 1709 for 32-bit Systems"},{"status":"affected","version":"Version 1709 for ARM64-based Systems"},{"status":"affected","version":"Version 1709 for x64-based Systems"},{"status":"affected","version":"Version 1803 for 32-bit Systems"},{"status":"affected","version":"Version 1803 for ARM64-based Systems"},{"status":"affected","version":"Version 1803 for x64-based Systems"},{"status":"affected","version":"Version 1809 for 32-bit Systems"},{"status":"affected","version":"Version 1809 for ARM64-based Systems"},{"status":"affected","version":"Version 1809 for x64-based Systems"},{"status":"affected","version":"x64-based Systems"}]},{"product":"Windows 10 Servers","vendor":"Microsoft","versions":[{"status":"affected","version":"version 1709  (Server Core Installation)"},{"status":"affected","version":"version 1803  (Server Core Installation)"}]}]	[{"name":"106082","tags":["vdb-entry","x_refsource_BID"],"url":"http://www.securityfocus.com/bid/106082"},{"tags":["x_refsource_CONFIRM"],"url":"https://portal.msrc.microsoft.com/en-US/security-guidance/advisory/CVE-2018-8611"}]	source-metadata-unreviewed
CVE-2018-8639	published	An elevation of privilege vulnerability exists in Windows when the Win32k component fails to properly handle objects in memory, aka "Win32k Elevation of Privilege Vulnerability." This affects Windows 7, Windows Server 2012 R2, Windows RT 8.1, Windows Server 2008, Windows Server 2019, Windows Server 2012, Windows 8.1, Windows Server 2016, Windows Server 2008 R2, Windows 10, Windows 10 Servers. This CVE ID is unique from CVE-2018-8641.	[{"product":"Windows 7","vendor":"Microsoft","versions":[{"status":"affected","version":"32-bit Systems Service Pack 1"},{"status":"affected","version":"x64-based Systems Service Pack 1"}]},{"product":"Windows Server 2012 R2","vendor":"Microsoft","versions":[{"status":"affected","version":"(Server Core installation)"}]},{"product":"Windows RT 8.1","vendor":"Microsoft","versions":[{"status":"affected","version":"Windows RT 8.1"}]},{"product":"Windows Server 2008","vendor":"Microsoft","versions":[{"status":"affected","version":"32-bit Systems Service Pack 2"},{"status":"affected","version":"32-bit Systems Service Pack 2 (Server Core installation)"},{"status":"affected","version":"Itanium-Based Systems Service Pack 2"},{"status":"affected","version":"x64-based Systems Service Pack 2"},{"status":"affected","version":"x64-based Systems Service Pack 2 (Server Core installation)"}]},{"product":"Windows Server 2019","vendor":"Microsoft","versions":[{"status":"affected","version":"(Server Core installation)"}]},{"product":"Windows Server 2012","vendor":"Microsoft","versions":[{"status":"affected","version":"(Server Core installation)"}]},{"product":"Windows 8.1","vendor":"Microsoft","versions":[{"status":"affected","version":"32-bit systems"},{"status":"affected","version":"x64-based systems"}]},{"product":"Windows Server 2016","vendor":"Microsoft","versions":[{"status":"affected","version":"(Server Core installation)"}]},{"product":"Windows Server 2008 R2","vendor":"Microsoft","versions":[{"status":"affected","version":"Itanium-Based Systems Service Pack 1"},{"status":"affected","version":"x64-based Systems Service Pack 1"},{"status":"affected","version":"x64-based Systems Service Pack 1 (Server Core installation)"}]},{"product":"Windows 10","vendor":"Microsoft","versions":[{"status":"affected","version":"32-bit Systems"},{"status":"affected","version":"Version 1607 for 32-bit Systems"},{"status":"affected","version":"Version 1607 for x64-based Systems"},{"status":"affected","version":"Version 1703 for 32-bit Systems"},{"status":"affected","version":"Version 1703 for x64-based Systems"},{"status":"affected","version":"Version 1709 for 32-bit Systems"},{"status":"affected","version":"Version 1709 for ARM64-based Systems"},{"status":"affected","version":"Version 1709 for x64-based Systems"},{"status":"affected","version":"Version 1803 for 32-bit Systems"},{"status":"affected","version":"Version 1803 for ARM64-based Systems"},{"status":"affected","version":"Version 1803 for x64-based Systems"},{"status":"affected","version":"Version 1809 for 32-bit Systems"},{"status":"affected","version":"Version 1809 for ARM64-based Systems"},{"status":"affected","version":"Version 1809 for x64-based Systems"},{"status":"affected","version":"x64-based Systems"}]},{"product":"Windows 10 Servers","vendor":"Microsoft","versions":[{"status":"affected","version":"version 1709  (Server Core Installation)"},{"status":"affected","version":"version 1803  (Server Core Installation)"}]}]	[{"name":"106093","tags":["vdb-entry","x_refsource_BID"],"url":"http://www.securityfocus.com/bid/106093"},{"tags":["x_refsource_CONFIRM"],"url":"https://portal.msrc.microsoft.com/en-US/security-guidance/advisory/CVE-2018-8639"}]	source-metadata-unreviewed
CVE-2019-0543	published	An elevation of privilege vulnerability exists when Windows improperly handles authentication requests, aka "Microsoft Windows Elevation of Privilege Vulnerability." This affects Windows 7, Windows Server 2012 R2, Windows RT 8.1, Windows Server 2008, Windows Server 2019, Windows Server 2012, Windows 8.1, Windows Server 2016, Windows Server 2008 R2, Windows 10, Windows 10 Servers.	[{"product":"n/a","vendor":"n/a","versions":[{"status":"affected","version":"n/a"}]}]	[{"name":"106408","tags":["vdb-entry","x_refsource_BID"],"url":"http://www.securityfocus.com/bid/106408"},{"tags":["x_refsource_CONFIRM"],"url":"https://portal.msrc.microsoft.com/en-US/security-guidance/advisory/CVE-2019-0543"},{"name":"46156","tags":["exploit","x_refsource_EXPLOIT-DB"],"url":"https://www.exploit-db.com/exploits/46156/"}]	source-metadata-unreviewed
CVE-2019-0841	published	An elevation of privilege vulnerability exists when Windows AppX Deployment Service (AppXSVC) improperly handles hard links, aka 'Windows Elevation of Privilege Vulnerability'. This CVE ID is unique from CVE-2019-0730, CVE-2019-0731, CVE-2019-0796, CVE-2019-0805, CVE-2019-0836.	[{"product":"Windows","vendor":"Microsoft","versions":[{"status":"affected","version":"10 Version 1703 for 32-bit Systems"},{"status":"affected","version":"10 Version 1703 for x64-based Systems"},{"status":"affected","version":"10 Version 1709 for 32-bit Systems"},{"status":"affected","version":"10 Version 1709 for x64-based Systems"},{"status":"affected","version":"10 Version 1803 for 32-bit Systems"},{"status":"affected","version":"10 Version 1803 for x64-based Systems"},{"status":"affected","version":"10 Version 1803 for ARM64-based Systems"},{"status":"affected","version":"10 Version 1809 for 32-bit Systems"},{"status":"affected","version":"10 Version 1809 for x64-based Systems"},{"status":"affected","version":"10 Version 1809 for ARM64-based Systems"},{"status":"affected","version":"10 Version 1709 for ARM64-based Systems"}]},{"product":"Windows Server","vendor":"Microsoft","versions":[{"status":"affected","version":"version 1709  (Core Installation)"},{"status":"affected","version":"version 1803  (Core Installation)"},{"status":"affected","version":"2019"},{"status":"affected","version":"2019  (Core installation)"}]}]	[{"tags":["x_refsource_MISC"],"url":"https://portal.msrc.microsoft.com/en-US/security-guidance/advisory/CVE-2019-0841"},{"name":"46683","tags":["exploit","x_refsource_EXPLOIT-DB"],"url":"https://www.exploit-db.com/exploits/46683/"},{"tags":["x_refsource_MISC"],"url":"http://packetstormsecurity.com/files/152463/Microsoft-Windows-AppX-Deployment-Service-Privilege-Escalation.html"},{"tags":["x_refsource_MISC"],"url":"https://www.zerodayinitiative.com/advisories/ZDI-19-360/"},{"tags":["x_refsource_MISC"],"url":"http://packetstormsecurity.com/files/153009/Internet-Explorer-JavaScript-Privilege-Escalation.html"},{"tags":["x_refsource_MISC"],"url":"http://packetstormsecurity.com/files/153114/Microsoft-Windows-AppX-Deployment-Service-Local-Privilege-Escalation.html"},{"tags":["x_refsource_MISC"],"url":"http://packetstormsecurity.com/files/153215/Microsoft-Windows-AppX-Deployment-Service-Local-Privilege-Escalation.html"},{"tags":["x_refsource_MISC"],"url":"http://packetstormsecurity.com/files/153642/AppXSvc-Hard-Link-Privilege-Escalation.html"}]	source-metadata-unreviewed
CVE-2019-0863	published	An elevation of privilege vulnerability exists in the way Windows Error Reporting (WER) handles files, aka 'Windows Error Reporting Elevation of Privilege Vulnerability'.	[{"product":"Windows","vendor":"Microsoft","versions":[{"status":"affected","version":"7 for 32-bit Systems Service Pack 1"},{"status":"affected","version":"7 for x64-based Systems Service Pack 1"},{"status":"affected","version":"8.1 for 32-bit systems"},{"status":"affected","version":"8.1 for x64-based systems"},{"status":"affected","version":"RT 8.1"},{"status":"affected","version":"10 for 32-bit Systems"},{"status":"affected","version":"10 for x64-based Systems"},{"status":"affected","version":"10 Version 1607 for 32-bit Systems"},{"status":"affected","version":"10 Version 1607 for x64-based Systems"},{"status":"affected","version":"10 Version 1703 for 32-bit Systems"},{"status":"affected","version":"10 Version 1703 for x64-based Systems"},{"status":"affected","version":"10 Version 1709 for 32-bit Systems"},{"status":"affected","version":"10 Version 1709 for x64-based Systems"},{"status":"affected","version":"10 Version 1803 for 32-bit Systems"},{"status":"affected","version":"10 Version 1803 for x64-based Systems"},{"status":"affected","version":"10 Version 1803 for ARM64-based Systems"},{"status":"affected","version":"10 Version 1809 for 32-bit Systems"},{"status":"affected","version":"10 Version 1809 for x64-based Systems"},{"status":"affected","version":"10 Version 1809 for ARM64-based Systems"},{"status":"affected","version":"10 Version 1709 for ARM64-based Systems"}]},{"product":"Windows Server","vendor":"Microsoft","versions":[{"status":"affected","version":"2008 R2 for x64-based Systems Service Pack 1 (Core installation)"},{"status":"affected","version":"2008 R2 for Itanium-Based Systems Service Pack 1"},{"status":"affected","version":"2008 R2 for x64-based Systems Service Pack 1"},{"status":"affected","version":"2012"},{"status":"affected","version":"2012 (Core installation)"},{"status":"affected","version":"2012 R2"},{"status":"affected","version":"2012 R2 (Core installation)"},{"status":"affected","version":"2016"},{"status":"affected","version":"2016  (Core installation)"},{"status":"affected","version":"version 1803  (Core Installation)"},{"status":"affected","version":"2019"},{"status":"affected","version":"2019  (Core installation)"}]},{"product":"Windows 10 Version 1903 for 32-bit Systems","vendor":"Microsoft","versions":[{"status":"affected","version":"unspecified"}]},{"product":"Windows 10 Version 1903 for x64-based Systems","vendor":"Microsoft","versions":[{"status":"affected","version":"unspecified"}]},{"product":"Windows 10 Version 1903 for ARM64-based Systems","vendor":"Microsoft","versions":[{"status":"affected","version":"unspecified"}]},{"product":"Windows Server, version 1903 (Server Core installation)","vendor":"Microsoft","versions":[{"status":"affected","version":"unspecified"}]}]	[{"tags":["x_refsource_MISC"],"url":"https://portal.msrc.microsoft.com/en-US/security-guidance/advisory/CVE-2019-0863"},{"tags":["x_refsource_MISC"],"url":"http://packetstormsecurity.com/files/153008/Angry-Polar-Bear-2-Microsoft-Windows-Error-Reporting-Local-Privilege-Escalation.html"}]	source-metadata-unreviewed
CVE-2019-0880	published	A local elevation of privilege vulnerability exists in how splwow64.exe handles certain calls, aka 'Microsoft splwow64 Elevation of Privilege Vulnerability'.	[{"product":"Windows Server","vendor":"Microsoft","versions":[{"status":"affected","version":"2012"},{"status":"affected","version":"2012 (Core installation)"},{"status":"affected","version":"2012 R2"},{"status":"affected","version":"2012 R2 (Core installation)"},{"status":"affected","version":"2016"},{"status":"affected","version":"2016  (Core installation)"},{"status":"affected","version":"version 1803  (Core Installation)"},{"status":"affected","version":"2019"},{"status":"affected","version":"2019  (Core installation)"}]},{"product":"Windows","vendor":"Microsoft","versions":[{"status":"affected","version":"8.1 for 32-bit systems"},{"status":"affected","version":"8.1 for x64-based systems"},{"status":"affected","version":"RT 8.1"},{"status":"affected","version":"10 for 32-bit Systems"},{"status":"affected","version":"10 for x64-based Systems"},{"status":"affected","version":"10 Version 1607 for 32-bit Systems"},{"status":"affected","version":"10 Version 1607 for x64-based Systems"},{"status":"affected","version":"10 Version 1703 for 32-bit Systems"},{"status":"affected","version":"10 Version 1703 for x64-based Systems"},{"status":"affected","version":"10 Version 1709 for 32-bit Systems"},{"status":"affected","version":"10 Version 1709 for x64-based Systems"},{"status":"affected","version":"10 Version 1803 for 32-bit Systems"},{"status":"affected","version":"10 Version 1803 for x64-based Systems"},{"status":"affected","version":"10 Version 1803 for ARM64-based Systems"},{"status":"affected","version":"10 Version 1809 for 32-bit Systems"},{"status":"affected","version":"10 Version 1809 for x64-based Systems"},{"status":"affected","version":"10 Version 1809 for ARM64-based Systems"},{"status":"affected","version":"10 Version 1709 for ARM64-based Systems"}]},{"product":"Windows 10 Version 1903 for 32-bit Systems","vendor":"Microsoft","versions":[{"status":"affected","version":"unspecified"}]},{"product":"Windows 10 Version 1903 for x64-based Systems","vendor":"Microsoft","versions":[{"status":"affected","version":"unspecified"}]},{"product":"Windows 10 Version 1903 for ARM64-based Systems","vendor":"Microsoft","versions":[{"status":"affected","version":"unspecified"}]},{"product":"Windows Server, version 1903 (Server Core installation)","vendor":"Microsoft","versions":[{"status":"affected","version":"unspecified"}]}]	[{"tags":["x_refsource_MISC"],"url":"https://portal.msrc.microsoft.com/en-US/security-guidance/advisory/CVE-2019-0880"}]	source-metadata-unreviewed
CVE-2019-1064	published	An elevation of privilege vulnerability exists when Windows AppX Deployment Service (AppXSVC) improperly handles hard links. An attacker who successfully exploited this vulnerability could run processes in an elevated context. An attacker could then install programs; view, change or delete data. To exploit this vulnerability, an attacker would first have to log on to the system. An attacker could then run a specially crafted application that could exploit the vulnerability and take control of an affected system. The security update addresses the vulnerability by correcting how Windows AppX Deployment Service handles hard links.	[{"vendor":"Microsoft","product":"Windows 10 Version 1703","platforms":["32-bit Systems","x64-based Systems"],"versions":[{"version":"10.0.0","lessThan":"publication","versionType":"custom","status":"affected"}]},{"vendor":"Microsoft","product":"Windows 10 Version 1803","platforms":["32-bit Systems","x64-based Systems","ARM64-based Systems"],"versions":[{"version":"10.0.0","lessThan":"publication","versionType":"custom","status":"affected"}]},{"vendor":"Microsoft","product":"Windows Server, version 1803  (Server Core Installation)","platforms":["x64-based Systems"],"versions":[{"version":"10.0.0","lessThan":"publication","versionType":"custom","status":"affected"}]},{"vendor":"Microsoft","product":"Windows 10 Version 1809","platforms":["32-bit Systems","x64-based Systems"],"versions":[{"version":"10.0.17763.0","lessThan":"publication","versionType":"custom","status":"affected"}]},{"vendor":"Microsoft","product":"Windows 10 Version 1809","platforms":["ARM64-based Systems"],"versions":[{"version":"10.0.0","lessThan":"publication","versionType":"custom","status":"affected"}]},{"vendor":"Microsoft","product":"Windows Server 2019","platforms":["x64-based Systems"],"versions":[{"version":"10.0.17763.0","lessThan":"publication","versionType":"custom","status":"affected"}]},{"vendor":"Microsoft","product":"Windows Server 2019 (Server Core installation)","platforms":["x64-based Systems"],"versions":[{"version":"10.0.17763.0","lessThan":"publication","versionType":"custom","status":"affected"}]},{"vendor":"Microsoft","product":"Windows 10 Version 1709 for 32-bit Systems","platforms":["32-bit Systems"],"versions":[{"version":"10.0.0","lessThan":"publication","versionType":"custom","status":"affected"}]},{"vendor":"Microsoft","product":"Windows 10 Version 1709","platforms":["x64-based Systems","ARM64-based Systems"],"versions":[{"version":"10.0.0","lessThan":"publication","versionType":"custom","status":"affected"}]},{"vendor":"Microsoft","product":"Windows 10 Version 1903 for 32-bit Systems","platforms":["Unknown"],"versions":[{"version":"10.0.0","lessThan":"publication","versionType":"custom","status":"affected"}]},{"vendor":"Microsoft","product":"Windows 10 Version 1903 for x64-based Systems","platforms":["Unknown"],"versions":[{"version":"10.0.0","lessThan":"publication","versionType":"custom","status":"affected"}]},{"vendor":"Microsoft","product":"Windows 10 Version 1903 for ARM64-based Systems","platforms":["Unknown"],"versions":[{"version":"10.0.0","lessThan":"publication","versionType":"custom","status":"affected"}]},{"vendor":"Microsoft","product":"Windows Server, version 1903 (Server Core installation)","platforms":["x64-based Systems"],"versions":[{"version":"10.0.0","lessThan":"publication","versionType":"custom","status":"affected"}]},{"vendor":"Microsoft","product":"Windows 10 Version 1607","platforms":["32-bit Systems","x64-based Systems"],"versions":[{"version":"10.0.14393.0","lessThan":"publication","versionType":"custom","status":"affected"}]},{"vendor":"Microsoft","product":"Windows Server 2016","platforms":["x64-based Systems"],"versions":[{"version":"10.0.14393.0","lessThan":"publication","versionType":"custom","status":"affected"}]},{"vendor":"Microsoft","product":"Windows Server 2016 (Server Core installation)","platforms":["x64-based Systems"],"versions":[{"version":"10.0.14393.0","lessThan":"publication","versionType":"custom","status":"affected"}]}]	[{"name":"Windows Elevation of Privilege Vulnerability","tags":["vendor-advisory"],"url":"https://msrc.microsoft.com/update-guide/vulnerability/CVE-2019-1064"}]	source-metadata-unreviewed
CVE-2019-1129	published	An elevation of privilege vulnerability exists when Windows AppX Deployment Service (AppXSVC) improperly handles hard links, aka 'Windows Elevation of Privilege Vulnerability'. This CVE ID is unique from CVE-2019-1130.	[{"product":"Windows","vendor":"Microsoft","versions":[{"status":"affected","version":"10 Version 1703 for 32-bit Systems"},{"status":"affected","version":"10 Version 1703 for x64-based Systems"},{"status":"affected","version":"10 Version 1709 for 32-bit Systems"},{"status":"affected","version":"10 Version 1709 for x64-based Systems"},{"status":"affected","version":"10 Version 1803 for 32-bit Systems"},{"status":"affected","version":"10 Version 1803 for x64-based Systems"},{"status":"affected","version":"10 Version 1803 for ARM64-based Systems"},{"status":"affected","version":"10 Version 1809 for 32-bit Systems"},{"status":"affected","version":"10 Version 1809 for x64-based Systems"},{"status":"affected","version":"10 Version 1809 for ARM64-based Systems"},{"status":"affected","version":"10 Version 1709 for ARM64-based Systems"}]},{"product":"Windows Server","vendor":"Microsoft","versions":[{"status":"affected","version":"version 1803  (Core Installation)"},{"status":"affected","version":"2019"},{"status":"affected","version":"2019  (Core installation)"}]},{"product":"Windows 10 Version 1903 for 32-bit Systems","vendor":"Microsoft","versions":[{"status":"affected","version":"unspecified"}]},{"product":"Windows 10 Version 1903 for x64-based Systems","vendor":"Microsoft","versions":[{"status":"affected","version":"unspecified"}]},{"product":"Windows 10 Version 1903 for ARM64-based Systems","vendor":"Microsoft","versions":[{"status":"affected","version":"unspecified"}]},{"product":"Windows Server, version 1903 (Server Core installation)","vendor":"Microsoft","versions":[{"status":"affected","version":"unspecified"}]}]	[{"tags":["x_refsource_MISC"],"url":"https://portal.msrc.microsoft.com/en-US/security-guidance/advisory/CVE-2019-1129"}]	source-metadata-unreviewed
CVE-2019-1130	published	An elevation of privilege vulnerability exists when Windows AppX Deployment Service (AppXSVC) improperly handles hard links, aka 'Windows Elevation of Privilege Vulnerability'. This CVE ID is unique from CVE-2019-1129.	[{"product":"Windows Server","vendor":"Microsoft","versions":[{"status":"affected","version":"2012"},{"status":"affected","version":"2012 (Core installation)"},{"status":"affected","version":"2012 R2"},{"status":"affected","version":"2012 R2 (Core installation)"},{"status":"affected","version":"2016"},{"status":"affected","version":"2016  (Core installation)"},{"status":"affected","version":"version 1803  (Core Installation)"},{"status":"affected","version":"2019"},{"status":"affected","version":"2019  (Core installation)"}]},{"product":"Windows","vendor":"Microsoft","versions":[{"status":"affected","version":"8.1 for x64-based systems"},{"status":"affected","version":"RT 8.1"},{"status":"affected","version":"10 for 32-bit Systems"},{"status":"affected","version":"10 for x64-based Systems"},{"status":"affected","version":"10 Version 1607 for 32-bit Systems"},{"status":"affected","version":"10 Version 1607 for x64-based Systems"},{"status":"affected","version":"10 Version 1703 for 32-bit Systems"},{"status":"affected","version":"10 Version 1703 for x64-based Systems"},{"status":"affected","version":"10 Version 1709 for 32-bit Systems"},{"status":"affected","version":"10 Version 1709 for x64-based Systems"},{"status":"affected","version":"10 Version 1803 for 32-bit Systems"},{"status":"affected","version":"10 Version 1803 for x64-based Systems"},{"status":"affected","version":"10 Version 1803 for ARM64-based Systems"},{"status":"affected","version":"10 Version 1809 for 32-bit Systems"},{"status":"affected","version":"10 Version 1809 for x64-based Systems"},{"status":"affected","version":"10 Version 1809 for ARM64-based Systems"},{"status":"affected","version":"10 Version 1709 for ARM64-based Systems"}]},{"product":"Windows 10 Version 1903 for 32-bit Systems","vendor":"Microsoft","versions":[{"status":"affected","version":"unspecified"}]},{"product":"Windows 10 Version 1903 for x64-based Systems","vendor":"Microsoft","versions":[{"status":"affected","version":"unspecified"}]},{"product":"Windows 10 Version 1903 for ARM64-based Systems","vendor":"Microsoft","versions":[{"status":"affected","version":"unspecified"}]},{"product":"Windows Server, version 1903 (Server Core installation)","vendor":"Microsoft","versions":[{"status":"affected","version":"unspecified"}]}]	[{"tags":["x_refsource_MISC"],"url":"https://portal.msrc.microsoft.com/en-US/security-guidance/advisory/CVE-2019-1130"}]	source-metadata-unreviewed
CVE-2019-1214	published	An elevation of privilege vulnerability exists when the Windows Common Log File System (CLFS) driver improperly handles objects in memory, aka 'Windows Common Log File System Driver Elevation of Privilege Vulnerability'.	[{"product":"Windows","vendor":"Microsoft","versions":[{"status":"affected","version":"7 for 32-bit Systems Service Pack 1"},{"status":"affected","version":"7 for x64-based Systems Service Pack 1"},{"status":"affected","version":"8.1 for 32-bit systems"},{"status":"affected","version":"8.1 for x64-based systems"},{"status":"affected","version":"RT 8.1"},{"status":"affected","version":"10 for 32-bit Systems"},{"status":"affected","version":"10 for x64-based Systems"},{"status":"affected","version":"10 Version 1607 for 32-bit Systems"},{"status":"affected","version":"10 Version 1607 for x64-based Systems"},{"status":"affected","version":"10 Version 1703 for 32-bit Systems"},{"status":"affected","version":"10 Version 1703 for x64-based Systems"},{"status":"affected","version":"10 Version 1709 for 32-bit Systems"},{"status":"affected","version":"10 Version 1709 for x64-based Systems"},{"status":"affected","version":"10 Version 1803 for 32-bit Systems"},{"status":"affected","version":"10 Version 1803 for x64-based Systems"},{"status":"affected","version":"10 Version 1803 for ARM64-based Systems"},{"status":"affected","version":"10 Version 1809 for 32-bit Systems"},{"status":"affected","version":"10 Version 1809 for x64-based Systems"},{"status":"affected","version":"10 Version 1809 for ARM64-based Systems"},{"status":"affected","version":"10 Version 1709 for ARM64-based Systems"}]},{"product":"Windows Server","vendor":"Microsoft","versions":[{"status":"affected","version":"2008 R2 for x64-based Systems Service Pack 1 (Core installation)"},{"status":"affected","version":"2008 R2 for Itanium-Based Systems Service Pack 1"},{"status":"affected","version":"2008 R2 for x64-based Systems Service Pack 1"},{"status":"affected","version":"2008 for 32-bit Systems Service Pack 2 (Core installation)"},{"status":"affected","version":"2012"},{"status":"affected","version":"2012 (Core installation)"},{"status":"affected","version":"2012 R2"},{"status":"affected","version":"2012 R2 (Core installation)"},{"status":"affected","version":"2016"},{"status":"affected","version":"2016  (Core installation)"},{"status":"affected","version":"version 1803  (Core Installation)"},{"status":"affected","version":"2019"},{"status":"affected","version":"2019  (Core installation)"},{"status":"affected","version":"2008 for Itanium-Based Systems Service Pack 2"},{"status":"affected","version":"2008 for 32-bit Systems Service Pack 2"},{"status":"affected","version":"2008 for x64-based Systems Service Pack 2"},{"status":"affected","version":"2008 for x64-based Systems Service Pack 2 (Core installation)"}]},{"product":"Windows 10 Version 1903 for 32-bit Systems","vendor":"Microsoft","versions":[{"status":"affected","version":"unspecified"}]},{"product":"Windows 10 Version 1903 for x64-based Systems","vendor":"Microsoft","versions":[{"status":"affected","version":"unspecified"}]},{"product":"Windows 10 Version 1903 for ARM64-based Systems","vendor":"Microsoft","versions":[{"status":"affected","version":"unspecified"}]},{"product":"Windows Server, version 1903 (Server Core installation)","vendor":"Microsoft","versions":[{"status":"affected","version":"unspecified"}]}]	[{"tags":["x_refsource_MISC"],"url":"https://portal.msrc.microsoft.com/en-US/security-guidance/advisory/CVE-2019-1214"}]	source-metadata-unreviewed
CVE-2019-1215	published	An elevation of privilege vulnerability exists in the way that ws2ifsl.sys (Winsock) handles objects in memory, aka 'Windows Elevation of Privilege Vulnerability'. This CVE ID is unique from CVE-2019-1253, CVE-2019-1278, CVE-2019-1303.	[{"product":"Windows","vendor":"Microsoft","versions":[{"status":"affected","version":"7 for 32-bit Systems Service Pack 1"},{"status":"affected","version":"7 for x64-based Systems Service Pack 1"},{"status":"affected","version":"8.1 for 32-bit systems"},{"status":"affected","version":"8.1 for x64-based systems"},{"status":"affected","version":"RT 8.1"},{"status":"affected","version":"10 for 32-bit Systems"},{"status":"affected","version":"10 for x64-based Systems"},{"status":"affected","version":"10 Version 1607 for 32-bit Systems"},{"status":"affected","version":"10 Version 1607 for x64-based Systems"},{"status":"affected","version":"10 Version 1703 for 32-bit Systems"},{"status":"affected","version":"10 Version 1703 for x64-based Systems"},{"status":"affected","version":"10 Version 1709 for 32-bit Systems"},{"status":"affected","version":"10 Version 1709 for x64-based Systems"},{"status":"affected","version":"10 Version 1803 for 32-bit Systems"},{"status":"affected","version":"10 Version 1803 for x64-based Systems"},{"status":"affected","version":"10 Version 1803 for ARM64-based Systems"},{"status":"affected","version":"10 Version 1809 for 32-bit Systems"},{"status":"affected","version":"10 Version 1809 for x64-based Systems"},{"status":"affected","version":"10 Version 1809 for ARM64-based Systems"},{"status":"affected","version":"10 Version 1709 for ARM64-based Systems"}]},{"product":"Windows Server","vendor":"Microsoft","versions":[{"status":"affected","version":"2008 R2 for x64-based Systems Service Pack 1 (Core installation)"},{"status":"affected","version":"2008 R2 for Itanium-Based Systems Service Pack 1"},{"status":"affected","version":"2008 R2 for x64-based Systems Service Pack 1"},{"status":"affected","version":"2008 for 32-bit Systems Service Pack 2 (Core installation)"},{"status":"affected","version":"2012"},{"status":"affected","version":"2012 (Core installation)"},{"status":"affected","version":"2012 R2"},{"status":"affected","version":"2012 R2 (Core installation)"},{"status":"affected","version":"2016"},{"status":"affected","version":"2016  (Core installation)"},{"status":"affected","version":"version 1803  (Core Installation)"},{"status":"affected","version":"2019"},{"status":"affected","version":"2019  (Core installation)"},{"status":"affected","version":"2008 for Itanium-Based Systems Service Pack 2"},{"status":"affected","version":"2008 for 32-bit Systems Service Pack 2"},{"status":"affected","version":"2008 for x64-based Systems Service Pack 2"},{"status":"affected","version":"2008 for x64-based Systems Service Pack 2 (Core installation)"}]},{"product":"Windows 10 Version 1903 for 32-bit Systems","vendor":"Microsoft","versions":[{"status":"affected","version":"unspecified"}]},{"product":"Windows 10 Version 1903 for x64-based Systems","vendor":"Microsoft","versions":[{"status":"affected","version":"unspecified"}]},{"product":"Windows 10 Version 1903 for ARM64-based Systems","vendor":"Microsoft","versions":[{"status":"affected","version":"unspecified"}]},{"product":"Windows Server, version 1903 (Server Core installation)","vendor":"Microsoft","versions":[{"status":"affected","version":"unspecified"}]}]	[{"tags":["x_refsource_MISC"],"url":"https://portal.msrc.microsoft.com/en-US/security-guidance/advisory/CVE-2019-1215"}]	source-metadata-unreviewed
CVE-2019-1253	published	An elevation of privilege vulnerability exists when the Windows AppX Deployment Server improperly handles junctions.To exploit this vulnerability, an attacker would first have to gain execution on the victim system, aka 'Windows Elevation of Privilege Vulnerability'. This CVE ID is unique from CVE-2019-1215, CVE-2019-1278, CVE-2019-1303.	[{"product":"Windows","vendor":"Microsoft","versions":[{"status":"affected","version":"10 Version 1703 for 32-bit Systems"},{"status":"affected","version":"10 Version 1703 for x64-based Systems"},{"status":"affected","version":"10 Version 1709 for 32-bit Systems"},{"status":"affected","version":"10 Version 1709 for x64-based Systems"},{"status":"affected","version":"10 Version 1803 for 32-bit Systems"},{"status":"affected","version":"10 Version 1803 for x64-based Systems"},{"status":"affected","version":"10 Version 1803 for ARM64-based Systems"},{"status":"affected","version":"10 Version 1809 for 32-bit Systems"},{"status":"affected","version":"10 Version 1809 for x64-based Systems"},{"status":"affected","version":"10 Version 1809 for ARM64-based Systems"},{"status":"affected","version":"10 Version 1709 for ARM64-based Systems"}]},{"product":"Windows Server","vendor":"Microsoft","versions":[{"status":"affected","version":"version 1803  (Core Installation)"},{"status":"affected","version":"2019"},{"status":"affected","version":"2019  (Core installation)"}]},{"product":"Windows 10 Version 1903 for 32-bit Systems","vendor":"Microsoft","versions":[{"status":"affected","version":"unspecified"}]},{"product":"Windows 10 Version 1903 for x64-based Systems","vendor":"Microsoft","versions":[{"status":"affected","version":"unspecified"}]},{"product":"Windows 10 Version 1903 for ARM64-based Systems","vendor":"Microsoft","versions":[{"status":"affected","version":"unspecified"}]},{"product":"Windows Server, version 1903 (Server Core installation)","vendor":"Microsoft","versions":[{"status":"affected","version":"unspecified"}]}]	[{"tags":["x_refsource_MISC"],"url":"https://portal.msrc.microsoft.com/en-US/security-guidance/advisory/CVE-2019-1253"},{"tags":["x_refsource_MISC"],"url":"http://packetstormsecurity.com/files/154488/AppXSvc-17763.1.amd64fre.rs5_release.180914-1434-Privilege-Escalation.html"}]	source-metadata-unreviewed
CVE-2019-1315	published	An elevation of privilege vulnerability exists when Windows Error Reporting manager improperly handles hard links, aka 'Windows Error Reporting Manager Elevation of Privilege Vulnerability'. This CVE ID is unique from CVE-2019-1339, CVE-2019-1342.	[{"product":"Windows","vendor":"Microsoft","versions":[{"status":"affected","version":"7 for 32-bit Systems Service Pack 1"},{"status":"affected","version":"7 for x64-based Systems Service Pack 1"},{"status":"affected","version":"8.1 for 32-bit systems"},{"status":"affected","version":"8.1 for x64-based systems"},{"status":"affected","version":"RT 8.1"},{"status":"affected","version":"10 for 32-bit Systems"},{"status":"affected","version":"10 for x64-based Systems"},{"status":"affected","version":"10 Version 1607 for 32-bit Systems"},{"status":"affected","version":"10 Version 1607 for x64-based Systems"},{"status":"affected","version":"10 Version 1703 for 32-bit Systems"},{"status":"affected","version":"10 Version 1703 for x64-based Systems"},{"status":"affected","version":"10 Version 1709 for 32-bit Systems"},{"status":"affected","version":"10 Version 1709 for x64-based Systems"},{"status":"affected","version":"10 Version 1803 for 32-bit Systems"},{"status":"affected","version":"10 Version 1803 for x64-based Systems"},{"status":"affected","version":"10 Version 1803 for ARM64-based Systems"},{"status":"affected","version":"10 Version 1809 for 32-bit Systems"},{"status":"affected","version":"10 Version 1809 for x64-based Systems"},{"status":"affected","version":"10 Version 1809 for ARM64-based Systems"},{"status":"affected","version":"10 Version 1709 for ARM64-based Systems"}]},{"product":"Windows Server","vendor":"Microsoft","versions":[{"status":"affected","version":"2008 R2 for x64-based Systems Service Pack 1 (Core installation)"},{"status":"affected","version":"2008 R2 for Itanium-Based Systems Service Pack 1"},{"status":"affected","version":"2008 R2 for x64-based Systems Service Pack 1"},{"status":"affected","version":"2008 for 32-bit Systems Service Pack 2 (Core installation)"},{"status":"affected","version":"2012"},{"status":"affected","version":"2012 (Core installation)"},{"status":"affected","version":"2012 R2"},{"status":"affected","version":"2012 R2 (Core installation)"},{"status":"affected","version":"2016"},{"status":"affected","version":"2016  (Core installation)"},{"status":"affected","version":"version 1803  (Core Installation)"},{"status":"affected","version":"2019"},{"status":"affected","version":"2019  (Core installation)"},{"status":"affected","version":"2008 for Itanium-Based Systems Service Pack 2"},{"status":"affected","version":"2008 for 32-bit Systems Service Pack 2"},{"status":"affected","version":"2008 for x64-based Systems Service Pack 2"},{"status":"affected","version":"2008 for x64-based Systems Service Pack 2 (Core installation)"}]},{"product":"Windows 10 Version 1903 for 32-bit Systems","vendor":"Microsoft","versions":[{"status":"affected","version":"unspecified"}]},{"product":"Windows 10 Version 1903 for x64-based Systems","vendor":"Microsoft","versions":[{"status":"affected","version":"unspecified"}]},{"product":"Windows 10 Version 1903 for ARM64-based Systems","vendor":"Microsoft","versions":[{"status":"affected","version":"unspecified"}]},{"product":"Windows Server, version 1903 (Server Core installation)","vendor":"Microsoft","versions":[{"status":"affected","version":"unspecified"}]}]	[{"tags":["x_refsource_MISC"],"url":"https://portal.msrc.microsoft.com/en-US/security-guidance/advisory/CVE-2019-1315"}]	source-metadata-unreviewed
CVE-2019-1322	published	An elevation of privilege vulnerability exists when Windows improperly handles authentication requests, aka 'Microsoft Windows Elevation of Privilege Vulnerability'. This CVE ID is unique from CVE-2019-1320, CVE-2019-1340.	[{"product":"Windows","vendor":"Microsoft","versions":[{"status":"affected","version":"10 Version 1803 for 32-bit Systems"},{"status":"affected","version":"10 Version 1803 for x64-based Systems"},{"status":"affected","version":"10 Version 1803 for ARM64-based Systems"},{"status":"affected","version":"10 Version 1809 for 32-bit Systems"},{"status":"affected","version":"10 Version 1809 for x64-based Systems"},{"status":"affected","version":"10 Version 1809 for ARM64-based Systems"}]},{"product":"Windows Server","vendor":"Microsoft","versions":[{"status":"affected","version":"version 1803  (Core Installation)"},{"status":"affected","version":"2019"},{"status":"affected","version":"2019  (Core installation)"}]},{"product":"Windows 10 Version 1903 for 32-bit Systems","vendor":"Microsoft","versions":[{"status":"affected","version":"unspecified"}]},{"product":"Windows 10 Version 1903 for x64-based Systems","vendor":"Microsoft","versions":[{"status":"affected","version":"unspecified"}]},{"product":"Windows 10 Version 1903 for ARM64-based Systems","vendor":"Microsoft","versions":[{"status":"affected","version":"unspecified"}]},{"product":"Windows Server, version 1903 (Server Core installation)","vendor":"Microsoft","versions":[{"status":"affected","version":"unspecified"}]}]	[{"tags":["x_refsource_MISC"],"url":"https://portal.msrc.microsoft.com/en-US/security-guidance/advisory/CVE-2019-1322"},{"tags":["x_refsource_MISC"],"url":"http://packetstormsecurity.com/files/155723/Microsoft-UPnP-Local-Privilege-Elevation.html"}]	source-metadata-unreviewed
CVE-2019-1385	published	An elevation of privilege vulnerability exists when the Windows AppX Deployment Extensions improperly performs privilege management, resulting in access to system files.To exploit this vulnerability, an authenticated attacker would need to run a specially crafted application to elevate privileges.The security update addresses the vulnerability by correcting how AppX Deployment Extensions manages privileges., aka 'Windows AppX Deployment Extensions Elevation of Privilege Vulnerability'.	[{"product":"Windows","vendor":"Microsoft","versions":[{"status":"affected","version":"10 Version 1709 for 32-bit Systems"},{"status":"affected","version":"10 Version 1709 for x64-based Systems"},{"status":"affected","version":"10 Version 1803 for 32-bit Systems"},{"status":"affected","version":"10 Version 1803 for x64-based Systems"},{"status":"affected","version":"10 Version 1803 for ARM64-based Systems"},{"status":"affected","version":"10 Version 1809 for 32-bit Systems"},{"status":"affected","version":"10 Version 1809 for x64-based Systems"},{"status":"affected","version":"10 Version 1809 for ARM64-based Systems"},{"status":"affected","version":"10 Version 1709 for ARM64-based Systems"}]},{"product":"Windows Server","vendor":"Microsoft","versions":[{"status":"affected","version":"version 1803  (Core Installation)"},{"status":"affected","version":"2019"},{"status":"affected","version":"2019  (Core installation)"}]},{"product":"Windows 10 Version 1903 for 32-bit Systems","vendor":"Microsoft","versions":[{"status":"affected","version":"unspecified"}]},{"product":"Windows 10 Version 1903 for x64-based Systems","vendor":"Microsoft","versions":[{"status":"affected","version":"unspecified"}]},{"product":"Windows 10 Version 1903 for ARM64-based Systems","vendor":"Microsoft","versions":[{"status":"affected","version":"unspecified"}]},{"product":"Windows Server, version 1903 (Server Core installation)","vendor":"Microsoft","versions":[{"status":"affected","version":"unspecified"}]}]	[{"tags":["x_refsource_MISC"],"url":"https://portal.msrc.microsoft.com/en-US/security-guidance/advisory/CVE-2019-1385"},{"tags":["x_refsource_MISC"],"url":"https://www.zerodayinitiative.com/advisories/ZDI-19-979/"}]	source-metadata-unreviewed
CVE-2019-1388	published	An elevation of privilege vulnerability exists in the Windows Certificate Dialog when it does not properly enforce user privileges, aka 'Windows Certificate Dialog Elevation of Privilege Vulnerability'.	[{"product":"Windows","vendor":"Microsoft","versions":[{"status":"affected","version":"7 for 32-bit Systems Service Pack 1"},{"status":"affected","version":"7 for x64-based Systems Service Pack 1"},{"status":"affected","version":"8.1 for 32-bit systems"},{"status":"affected","version":"8.1 for x64-based systems"},{"status":"affected","version":"RT 8.1"},{"status":"affected","version":"10 for 32-bit Systems"},{"status":"affected","version":"10 for x64-based Systems"},{"status":"affected","version":"10 Version 1607 for 32-bit Systems"},{"status":"affected","version":"10 Version 1607 for x64-based Systems"},{"status":"affected","version":"10 Version 1709 for 32-bit Systems"},{"status":"affected","version":"10 Version 1709 for x64-based Systems"},{"status":"affected","version":"10 Version 1803 for 32-bit Systems"},{"status":"affected","version":"10 Version 1803 for x64-based Systems"},{"status":"affected","version":"10 Version 1803 for ARM64-based Systems"},{"status":"affected","version":"10 Version 1809 for 32-bit Systems"},{"status":"affected","version":"10 Version 1809 for x64-based Systems"},{"status":"affected","version":"10 Version 1809 for ARM64-based Systems"},{"status":"affected","version":"10 Version 1709 for ARM64-based Systems"}]},{"product":"Windows Server","vendor":"Microsoft","versions":[{"status":"affected","version":"2008 R2 for x64-based Systems Service Pack 1 (Core installation)"},{"status":"affected","version":"2008 R2 for Itanium-Based Systems Service Pack 1"},{"status":"affected","version":"2008 R2 for x64-based Systems Service Pack 1"},{"status":"affected","version":"2008 for 32-bit Systems Service Pack 2 (Core installation)"},{"status":"affected","version":"2012"},{"status":"affected","version":"2012 (Core installation)"},{"status":"affected","version":"2012 R2"},{"status":"affected","version":"2012 R2 (Core installation)"},{"status":"affected","version":"2016"},{"status":"affected","version":"2016  (Core installation)"},{"status":"affected","version":"version 1803  (Core Installation)"},{"status":"affected","version":"2019"},{"status":"affected","version":"2019  (Core installation)"},{"status":"affected","version":"2008 for Itanium-Based Systems Service Pack 2"},{"status":"affected","version":"2008 for 32-bit Systems Service Pack 2"},{"status":"affected","version":"2008 for x64-based Systems Service Pack 2"},{"status":"affected","version":"2008 for x64-based Systems Service Pack 2 (Core installation)"}]},{"product":"Windows 10 Version 1903 for 32-bit Systems","vendor":"Microsoft","versions":[{"status":"affected","version":"unspecified"}]},{"product":"Windows 10 Version 1903 for x64-based Systems","vendor":"Microsoft","versions":[{"status":"affected","version":"unspecified"}]},{"product":"Windows 10 Version 1903 for ARM64-based Systems","vendor":"Microsoft","versions":[{"status":"affected","version":"unspecified"}]},{"product":"Windows Server, version 1903 (Server Core installation)","vendor":"Microsoft","versions":[{"status":"affected","version":"unspecified"}]}]	[{"tags":["x_refsource_MISC"],"url":"https://portal.msrc.microsoft.com/en-US/security-guidance/advisory/CVE-2019-1388"},{"tags":["x_refsource_MISC"],"url":"https://www.zerodayinitiative.com/advisories/ZDI-19-975/"}]	source-metadata-unreviewed
CVE-2019-1405	published	An elevation of privilege vulnerability exists when the Windows Universal Plug and Play (UPnP) service improperly allows COM object creation, aka 'Windows UPnP Service Elevation of Privilege Vulnerability'.	[{"product":"Windows","vendor":"Microsoft","versions":[{"status":"affected","version":"7 for 32-bit Systems Service Pack 1"},{"status":"affected","version":"7 for x64-based Systems Service Pack 1"},{"status":"affected","version":"8.1 for 32-bit systems"},{"status":"affected","version":"8.1 for x64-based systems"},{"status":"affected","version":"RT 8.1"},{"status":"affected","version":"10 for 32-bit Systems"},{"status":"affected","version":"10 for x64-based Systems"},{"status":"affected","version":"10 Version 1607 for 32-bit Systems"},{"status":"affected","version":"10 Version 1607 for x64-based Systems"},{"status":"affected","version":"10 Version 1709 for 32-bit Systems"},{"status":"affected","version":"10 Version 1709 for x64-based Systems"},{"status":"affected","version":"10 Version 1803 for 32-bit Systems"},{"status":"affected","version":"10 Version 1803 for x64-based Systems"},{"status":"affected","version":"10 Version 1803 for ARM64-based Systems"},{"status":"affected","version":"10 Version 1809 for 32-bit Systems"},{"status":"affected","version":"10 Version 1809 for x64-based Systems"},{"status":"affected","version":"10 Version 1809 for ARM64-based Systems"},{"status":"affected","version":"10 Version 1709 for ARM64-based Systems"}]},{"product":"Windows Server","vendor":"Microsoft","versions":[{"status":"affected","version":"2008 R2 for x64-based Systems Service Pack 1 (Core installation)"},{"status":"affected","version":"2008 R2 for Itanium-Based Systems Service Pack 1"},{"status":"affected","version":"2008 R2 for x64-based Systems Service Pack 1"},{"status":"affected","version":"2008 for 32-bit Systems Service Pack 2 (Core installation)"},{"status":"affected","version":"2012"},{"status":"affected","version":"2012 (Core installation)"},{"status":"affected","version":"2012 R2"},{"status":"affected","version":"2012 R2 (Core installation)"},{"status":"affected","version":"2016"},{"status":"affected","version":"2016  (Core installation)"},{"status":"affected","version":"version 1803  (Core Installation)"},{"status":"affected","version":"2019"},{"status":"affected","version":"2019  (Core installation)"},{"status":"affected","version":"2008 for Itanium-Based Systems Service Pack 2"},{"status":"affected","version":"2008 for 32-bit Systems Service Pack 2"},{"status":"affected","version":"2008 for x64-based Systems Service Pack 2"},{"status":"affected","version":"2008 for x64-based Systems Service Pack 2 (Core installation)"}]},{"product":"Windows 10 Version 1903 for 32-bit Systems","vendor":"Microsoft","versions":[{"status":"affected","version":"unspecified"}]},{"product":"Windows 10 Version 1903 for x64-based Systems","vendor":"Microsoft","versions":[{"status":"affected","version":"unspecified"}]},{"product":"Windows 10 Version 1903 for ARM64-based Systems","vendor":"Microsoft","versions":[{"status":"affected","version":"unspecified"}]},{"product":"Windows Server, version 1903 (Server Core installation)","vendor":"Microsoft","versions":[{"status":"affected","version":"unspecified"}]}]	[{"tags":["x_refsource_MISC"],"url":"https://portal.msrc.microsoft.com/en-US/security-guidance/advisory/CVE-2019-1405"},{"tags":["x_refsource_MISC"],"url":"http://packetstormsecurity.com/files/155723/Microsoft-UPnP-Local-Privilege-Elevation.html"}]	source-metadata-unreviewed
CVE-2020-0683	published	An elevation of privilege vulnerability exists in the Windows Installer when MSI packages process symbolic links, aka 'Windows Installer Elevation of Privilege Vulnerability'. This CVE ID is unique from CVE-2020-0686.	[{"product":"Windows","vendor":"Microsoft","versions":[{"status":"affected","version":"10 Version 1803 for 32-bit Systems"},{"status":"affected","version":"10 Version 1803 for x64-based Systems"},{"status":"affected","version":"10 Version 1803 for ARM64-based Systems"},{"status":"affected","version":"10 Version 1809 for 32-bit Systems"},{"status":"affected","version":"10 Version 1809 for x64-based Systems"},{"status":"affected","version":"10 Version 1809 for ARM64-based Systems"},{"status":"affected","version":"10 Version 1709 for 32-bit Systems"},{"status":"affected","version":"10 Version 1709 for x64-based Systems"},{"status":"affected","version":"10 Version 1709 for ARM64-based Systems"},{"status":"affected","version":"10 for 32-bit Systems"},{"status":"affected","version":"10 for x64-based Systems"},{"status":"affected","version":"10 Version 1607 for 32-bit Systems"},{"status":"affected","version":"10 Version 1607 for x64-based Systems"},{"status":"affected","version":"7 for 32-bit Systems Service Pack 1"},{"status":"affected","version":"7 for x64-based Systems Service Pack 1"},{"status":"affected","version":"8.1 for 32-bit systems"},{"status":"affected","version":"8.1 for x64-based systems"},{"status":"affected","version":"RT 8.1"}]},{"product":"Windows Server","vendor":"Microsoft","versions":[{"status":"affected","version":"version 1803  (Core Installation)"},{"status":"affected","version":"2019"},{"status":"affected","version":"2019  (Core installation)"},{"status":"affected","version":"2016"},{"status":"affected","version":"2016  (Core installation)"},{"status":"affected","version":"2008 for 32-bit Systems Service Pack 2"},{"status":"affected","version":"2008 for 32-bit Systems Service Pack 2 (Core installation)"},{"status":"affected","version":"2008 for Itanium-Based Systems Service Pack 2"},{"status":"affected","version":"2008 for x64-based Systems Service Pack 2"},{"status":"affected","version":"2008 for x64-based Systems Service Pack 2 (Core installation)"},{"status":"affected","version":"2008 R2 for Itanium-Based Systems Service Pack 1"},{"status":"affected","version":"2008 R2 for x64-based Systems Service Pack 1"},{"status":"affected","version":"2008 R2 for x64-based Systems Service Pack 1 (Core installation)"},{"status":"affected","version":"2012"},{"status":"affected","version":"2012 (Core installation)"},{"status":"affected","version":"2012 R2"},{"status":"affected","version":"2012 R2 (Core installation)"}]},{"product":"Windows 10 Version 1903 for 32-bit Systems","vendor":"Microsoft","versions":[{"status":"affected","version":"unspecified"}]},{"product":"Windows 10 Version 1903 for x64-based Systems","vendor":"Microsoft","versions":[{"status":"affected","version":"unspecified"}]},{"product":"Windows 10 Version 1903 for ARM64-based Systems","vendor":"Microsoft","versions":[{"status":"affected","version":"unspecified"}]},{"product":"Windows Server, version 1903 (Server Core installation)","vendor":"Microsoft","versions":[{"status":"affected","version":"unspecified"}]},{"product":"Windows 10 Version 1909 for 32-bit Systems","vendor":"Microsoft","versions":[{"status":"affected","version":"unspecified"}]},{"product":"Windows 10 Version 1909 for x64-based Systems","vendor":"Microsoft","versions":[{"status":"affected","version":"unspecified"}]},{"product":"Windows 10 Version 1909 for ARM64-based Systems","vendor":"Microsoft","versions":[{"status":"affected","version":"unspecified"}]},{"product":"Windows Server, version 1909 (Server Core installation)","vendor":"Microsoft","versions":[{"status":"affected","version":"unspecified"}]}]	[{"tags":["x_refsource_MISC"],"url":"https://portal.msrc.microsoft.com/en-US/security-guidance/advisory/CVE-2020-0683"}]	source-metadata-unreviewed
CVE-2020-0986	published	An elevation of privilege vulnerability exists when the Windows kernel fails to properly handle objects in memory, aka 'Windows Kernel Elevation of Privilege Vulnerability'. This CVE ID is unique from CVE-2020-1237, CVE-2020-1246, CVE-2020-1262, CVE-2020-1264, CVE-2020-1266, CVE-2020-1269, CVE-2020-1273, CVE-2020-1274, CVE-2020-1275, CVE-2020-1276, CVE-2020-1307, CVE-2020-1316.	[{"product":"Windows","vendor":"Microsoft","versions":[{"status":"affected","version":"10 Version 1803 for 32-bit Systems"},{"status":"affected","version":"10 Version 1803 for x64-based Systems"},{"status":"affected","version":"10 Version 1803 for ARM64-based Systems"},{"status":"affected","version":"10 Version 1809 for 32-bit Systems"},{"status":"affected","version":"10 Version 1809 for x64-based Systems"},{"status":"affected","version":"10 Version 1809 for ARM64-based Systems"},{"status":"affected","version":"10 Version 1709 for 32-bit Systems"},{"status":"affected","version":"10 Version 1709 for x64-based Systems"},{"status":"affected","version":"10 Version 1709 for ARM64-based Systems"},{"status":"affected","version":"10 for 32-bit Systems"},{"status":"affected","version":"10 for x64-based Systems"},{"status":"affected","version":"10 Version 1607 for 32-bit Systems"},{"status":"affected","version":"10 Version 1607 for x64-based Systems"},{"status":"affected","version":"8.1 for 32-bit systems"},{"status":"affected","version":"8.1 for x64-based systems"},{"status":"affected","version":"RT 8.1"}]},{"product":"Windows Server","vendor":"Microsoft","versions":[{"status":"affected","version":"version 1803  (Core Installation)"},{"status":"affected","version":"2019"},{"status":"affected","version":"2019  (Core installation)"},{"status":"affected","version":"2016"},{"status":"affected","version":"2016  (Core installation)"},{"status":"affected","version":"2012"},{"status":"affected","version":"2012 (Core installation)"},{"status":"affected","version":"2012 R2"},{"status":"affected","version":"2012 R2 (Core installation)"}]},{"product":"Windows 10 Version 1909 for 32-bit Systems","vendor":"Microsoft","versions":[{"status":"affected","version":"unspecified"}]},{"product":"Windows 10 Version 1909 for x64-based Systems","vendor":"Microsoft","versions":[{"status":"affected","version":"unspecified"}]},{"product":"Windows 10 Version 1909 for ARM64-based Systems","vendor":"Microsoft","versions":[{"status":"affected","version":"unspecified"}]},{"product":"Windows Server, version 1909 (Server Core installation)","vendor":"Microsoft","versions":[{"status":"affected","version":"unspecified"}]},{"product":"Windows 10 Version 1903 for 32-bit Systems","vendor":"Microsoft","versions":[{"status":"affected","version":"unspecified"}]},{"product":"Windows 10 Version 1903 for x64-based Systems","vendor":"Microsoft","versions":[{"status":"affected","version":"unspecified"}]},{"product":"Windows 10 Version 1903 for ARM64-based Systems","vendor":"Microsoft","versions":[{"status":"affected","version":"unspecified"}]},{"product":"Windows Server, version 1903 (Server Core installation)","vendor":"Microsoft","versions":[{"status":"affected","version":"unspecified"}]},{"product":"Windows 10 Version 2004 for 32-bit Systems","vendor":"Microsoft","versions":[{"status":"affected","version":"unspecified"}]},{"product":"Windows Server, version 2004 (Server Core installation)","vendor":"Microsoft","versions":[{"status":"affected","version":"unspecified"}]},{"product":"Windows 10 Version 2004 for ARM64-based Systems","vendor":"Microsoft","versions":[{"status":"affected","version":"unspecified"}]},{"product":"Windows 10 Version 2004 for x64-based Systems","vendor":"Microsoft","versions":[{"status":"affected","version":"unspecified"}]}]	[{"tags":["x_refsource_MISC"],"url":"https://portal.msrc.microsoft.com/en-US/security-guidance/advisory/CVE-2020-0986"},{"tags":["x_refsource_MISC"],"url":"http://packetstormsecurity.com/files/160698/Microsoft-Windows-splWOW64-Privilege-Escalation.html"}]	source-metadata-unreviewed
CVE-2020-1027	published	An elevation of privilege vulnerability exists in the way that the Windows Kernel handles objects in memory, aka 'Windows Kernel Elevation of Privilege Vulnerability'. This CVE ID is unique from CVE-2020-0913, CVE-2020-1000, CVE-2020-1003.	[{"product":"Windows","vendor":"Microsoft","versions":[{"status":"affected","version":"10 Version 1803 for 32-bit Systems"},{"status":"affected","version":"10 Version 1803 for x64-based Systems"},{"status":"affected","version":"10 Version 1803 for ARM64-based Systems"},{"status":"affected","version":"10 Version 1809 for 32-bit Systems"},{"status":"affected","version":"10 Version 1809 for x64-based Systems"},{"status":"affected","version":"10 Version 1809 for ARM64-based Systems"},{"status":"affected","version":"10 Version 1709 for 32-bit Systems"},{"status":"affected","version":"10 Version 1709 for x64-based Systems"},{"status":"affected","version":"10 Version 1709 for ARM64-based Systems"},{"status":"affected","version":"10 for 32-bit Systems"},{"status":"affected","version":"10 for x64-based Systems"},{"status":"affected","version":"10 Version 1607 for 32-bit Systems"},{"status":"affected","version":"10 Version 1607 for x64-based Systems"},{"status":"affected","version":"7 for 32-bit Systems Service Pack 1"},{"status":"affected","version":"7 for x64-based Systems Service Pack 1"},{"status":"affected","version":"8.1 for 32-bit systems"},{"status":"affected","version":"8.1 for x64-based systems"},{"status":"affected","version":"RT 8.1"}]},{"product":"Windows Server","vendor":"Microsoft","versions":[{"status":"affected","version":"version 1803  (Core Installation)"},{"status":"affected","version":"2019"},{"status":"affected","version":"2019  (Core installation)"},{"status":"affected","version":"2016"},{"status":"affected","version":"2016  (Core installation)"},{"status":"affected","version":"2008 for 32-bit Systems Service Pack 2"},{"status":"affected","version":"2008 for 32-bit Systems Service Pack 2 (Core installation)"},{"status":"affected","version":"2008 for Itanium-Based Systems Service Pack 2"},{"status":"affected","version":"2008 for x64-based Systems Service Pack 2"},{"status":"affected","version":"2008 for x64-based Systems Service Pack 2 (Core installation)"},{"status":"affected","version":"2008 R2 for Itanium-Based Systems Service Pack 1"},{"status":"affected","version":"2008 R2 for x64-based Systems Service Pack 1"},{"status":"affected","version":"2008 R2 for x64-based Systems Service Pack 1 (Core installation)"},{"status":"affected","version":"2012"},{"status":"affected","version":"2012 (Core installation)"},{"status":"affected","version":"2012 R2"},{"status":"affected","version":"2012 R2 (Core installation)"}]},{"product":"Windows 10 Version 1909 for 32-bit Systems","vendor":"Microsoft","versions":[{"status":"affected","version":"unspecified"}]},{"product":"Windows 10 Version 1909 for x64-based Systems","vendor":"Microsoft","versions":[{"status":"affected","version":"unspecified"}]},{"product":"Windows 10 Version 1909 for ARM64-based Systems","vendor":"Microsoft","versions":[{"status":"affected","version":"unspecified"}]},{"product":"Windows Server, version 1909 (Server Core installation)","vendor":"Microsoft","versions":[{"status":"affected","version":"unspecified"}]},{"product":"Windows 10 Version 1903 for 32-bit Systems","vendor":"Microsoft","versions":[{"status":"affected","version":"unspecified"}]},{"product":"Windows 10 Version 1903 for x64-based Systems","vendor":"Microsoft","versions":[{"status":"affected","version":"unspecified"}]},{"product":"Windows 10 Version 1903 for ARM64-based Systems","vendor":"Microsoft","versions":[{"status":"affected","version":"unspecified"}]},{"product":"Windows Server, version 1903 (Server Core installation)","vendor":"Microsoft","versions":[{"status":"affected","version":"unspecified"}]}]	[{"tags":["x_refsource_MISC"],"url":"https://portal.msrc.microsoft.com/en-US/security-guidance/advisory/CVE-2020-1027"},{"tags":["x_refsource_MISC"],"url":"http://packetstormsecurity.com/files/168068/Windows-sxs-CNodeFactory-XMLParser_Element_doc_assembly_assemblyIdentity-Heap-Buffer-Overflow.html"}]	source-metadata-unreviewed
CVE-2020-17087	published	Windows Kernel Local Elevation of Privilege Vulnerability	[{"vendor":"Microsoft","product":"Windows 10 Version 1803","cpes":["cpe:2.3:o:microsoft:windows_10_1809:*:*:*:*:*:*:x64:*","cpe:2.3:o:microsoft:windows_10_1803:*:*:*:*:*:*:x64:*","cpe:2.3:o:microsoft:windows_10_1803:*:*:*:*:*:*:arm64:*"],"platforms":["32-bit Systems","x64-based Systems","ARM64-based Systems"],"versions":[{"version":"10.0.0","lessThan":"publication","versionType":"custom","status":"affected"}]},{"vendor":"Microsoft","product":"Windows 10 Version 1809","cpes":["cpe:2.3:o:microsoft:windows_10_1809:*:*:*:*:*:*:x86:*","cpe:2.3:o:microsoft:windows_10_1809:*:*:*:*:*:*:x64:*","cpe:2.3:o:microsoft:windows_10_1809:*:*:*:*:*:*:arm64:*"],"platforms":["32-bit Systems","x64-based Systems","ARM64-based Systems"],"versions":[{"version":"10.0.0","lessThan":"publication","versionType":"custom","status":"affected"}]},{"vendor":"Microsoft","product":"Windows Server 2019","cpes":["cpe:2.3:o:microsoft:windows_server_2019:*:*:*:*:*:*:*:*"],"platforms":["x64-based Systems"],"versions":[{"version":"10.0.0","lessThan":"publication","versionType":"custom","status":"affected"}]},{"vendor":"Microsoft","product":"Windows Server 2019 (Server Core installation)","cpes":["cpe:2.3:o:microsoft:windows_server_2019:*:*:*:*:*:*:*:*"],"platforms":["x64-based Systems"],"versions":[{"version":"10.0.0","lessThan":"publication","versionType":"custom","status":"affected"}]},{"vendor":"Microsoft","product":"Windows 10 Version 1909","cpes":["cpe:2.3:o:microsoft:windows_10_1909:*:*:*:*:*:*:x86:*","cpe:2.3:o:microsoft:windows_10_1909:*:*:*:*:*:*:x64:*","cpe:2.3:o:microsoft:windows_10_1809:*:*:*:*:*:*:x64:*"],"platforms":["32-bit Systems","x64-based Systems","ARM64-based Systems"],"versions":[{"version":"10.0.0","lessThan":"publication","versionType":"custom","status":"affected"}]},{"vendor":"Microsoft","product":"Windows Server, version 1909 (Server Core installation)","cpes":["cpe:2.3:o:microsoft:windows_server_1909:*:*:*:*:*:*:*:*"],"platforms":["x64-based Systems"],"versions":[{"version":"10.0.0","lessThan":"publication","versionType":"custom","status":"affected"}]},{"vendor":"Microsoft","product":"Windows 10 Version 1903 for 32-bit Systems","cpes":["cpe:2.3:o:microsoft:windows_10:1903:*:*:*:*:*:*:*"],"platforms":["Unknown"],"versions":[{"version":"10.0.0","lessThan":"publication","versionType":"custom","status":"affected"}]},{"vendor":"Microsoft","product":"Windows 10 Version 1903 for x64-based Systems","cpes":["cpe:2.3:o:microsoft:windows_10:1903:*:*:*:*:*:*:*"],"platforms":["Unknown"],"versions":[{"version":"10.0.0","lessThan":"publication","versionType":"custom","status":"affected"}]},{"vendor":"Microsoft","product":"Windows 10 Version 1903 for ARM64-based Systems","cpes":["cpe:2.3:o:microsoft:windows_10:1903:*:*:*:*:*:*:*"],"platforms":["Unknown"],"versions":[{"version":"10.0.0","lessThan":"publication","versionType":"custom","status":"affected"}]},{"vendor":"Microsoft","product":"Windows Server, version 1903 (Server Core installation)","cpes":["cpe:2.3:o:microsoft:windows_server_1903:*:*:*:*:*:*:*:*"],"platforms":["x64-based Systems"],"versions":[{"version":"10.0.0","lessThan":"publication","versionType":"custom","status":"affected"}]},{"vendor":"Microsoft","product":"Windows 10 Version 2004","cpes":["cpe:2.3:o:microsoft:windows_10_1809:*:*:*:*:*:*:x64:*"],"platforms":["32-bit Systems","ARM64-based Systems","x64-based Systems"],"versions":[{"version":"10.0.0","lessThan":"publication","versionType":"custom","status":"affected"}]},{"vendor":"Microsoft","product":"Windows Server version 2004","cpes":["cpe:2.3:o:microsoft:windows_server_2004:*:*:*:*:*:*:*:*"],"platforms":["x64-based Systems"],"versions":[{"version":"10.0.0","lessThan":"publication","versionType":"custom","status":"affected"}]},{"vendor":"Microsoft","product":"Windows 10 Version 20H2","cpes":["cpe:2.3:o:microsoft:windows_10_20H2:*:*:*:*:*:*:x86:*","cpe:2.3:o:microsoft:windows_10_20H2:*:*:*:*:*:*:arm64:*"],"platforms":["32-bit Systems","ARM64-based Systems"],"versions":[{"version":"10.0.0","lessThan":"publication","versionType":"custom","status":"affected"}]},{"vendor":"Microsoft","product":"Windows Server version 20H2","cpes":["cpe:2.3:o:microsoft:windows_server_20H2:*:*:*:*:*:*:*:*"],"platforms":["x64-based Systems"],"versions":[{"version":"10.0.0","lessThan":"publication","versionType":"custom","status":"affected"}]},{"vendor":"Microsoft","product":"Windows 10 Version 1507","cpes":["cpe:2.3:o:microsoft:windows_10_1507:*:*:*:*:*:*:x86:*","cpe:2.3:o:microsoft:windows_10_1507:*:*:*:*:*:*:x64:*"],"platforms":["32-bit Systems","x64-based Systems"],"versions":[{"version":"10.0.0","lessThan":"publication","versionType":"custom","status":"affected"}]},{"vendor":"Microsoft","product":"Windows 10 Version 1607","cpes":["cpe:2.3:o:microsoft:windows_10_1607:*:*:*:*:*:*:x86:*","cpe:2.3:o:microsoft:windows_10_1607:*:*:*:*:*:*:x64:*"],"platforms":["32-bit Systems","x64-based Systems"],"versions":[{"version":"10.0.0","lessThan":"publication","versionType":"custom","status":"affected"}]},{"vendor":"Microsoft","product":"Windows Server 2016","cpes":["cpe:2.3:o:microsoft:windows_server_2016:*:*:*:*:*:*:*:*"],"platforms":["x64-based Systems"],"versions":[{"version":"10.0.0","lessThan":"publication","versionType":"custom","status":"affected"}]},{"vendor":"Microsoft","product":"Windows Server 2016 (Server Core installation)","cpes":["cpe:2.3:o:microsoft:windows_server_2016:*:*:*:*:*:*:*:*"],"platforms":["x64-based Systems"],"versions":[{"version":"10.0.0","lessThan":"publication","versionType":"custom","status":"affected"}]},{"vendor":"Microsoft","product":"Windows 7","cpes":["cpe:2.3:o:microsoft:windows_7:*:sp1:*:*:*:*:x86:*"],"platforms":["32-bit Systems"],"versions":[{"version":"6.1.0","lessThan":"publication","versionType":"custom","status":"affected"}]},{"vendor":"Microsoft","product":"Windows 7 Service Pack 1","cpes":["cpe:2.3:o:microsoft:windows_7:*:sp1:*:*:*:*:x64:*"],"platforms":["x64-based Systems"],"versions":[{"version":"6.1.0","lessThan":"publication","versionType":"custom","status":"affected"}]},{"vendor":"Microsoft","product":"Windows 8.1","cpes":["cpe:2.3:o:microsoft:windows_8.1:*:*:*:*:*:*:x86:*","cpe:2.3:o:microsoft:windows_8.1:*:*:*:*:*:*:x64:*","cpe:2.3:o:microsoft:windows_rt_8.1:*:*:*:*:*:*:*:*"],"platforms":["32-bit Systems","x64-based Systems","ARM64-based Systems"],"versions":[{"version":"6.3.0","lessThan":"publication","versionType":"custom","status":"affected"}]},{"vendor":"Microsoft","product":"Windows Server 2008 Service Pack 2","cpes":["cpe:2.3:o:microsoft:windows_server_2008_sp2:*:*:*:*:*:*:x64:*"],"platforms":["32-bit Systems"],"versions":[{"version":"6.0.0","lessThan":"publication","versionType":"custom","status":"affected"}]},{"vendor":"Microsoft","product":"Windows Server 2008 Service Pack 2 (Server Core installation)","cpes":["cpe:2.3:o:microsoft:windows_server_2008_sp2:*:*:*:*:*:*:x64:*","cpe:2.3:o:microsoft:windows_server_2008_sp2:*:*:*:*:*:*:x86:*"],"platforms":["32-bit Systems","x64-based Systems"],"versions":[{"version":"6.0.0","lessThan":"publication","versionType":"custom","status":"affected"}]},{"vendor":"Microsoft","product":"Windows Server 2008  Service Pack 2","cpes":["cpe:2.3:o:microsoft:windows_server_2008_sp2:*:*:*:*:*:*:x86:*"],"platforms":["x64-based Systems"],"versions":[{"version":"6.0.0","lessThan":"publication","versionType":"custom","status":"affected"}]},{"vendor":"Microsoft","product":"Windows Server 2008 R2 Service Pack 1","cpes":["cpe:2.3:o:microsoft:windows_server_2008_R2:*:*:*:*:*:*:x64:*"],"platforms":["x64-based Systems"],"versions":[{"version":"6.1.0","lessThan":"publication","versionType":"custom","status":"affected"}]},{"vendor":"Microsoft","product":"Windows Server 2008 R2 Service Pack 1 (Server Core installation)","cpes":["cpe:2.3:o:microsoft:windows_server_2008_R2:*:*:*:*:*:*:x64:*"],"platforms":["x64-based Systems"],"versions":[{"version":"6.0.0","lessThan":"publication","versionType":"custom","status":"affected"}]},{"vendor":"Microsoft","product":"Windows Server 2012","cpes":["cpe:2.3:o:microsoft:windows_server_2012:*:*:*:*:*:*:x64:*"],"platforms":["x64-based Systems"],"versions":[{"version":"6.2.0","lessThan":"publication","versionType":"custom","status":"affected"}]},{"vendor":"Microsoft","product":"Windows Server 2012 (Server Core installation)","cpes":["cpe:2.3:o:microsoft:windows_server_2012:*:*:*:*:*:*:x64:*"],"platforms":["x64-based Systems"],"versions":[{"version":"6.2.0","lessThan":"publication","versionType":"custom","status":"affected"}]},{"vendor":"Microsoft","product":"Windows Server 2012 R2","cpes":["cpe:2.3:o:microsoft:windows_server_2012_R2:*:*:*:*:*:*:x64:*"],"platforms":["x64-based Systems"],"versions":[{"version":"6.3.0","lessThan":"publication","versionType":"custom","status":"affected"}]},{"vendor":"Microsoft","product":"Windows Server 2012 R2 (Server Core installation)","cpes":["cpe:2.3:o:microsoft:windows_server_2012_R2:*:*:*:*:*:*:x64:*"],"platforms":["x64-based Systems"],"versions":[{"version":"6.3.0","lessThan":"publication","versionType":"custom","status":"affected"}]}]	[{"tags":["x_refsource_MISC"],"url":"https://portal.msrc.microsoft.com/en-US/security-guidance/advisory/CVE-2020-17087"}]	source-metadata-unreviewed
CVE-2021-22600	published	A double free bug in packet_set_ring() in net/packet/af_packet.c can be exploited by a local user through crafted syscalls to escalate privileges or deny service. We recommend upgrading kernel past the effected versions or rebuilding past ec6af094ea28f0f2dda1a6a33b14cd57e36a9755	[{"vendor":"Linux Kernel","product":"Kernel","versions":[{"version":"unspecified","lessThan":"5.4.168","status":"affected","versionType":"custom"},{"version":"unspecified","lessThan":"5.10.88","status":"affected","versionType":"custom"},{"version":"unspecified","lessThan":"5.15.11","status":"affected","versionType":"custom"},{"version":"unspecified","lessThan":"5.16-rc6","status":"affected","versionType":"custom"}]}]	[{"url":"https://git.kernel.org/pub/scm/linux/kernel/git/torvalds/linux.git/commit?id=ec6af094ea28f0f2dda1a6a33b14cd57e36a9755"},{"name":"[debian-lts-announce] 20220309 [SECURITY] [DLA 2941-1] linux-4.19 security update","tags":["mailing-list"],"url":"https://lists.debian.org/debian-lts-announce/2022/03/msg00012.html"},{"name":"DSA-5096","tags":["vendor-advisory"],"url":"https://www.debian.org/security/2022/dsa-5096"},{"url":"https://security.netapp.com/advisory/ntap-20230110-0002/"}]	source-metadata-unreviewed
CVE-2021-3156	published	Sudo before 1.9.5p2 contains an off-by-one error that can result in a heap-based buffer overflow, which allows privilege escalation to root via "sudoedit -s" and a command-line argument that ends with a single backslash character.	[{"vendor":"n/a","product":"n/a","versions":[{"version":"n/a","status":"affected"}]}]	[{"name":"[debian-lts-announce] 20210126 [SECURITY] [DLA 2534-1] sudo security update","tags":["mailing-list"],"url":"https://lists.debian.org/debian-lts-announce/2021/01/msg00022.html"},{"name":"20210126 Baron Samedit: Heap-based buffer overflow in Sudo (CVE-2021-3156)","tags":["mailing-list"],"url":"http://seclists.org/fulldisclosure/2021/Jan/79"},{"name":"[oss-security] 20210126 Baron Samedit: Heap-based buffer overflow in Sudo (CVE-2021-3156)","tags":["mailing-list"],"url":"http://www.openwall.com/lists/oss-security/2021/01/26/3"},{"name":"GLSA-202101-33","tags":["vendor-advisory"],"url":"https://security.gentoo.org/glsa/202101-33"},{"name":"DSA-4839","tags":["vendor-advisory"],"url":"https://www.debian.org/security/2021/dsa-4839"},{"name":"FEDORA-2021-2cb63d912a","tags":["vendor-advisory"],"url":"https://lists.fedoraproject.org/archives/list/package-announce%40lists.fedoraproject.org/message/LHXK6ICO5AYLGFK2TAX5MZKUXTUKWOJY/"},{"name":"FEDORA-2021-8840cbdccd","tags":["vendor-advisory"],"url":"https://lists.fedoraproject.org/archives/list/package-announce%40lists.fedoraproject.org/message/CALA5FTXIQBRRYUA2ZQNJXB6OQMAXEII/"},{"name":"[oss-security] 20210127 Re: Baron Samedit: Heap-based buffer overflow in Sudo (CVE-2021-3156)","tags":["mailing-list"],"url":"http://www.openwall.com/lists/oss-security/2021/01/27/1"},{"name":"[oss-security] 20210127 Re: Baron Samedit: Heap-based buffer overflow in Sudo (CVE-2021-3156)","tags":["mailing-list"],"url":"http://www.openwall.com/lists/oss-security/2021/01/27/2"},{"name":"20210129 Sudo Privilege Escalation Vulnerability Affecting Cisco Products: January 2021","tags":["vendor-advisory"],"url":"https://tools.cisco.com/security/center/content/CiscoSecurityAdvisory/cisco-sa-sudo-privesc-jan2021-qnYQfcM"},{"name":"VU#794544","tags":["third-party-advisory"],"url":"https://www.kb.cert.org/vuls/id/794544"},{"name":"20210211 APPLE-SA-2021-02-09-1 macOS Big Sur 11.2.1, macOS Catalina 10.15.7 Supplemental Update, and macOS Mojave 10.14.6 Security Update 2021-002","tags":["mailing-list"],"url":"http://seclists.org/fulldisclosure/2021/Feb/42"},{"name":"[oss-security] 20210215 Re: sudo: Ineffective NO_ROOT_MAILER and Baron Samedit","tags":["mailing-list"],"url":"http://www.openwall.com/lists/oss-security/2021/02/15/1"},{"url":"https://www.oracle.com//security-alerts/cpujul2021.html"},{"url":"https://www.sudo.ws/stable.html#1.9.5p2"},{"url":"https://www.openwall.com/lists/oss-security/2021/01/26/3"},{"url":"http://packetstormsecurity.com/files/161160/Sudo-Heap-Based-Buffer-Overflow.html"},{"url":"https://security.netapp.com/advisory/ntap-20210128-0002/"},{"url":"https://security.netapp.com/advisory/ntap-20210128-0001/"},{"url":"http://packetstormsecurity.com/files/161230/Sudo-Buffer-Overflow-Privilege-Escalation.html"},{"url":"http://packetstormsecurity.com/files/161270/Sudo-1.9.5p1-Buffer-Overflow-Privilege-Escalation.html"},{"url":"http://packetstormsecurity.com/files/161293/Sudo-1.8.31p2-1.9.5p1-Buffer-Overflow.html"},{"url":"https://support.apple.com/kb/HT212177"},{"url":"https://kc.mcafee.com/corporate/index?page=content&id=SB10348"},{"url":"https://www.beyondtrust.com/blog/entry/security-advisory-privilege-management-for-unix-linux-pmul-basic-and-privilege-management-for-mac-pmm-affected-by-sudo-vulnerability"},{"url":"https://www.synology.com/security/advisory/Synology_SA_21_02"},{"name":"[oss-security] 20210914 Re: Oracle Solaris membership in the distros list","tags":["mailing-list"],"url":"http://www.openwall.com/lists/oss-security/2021/09/14/2"},{"url":"https://www.oracle.com/security-alerts/cpuoct2021.html"},{"url":"https://www.oracle.com/security-alerts/cpuapr2022.html"},{"name":"[oss-security] 20240130 Re: CVE-2023-6246: Heap-based buffer overflow in the glibc's syslog()","tags":["mailing-list"],"url":"http://www.openwall.com/lists/oss-security/2024/01/30/8"},{"name":"[oss-security] 20240130 CVE-2023-6246: Heap-based buffer overflow in the glibc's syslog()","tags":["mailing-list"],"url":"http://www.openwall.com/lists/oss-security/2024/01/30/6"},{"url":"http://packetstormsecurity.com/files/176932/glibc-syslog-Heap-Based-Buffer-Overflow.html"},{"name":"20240204 CVE-2023-6246: Heap-based buffer overflow in the glibc's syslog()","tags":["mailing-list"],"url":"http://seclists.org/fulldisclosure/2024/Feb/3"},{"url":"https://www.vicarius.io/vsociety/posts/sudoedit-pwned-cve-2021-3156"}]	source-metadata-unreviewed
CVE-2021-31956	published	Windows NTFS Elevation of Privilege Vulnerability	[{"vendor":"Microsoft","product":"Windows 10 Version 1809","cpes":["cpe:2.3:o:microsoft:windows_10_1809:10.0.17763.1999:*:*:*:*:*:x86:*","cpe:2.3:o:microsoft:windows_10_1809:10.0.17763.1999:*:*:*:*:*:x64:*","cpe:2.3:o:microsoft:windows_10_1809:10.0.17763.1999:*:*:*:*:*:arm64:*"],"platforms":["32-bit Systems","x64-based Systems","ARM64-based Systems"],"versions":[{"version":"10.0.0","lessThan":"10.0.17763.1999","versionType":"custom","status":"affected"}]},{"vendor":"Microsoft","product":"Windows Server 2019","cpes":["cpe:2.3:o:microsoft:windows_server_2019:10.0.17763.1999:*:*:*:*:*:*:*"],"platforms":["x64-based Systems"],"versions":[{"version":"10.0.0","lessThan":"10.0.17763.1999","versionType":"custom","status":"affected"}]},{"vendor":"Microsoft","product":"Windows Server 2019 (Server Core installation)","cpes":["cpe:2.3:o:microsoft:windows_server_2019:10.0.17763.1999:*:*:*:*:*:*:*"],"platforms":["x64-based Systems"],"versions":[{"version":"10.0.0","lessThan":"10.0.17763.1999","versionType":"custom","status":"affected"}]},{"vendor":"Microsoft","product":"Windows 10 Version 1909","cpes":["cpe:2.3:o:microsoft:windows_10_1909:10.0.18363.1621:*:*:*:*:*:x86:*","cpe:2.3:o:microsoft:windows_10_1909:10.0.18363.1621:*:*:*:*:*:x64:*","cpe:2.3:o:microsoft:windows_10_1809:10.0.18363.1621:*:*:*:*:*:x64:*"],"platforms":["32-bit Systems","x64-based Systems","ARM64-based Systems"],"versions":[{"version":"10.0.0","lessThan":"10.0.18363.1621","versionType":"custom","status":"affected"}]},{"vendor":"Microsoft","product":"Windows 10 Version 21H1","cpes":["cpe:2.3:o:microsoft:windows_10_21H1:10.0.19043.1052:*:*:*:*:*:x64:*","cpe:2.3:o:microsoft:windows_10_21H1:10.0.19043.1052:*:*:*:*:*:arm64:*","cpe:2.3:o:microsoft:windows_10_21H1:10.0.19043.1052:*:*:*:*:*:x86:*"],"platforms":["x64-based Systems","ARM64-based Systems","32-bit Systems"],"versions":[{"version":"10.0.0","lessThan":"10.0.19043.1052","versionType":"custom","status":"affected"}]},{"vendor":"Microsoft","product":"Windows 10 Version 2004","cpes":["cpe:2.3:o:microsoft:windows_10_1809:10.0.19041.1052:*:*:*:*:*:x64:*"],"platforms":["32-bit Systems","ARM64-based Systems","x64-based Systems"],"versions":[{"version":"10.0.0","lessThan":"10.0.19041.1052","versionType":"custom","status":"affected"}]},{"vendor":"Microsoft","product":"Windows Server version 2004","cpes":["cpe:2.3:o:microsoft:windows_server_2004:10.0.19041.1052:*:*:*:*:*:*:*"],"platforms":["x64-based Systems"],"versions":[{"version":"10.0.0","lessThan":"10.0.19041.1052","versionType":"custom","status":"affected"}]},{"vendor":"Microsoft","product":"Windows 10 Version 20H2","cpes":["cpe:2.3:o:microsoft:windows_10_20H2:10.0.19042.1052:*:*:*:*:*:x86:*","cpe:2.3:o:microsoft:windows_10_20H2:10.0.19042.1052:*:*:*:*:*:arm64:*"],"platforms":["32-bit Systems","ARM64-based Systems"],"versions":[{"version":"10.0.0","lessThan":"10.0.19042.1052","versionType":"custom","status":"affected"}]},{"vendor":"Microsoft","product":"Windows Server version 20H2","cpes":["cpe:2.3:o:microsoft:windows_server_20H2:10.0.19042.1052:*:*:*:*:*:*:*"],"platforms":["x64-based Systems"],"versions":[{"version":"10.0.0","lessThan":"10.0.19042.1052","versionType":"custom","status":"affected"}]},{"vendor":"Microsoft","product":"Windows 10 Version 1507","cpes":["cpe:2.3:o:microsoft:windows_10_1507:10.0.10240.18967:*:*:*:*:*:x86:*","cpe:2.3:o:microsoft:windows_10_1507:10.0.10240.18967:*:*:*:*:*:x64:*"],"platforms":["32-bit Systems","x64-based Systems"],"versions":[{"version":"10.0.0","lessThan":"10.0.10240.18967","versionType":"custom","status":"affected"}]},{"vendor":"Microsoft","product":"Windows 10 Version 1607","cpes":["cpe:2.3:o:microsoft:windows_10_1607:10.0.14393.4467:*:*:*:*:*:x86:*","cpe:2.3:o:microsoft:windows_10_1607:10.0.14393.4467:*:*:*:*:*:x64:*"],"platforms":["32-bit Systems","x64-based Systems"],"versions":[{"version":"10.0.0","lessThan":"10.0.14393.4467","versionType":"custom","status":"affected"}]},{"vendor":"Microsoft","product":"Windows Server 2016","cpes":["cpe:2.3:o:microsoft:windows_server_2016:10.0.14393.4467:*:*:*:*:*:*:*"],"platforms":["x64-based Systems"],"versions":[{"version":"10.0.0","lessThan":"10.0.14393.4467","versionType":"custom","status":"affected"}]},{"vendor":"Microsoft","product":"Windows Server 2016 (Server Core installation)","cpes":["cpe:2.3:o:microsoft:windows_server_2016:10.0.14393.4467:*:*:*:*:*:*:*"],"platforms":["x64-based Systems"],"versions":[{"version":"10.0.0","lessThan":"10.0.14393.4467","versionType":"custom","status":"affected"}]},{"vendor":"Microsoft","product":"Windows 7","cpes":["cpe:2.3:o:microsoft:windows_7:6.1.7601.25632:sp1:*:*:*:*:x86:*"],"platforms":["32-bit Systems"],"versions":[{"version":"6.1.0","lessThan":"6.1.7601.25632","versionType":"custom","status":"affected"}]},{"vendor":"Microsoft","product":"Windows 7 Service Pack 1","cpes":["cpe:2.3:o:microsoft:windows_7:6.1.7601.25632:sp1:*:*:*:*:x64:*"],"platforms":["x64-based Systems"],"versions":[{"version":"6.1.0","lessThan":"6.1.7601.25632","versionType":"custom","status":"affected"}]},{"vendor":"Microsoft","product":"Windows 8.1","cpes":["cpe:2.3:o:microsoft:windows_8.1:6.3.9600.20045:*:*:*:*:*:x86:*","cpe:2.3:o:microsoft:windows_8.1:6.3.9600.20044:*:*:*:*:*:x86:*","cpe:2.3:o:microsoft:windows_8.1:6.3.9600.20045:*:*:*:*:*:x64:*","cpe:2.3:o:microsoft:windows_8.1:6.3.9600.20044:*:*:*:*:*:x64:*","cpe:2.3:o:microsoft:windows_rt_8.1:6.3.9600.20045:*:*:*:*:*:*:*"],"platforms":["32-bit Systems","x64-based Systems","ARM64-based Systems"],"versions":[{"version":"6.3.0","lessThan":"6.3.9600.20045","versionType":"custom","status":"affected"},{"version":"6.3.0","lessThan":"6.3.9600.20044","versionType":"custom","status":"affected"}]},{"vendor":"Microsoft","product":"Windows Server 2008 Service Pack 2","cpes":["cpe:2.3:o:microsoft:windows_server_2008_sp2:6.0.6003.21137:*:*:*:*:*:x64:*"],"platforms":["32-bit Systems"],"versions":[{"version":"6.0.0","lessThan":"6.0.6003.21137","versionType":"custom","status":"affected"}]},{"vendor":"Microsoft","product":"Windows Server 2008 Service Pack 2 (Server Core installation)","cpes":["cpe:2.3:o:microsoft:windows_server_2008_sp2:6.0.6003.21137:*:*:*:*:*:x64:*","cpe:2.3:o:microsoft:windows_server_2008_sp2:6.0.6003.21137:*:*:*:*:*:x86:*"],"platforms":["32-bit Systems","x64-based Systems"],"versions":[{"version":"6.0.0","lessThan":"6.0.6003.21137","versionType":"custom","status":"affected"}]},{"vendor":"Microsoft","product":"Windows Server 2008  Service Pack 2","cpes":["cpe:2.3:o:microsoft:windows_server_2008_sp2:6.0.6003.21137:*:*:*:*:*:x86:*"],"platforms":["x64-based Systems"],"versions":[{"version":"6.0.0","lessThan":"6.0.6003.21137","versionType":"custom","status":"affected"}]},{"vendor":"Microsoft","product":"Windows Server 2008 R2 Service Pack 1","cpes":["cpe:2.3:o:microsoft:windows_server_2008_R2:6.1.7601.25632:*:*:*:*:*:x64:*"],"platforms":["x64-based Systems"],"versions":[{"version":"6.1.0","lessThan":"6.1.7601.25632","versionType":"custom","status":"affected"}]},{"vendor":"Microsoft","product":"Windows Server 2008 R2 Service Pack 1 (Server Core installation)","cpes":["cpe:2.3:o:microsoft:windows_server_2008_R2:6.1.7601.25632:*:*:*:*:*:x64:*"],"platforms":["x64-based Systems"],"versions":[{"version":"6.0.0","lessThan":"6.1.7601.25632","versionType":"custom","status":"affected"}]},{"vendor":"Microsoft","product":"Windows Server 2012","cpes":["cpe:2.3:o:microsoft:windows_server_2012:6.2.9200.23372:*:*:*:*:*:x64:*"],"platforms":["x64-based Systems"],"versions":[{"version":"6.2.0","lessThan":"6.2.9200.23372","versionType":"custom","status":"affected"}]},{"vendor":"Microsoft","product":"Windows Server 2012 (Server Core installation)","cpes":["cpe:2.3:o:microsoft:windows_server_2012:6.2.9200.23372:*:*:*:*:*:x64:*"],"platforms":["x64-based Systems"],"versions":[{"version":"6.2.0","lessThan":"6.2.9200.23372","versionType":"custom","status":"affected"}]},{"vendor":"Microsoft","product":"Windows Server 2012 R2","cpes":["cpe:2.3:o:microsoft:windows_server_2012_R2:6.3.9600.20045:*:*:*:*:*:x64:*","cpe:2.3:o:microsoft:windows_server_2012_R2:6.3.9600.20044:*:*:*:*:*:x64:*"],"platforms":["x64-based Systems"],"versions":[{"version":"6.3.0","lessThan":"6.3.9600.20045","versionType":"custom","status":"affected"},{"version":"6.3.0","lessThan":"6.3.9600.20044","versionType":"custom","status":"affected"}]},{"vendor":"Microsoft","product":"Windows Server 2012 R2 (Server Core installation)","cpes":["cpe:2.3:o:microsoft:windows_server_2012_R2:6.3.9600.20045:*:*:*:*:*:x64:*","cpe:2.3:o:microsoft:windows_server_2012_R2:6.3.9600.20044:*:*:*:*:*:x64:*"],"platforms":["x64-based Systems"],"versions":[{"version":"6.3.0","lessThan":"6.3.9600.20045","versionType":"custom","status":"affected"},{"version":"6.3.0","lessThan":"6.3.9600.20044","versionType":"custom","status":"affected"}]}]	[{"tags":["x_refsource_MISC"],"url":"https://portal.msrc.microsoft.com/en-US/security-guidance/advisory/CVE-2021-31956"}]	source-metadata-unreviewed
CVE-2021-31979	published	Windows Kernel Elevation of Privilege Vulnerability	[{"vendor":"Microsoft","product":"Windows 10 Version 1507","platforms":["32-bit Systems","x64-based Systems"],"versions":[{"version":"10.0.10240.0","lessThan":"10.0.10240.19003","versionType":"custom","status":"affected"}]},{"vendor":"Microsoft","product":"Windows 10 Version 1607","platforms":["32-bit Systems","x64-based Systems"],"versions":[{"version":"10.0.14393.0","lessThan":"10.0.14393.4530","versionType":"custom","status":"affected"}]},{"vendor":"Microsoft","product":"Windows 10 Version 1809","platforms":["32-bit Systems","x64-based Systems"],"versions":[{"version":"10.0.17763.0","lessThan":"10.0.17763.2061","versionType":"custom","status":"affected"}]},{"vendor":"Microsoft","product":"Windows 10 Version 1809","platforms":["ARM64-based Systems"],"versions":[{"version":"10.0.0","lessThan":"10.0.17763.2061","versionType":"custom","status":"affected"}]},{"vendor":"Microsoft","product":"Windows 10 Version 1909","platforms":["32-bit Systems","ARM64-based Systems","x64-based Systems"],"versions":[{"version":"10.0.0","lessThan":"10.0.18363.1679","versionType":"custom","status":"affected"}]},{"vendor":"Microsoft","product":"Windows 10 Version 2004","platforms":["32-bit Systems","ARM64-based Systems","x64-based Systems"],"versions":[{"version":"10.0.0","lessThan":"10.0.19041.1110","versionType":"custom","status":"affected"}]},{"vendor":"Microsoft","product":"Windows 10 Version 20H2","platforms":["32-bit Systems","ARM64-based Systems"],"versions":[{"version":"10.0.0","lessThan":"10.0.19042.1110","versionType":"custom","status":"affected"}]},{"vendor":"Microsoft","product":"Windows 10 Version 21H1","platforms":["32-bit Systems","ARM64-based Systems","x64-based Systems"],"versions":[{"version":"10.0.0","lessThan":"10.0.19043.1110","versionType":"custom","status":"affected"}]},{"vendor":"Microsoft","product":"Windows 7","platforms":["32-bit Systems"],"versions":[{"version":"6.1.0","lessThan":"6.1.7601.25661","versionType":"custom","status":"affected"}]},{"vendor":"Microsoft","product":"Windows 7 Service Pack 1","platforms":["x64-based Systems"],"versions":[{"version":"6.1.0","lessThan":"6.1.7601.25661","versionType":"custom","status":"affected"}]},{"vendor":"Microsoft","product":"Windows 8.1","platforms":["32-bit Systems","ARM64-based Systems","x64-based Systems"],"versions":[{"version":"6.3.0","lessThan":"6.3.9600.20069","versionType":"custom","status":"affected"}]},{"vendor":"Microsoft","product":"Windows Server 2008 R2 Service Pack 1","platforms":["x64-based Systems"],"versions":[{"version":"6.1.7601.0","lessThan":"6.1.7601.25661","versionType":"custom","status":"affected"}]},{"vendor":"Microsoft","product":"Windows Server 2008 R2 Service Pack 1 (Server Core installation)","platforms":["x64-based Systems"],"versions":[{"version":"6.1.7601.0","lessThan":"6.1.7601.25661","versionType":"custom","status":"affected"}]},{"vendor":"Microsoft","product":"Windows Server 2008 Service Pack 2","platforms":["32-bit Systems","x64-based Systems"],"versions":[{"version":"6.0.6003.0","lessThan":"6.0.6003.21167","versionType":"custom","status":"affected"}]},{"vendor":"Microsoft","product":"Windows Server 2008 Service Pack 2 (Server Core installation)","platforms":["32-bit Systems","x64-based Systems"],"versions":[{"version":"6.0.6003.0","lessThan":"6.0.6003.21167","versionType":"custom","status":"affected"}]},{"vendor":"Microsoft","product":"Windows Server 2012","platforms":["x64-based Systems"],"versions":[{"version":"6.2.9200.0","lessThan":"6.2.9200.23409","versionType":"custom","status":"affected"}]},{"vendor":"Microsoft","product":"Windows Server 2012 (Server Core installation)","platforms":["x64-based Systems"],"versions":[{"version":"6.2.9200.0","lessThan":"6.2.9200.23409","versionType":"custom","status":"affected"}]},{"vendor":"Microsoft","product":"Windows Server 2012 R2","platforms":["x64-based Systems"],"versions":[{"version":"6.3.9600.0","lessThan":"6.3.9600.20069","versionType":"custom","status":"affected"}]},{"vendor":"Microsoft","product":"Windows Server 2012 R2 (Server Core installation)","platforms":["x64-based Systems"],"versions":[{"version":"6.3.9600.0","lessThan":"6.3.9600.20069","versionType":"custom","status":"affected"}]},{"vendor":"Microsoft","product":"Windows Server 2016","platforms":["x64-based Systems"],"versions":[{"version":"10.0.14393.0","lessThan":"10.0.14393.4530","versionType":"custom","status":"affected"}]},{"vendor":"Microsoft","product":"Windows Server 2016 (Server Core installation)","platforms":["x64-based Systems"],"versions":[{"version":"10.0.14393.0","lessThan":"10.0.14393.4530","versionType":"custom","status":"affected"}]},{"vendor":"Microsoft","product":"Windows Server 2019","platforms":["x64-based Systems"],"versions":[{"version":"10.0.17763.0","lessThan":"10.0.17763.2061","versionType":"custom","status":"affected"}]},{"vendor":"Microsoft","product":"Windows Server 2019 (Server Core installation)","platforms":["x64-based Systems"],"versions":[{"version":"10.0.17763.0","lessThan":"10.0.17763.2061","versionType":"custom","status":"affected"}]},{"vendor":"Microsoft","product":"Windows Server version 2004","platforms":["x64-based Systems"],"versions":[{"version":"10.0.0","lessThan":"10.0.19041.1110","versionType":"custom","status":"affected"}]},{"vendor":"Microsoft","product":"Windows Server version 20H2","platforms":["x64-based Systems"],"versions":[{"version":"10.0.0","lessThan":"10.0.19042.1110","versionType":"custom","status":"affected"}]}]	[{"name":"Windows Kernel Elevation of Privilege Vulnerability","tags":["vendor-advisory","patch"],"url":"https://msrc.microsoft.com/update-guide/vulnerability/CVE-2021-31979"}]	source-metadata-unreviewed
CVE-2021-33739	published	Microsoft DWM Core Library Elevation of Privilege Vulnerability	[{"vendor":"Microsoft","product":"Windows 10 Version 1909","cpes":["cpe:2.3:o:microsoft:windows_10_1909:10.0.18363.1621:*:*:*:*:*:x86:*","cpe:2.3:o:microsoft:windows_10_1909:10.0.18363.1621:*:*:*:*:*:x64:*","cpe:2.3:o:microsoft:windows_10_1809:10.0.18363.1621:*:*:*:*:*:x64:*"],"platforms":["32-bit Systems","x64-based Systems","ARM64-based Systems"],"versions":[{"version":"10.0.0","lessThan":"10.0.18363.1621","versionType":"custom","status":"affected"}]},{"vendor":"Microsoft","product":"Windows 10 Version 21H1","cpes":["cpe:2.3:o:microsoft:windows_10_21H1:10.0.19043.1052:*:*:*:*:*:x64:*","cpe:2.3:o:microsoft:windows_10_21H1:10.0.19043.1052:*:*:*:*:*:arm64:*","cpe:2.3:o:microsoft:windows_10_21H1:10.0.19043.1052:*:*:*:*:*:x86:*"],"platforms":["x64-based Systems","ARM64-based Systems","32-bit Systems"],"versions":[{"version":"10.0.0","lessThan":"10.0.19043.1052","versionType":"custom","status":"affected"}]},{"vendor":"Microsoft","product":"Windows 10 Version 2004","cpes":["cpe:2.3:o:microsoft:windows_10_1809:10.0.19041.1052:*:*:*:*:*:x64:*"],"platforms":["32-bit Systems","ARM64-based Systems","x64-based Systems"],"versions":[{"version":"10.0.0","lessThan":"10.0.19041.1052","versionType":"custom","status":"affected"}]},{"vendor":"Microsoft","product":"Windows Server version 2004","cpes":["cpe:2.3:o:microsoft:windows_server_2004:10.0.19041.1052:*:*:*:*:*:*:*"],"platforms":["x64-based Systems"],"versions":[{"version":"10.0.0","lessThan":"10.0.19041.1052","versionType":"custom","status":"affected"}]},{"vendor":"Microsoft","product":"Windows 10 Version 20H2","cpes":["cpe:2.3:o:microsoft:windows_10_20H2:10.0.19042.1052:*:*:*:*:*:x86:*","cpe:2.3:o:microsoft:windows_10_20H2:10.0.19042.1052:*:*:*:*:*:arm64:*"],"platforms":["32-bit Systems","ARM64-based Systems"],"versions":[{"version":"10.0.0","lessThan":"10.0.19042.1052","versionType":"custom","status":"affected"}]},{"vendor":"Microsoft","product":"Windows Server version 20H2","cpes":["cpe:2.3:o:microsoft:windows_server_20H2:10.0.19042.1052:*:*:*:*:*:*:*"],"platforms":["x64-based Systems"],"versions":[{"version":"10.0.0","lessThan":"10.0.19042.1052","versionType":"custom","status":"affected"}]}]	[{"tags":["x_refsource_MISC"],"url":"https://portal.msrc.microsoft.com/en-US/security-guidance/advisory/CVE-2021-33739"}]	source-metadata-unreviewed
CVE-2021-33771	published	Windows Kernel Elevation of Privilege Vulnerability	[{"vendor":"Microsoft","product":"Windows 10 Version 1507","platforms":["32-bit Systems","x64-based Systems"],"versions":[{"version":"10.0.10240.0","lessThan":"10.0.10240.19003","versionType":"custom","status":"affected"}]},{"vendor":"Microsoft","product":"Windows 10 Version 1607","platforms":["32-bit Systems","x64-based Systems"],"versions":[{"version":"10.0.14393.0","lessThan":"10.0.14393.4530","versionType":"custom","status":"affected"}]},{"vendor":"Microsoft","product":"Windows 10 Version 1809","platforms":["32-bit Systems","x64-based Systems"],"versions":[{"version":"10.0.17763.0","lessThan":"10.0.17763.2061","versionType":"custom","status":"affected"}]},{"vendor":"Microsoft","product":"Windows 10 Version 1809","platforms":["ARM64-based Systems"],"versions":[{"version":"10.0.0","lessThan":"10.0.17763.2061","versionType":"custom","status":"affected"}]},{"vendor":"Microsoft","product":"Windows 10 Version 1909","platforms":["32-bit Systems","ARM64-based Systems","x64-based Systems"],"versions":[{"version":"10.0.0","lessThan":"10.0.18363.1679","versionType":"custom","status":"affected"}]},{"vendor":"Microsoft","product":"Windows 10 Version 2004","platforms":["32-bit Systems","ARM64-based Systems","x64-based Systems"],"versions":[{"version":"10.0.0","lessThan":"10.0.19041.1110","versionType":"custom","status":"affected"}]},{"vendor":"Microsoft","product":"Windows 10 Version 20H2","platforms":["32-bit Systems","ARM64-based Systems"],"versions":[{"version":"10.0.0","lessThan":"10.0.19042.1110","versionType":"custom","status":"affected"}]},{"vendor":"Microsoft","product":"Windows 10 Version 21H1","platforms":["32-bit Systems","ARM64-based Systems","x64-based Systems"],"versions":[{"version":"10.0.0","lessThan":"10.0.19043.1110","versionType":"custom","status":"affected"}]},{"vendor":"Microsoft","product":"Windows 8.1","platforms":["32-bit Systems","ARM64-based Systems","x64-based Systems"],"versions":[{"version":"6.3.0","lessThan":"6.3.9600.20069","versionType":"custom","status":"affected"}]},{"vendor":"Microsoft","product":"Windows Server 2012 R2","platforms":["x64-based Systems"],"versions":[{"version":"6.3.9600.0","lessThan":"6.3.9600.20069","versionType":"custom","status":"affected"}]},{"vendor":"Microsoft","product":"Windows Server 2012 R2 (Server Core installation)","platforms":["x64-based Systems"],"versions":[{"version":"6.3.9600.0","lessThan":"6.3.9600.20069","versionType":"custom","status":"affected"}]},{"vendor":"Microsoft","product":"Windows Server 2016","platforms":["x64-based Systems"],"versions":[{"version":"10.0.14393.0","lessThan":"10.0.14393.4530","versionType":"custom","status":"affected"}]},{"vendor":"Microsoft","product":"Windows Server 2016 (Server Core installation)","platforms":["x64-based Systems"],"versions":[{"version":"10.0.14393.0","lessThan":"10.0.14393.4530","versionType":"custom","status":"affected"}]},{"vendor":"Microsoft","product":"Windows Server 2019","platforms":["x64-based Systems"],"versions":[{"version":"10.0.17763.0","lessThan":"10.0.17763.2061","versionType":"custom","status":"affected"}]},{"vendor":"Microsoft","product":"Windows Server 2019 (Server Core installation)","platforms":["x64-based Systems"],"versions":[{"version":"10.0.17763.0","lessThan":"10.0.17763.2061","versionType":"custom","status":"affected"}]},{"vendor":"Microsoft","product":"Windows Server version 2004","platforms":["x64-based Systems"],"versions":[{"version":"10.0.0","lessThan":"10.0.19041.1110","versionType":"custom","status":"affected"}]},{"vendor":"Microsoft","product":"Windows Server version 20H2","platforms":["x64-based Systems"],"versions":[{"version":"10.0.0","lessThan":"10.0.19042.1110","versionType":"custom","status":"affected"}]}]	[{"name":"Windows Kernel Elevation of Privilege Vulnerability","tags":["vendor-advisory","patch"],"url":"https://msrc.microsoft.com/update-guide/vulnerability/CVE-2021-33771"}]	source-metadata-unreviewed
CVE-2021-34484	published	Windows User Profile Service Elevation of Privilege Vulnerability	[{"vendor":"Microsoft","product":"Windows 10 Version 1507","platforms":["32-bit Systems","x64-based Systems"],"versions":[{"version":"10.0.10240.0","lessThan":"10.0.10240.19022","versionType":"custom","status":"affected"}]},{"vendor":"Microsoft","product":"Windows 10 Version 1607","platforms":["32-bit Systems","x64-based Systems"],"versions":[{"version":"10.0.14393.0","lessThan":"10.0.14393.4583","versionType":"custom","status":"affected"}]},{"vendor":"Microsoft","product":"Windows 10 Version 1809","platforms":["32-bit Systems","x64-based Systems"],"versions":[{"version":"10.0.17763.0","lessThan":"10.0.17763.2114","versionType":"custom","status":"affected"}]},{"vendor":"Microsoft","product":"Windows 10 Version 1809","platforms":["ARM64-based Systems"],"versions":[{"version":"10.0.0","lessThan":"10.0.17763.2114","versionType":"custom","status":"affected"}]},{"vendor":"Microsoft","product":"Windows 10 Version 1909","platforms":["32-bit Systems","ARM64-based Systems","x64-based Systems"],"versions":[{"version":"10.0.0","lessThan":"10.0.18363.1734","versionType":"custom","status":"affected"}]},{"vendor":"Microsoft","product":"Windows 10 Version 2004","platforms":["32-bit Systems","ARM64-based Systems","x64-based Systems"],"versions":[{"version":"10.0.0","lessThan":"10.0.19041.1165","versionType":"custom","status":"affected"}]},{"vendor":"Microsoft","product":"Windows 10 Version 20H2","platforms":["32-bit Systems","ARM64-based Systems"],"versions":[{"version":"10.0.0","lessThan":"10.0.19042.1165","versionType":"custom","status":"affected"}]},{"vendor":"Microsoft","product":"Windows 10 Version 21H1","platforms":["32-bit Systems","ARM64-based Systems","x64-based Systems"],"versions":[{"version":"10.0.0","lessThan":"10.0.19043.1165","versionType":"custom","status":"affected"}]},{"vendor":"Microsoft","product":"Windows 7","platforms":["32-bit Systems"],"versions":[{"version":"6.1.0","lessThan":"6.1.7601.25685","versionType":"custom","status":"affected"}]},{"vendor":"Microsoft","product":"Windows 7 Service Pack 1","platforms":["x64-based Systems"],"versions":[{"version":"6.1.0","lessThan":"6.1.7601.25685","versionType":"custom","status":"affected"}]},{"vendor":"Microsoft","product":"Windows 8.1","platforms":["32-bit Systems","ARM64-based Systems","x64-based Systems"],"versions":[{"version":"6.3.0","lessThan":"6.3.9600.20094","versionType":"custom","status":"affected"}]},{"vendor":"Microsoft","product":"Windows Server 2008 R2 Service Pack 1","platforms":["x64-based Systems"],"versions":[{"version":"6.1.7601.0","lessThan":"6.1.7601.25685","versionType":"custom","status":"affected"}]},{"vendor":"Microsoft","product":"Windows Server 2008 R2 Service Pack 1 (Server Core installation)","platforms":["x64-based Systems"],"versions":[{"version":"6.1.7601.0","lessThan":"6.1.7601.25685","versionType":"custom","status":"affected"}]},{"vendor":"Microsoft","product":"Windows Server 2008 Service Pack 2","platforms":["32-bit Systems","x64-based Systems"],"versions":[{"version":"6.0.6003.0","lessThan":"6.0.6003.21192","versionType":"custom","status":"affected"}]},{"vendor":"Microsoft","product":"Windows Server 2008 Service Pack 2 (Server Core installation)","platforms":["32-bit Systems","x64-based Systems"],"versions":[{"version":"6.0.6003.0","lessThan":"6.0.6003.21192","versionType":"custom","status":"affected"}]},{"vendor":"Microsoft","product":"Windows Server 2012","platforms":["x64-based Systems"],"versions":[{"version":"6.2.9200.0","lessThan":"6.2.9200.23435","versionType":"custom","status":"affected"}]},{"vendor":"Microsoft","product":"Windows Server 2012 (Server Core installation)","platforms":["x64-based Systems"],"versions":[{"version":"6.2.9200.0","lessThan":"6.2.9200.23435","versionType":"custom","status":"affected"}]},{"vendor":"Microsoft","product":"Windows Server 2012 R2","platforms":["x64-based Systems"],"versions":[{"version":"6.3.9600.0","lessThan":"6.3.9600.20094","versionType":"custom","status":"affected"}]},{"vendor":"Microsoft","product":"Windows Server 2012 R2 (Server Core installation)","platforms":["x64-based Systems"],"versions":[{"version":"6.3.9600.0","lessThan":"6.3.9600.20094","versionType":"custom","status":"affected"}]},{"vendor":"Microsoft","product":"Windows Server 2016","platforms":["x64-based Systems"],"versions":[{"version":"10.0.14393.0","lessThan":"10.0.14393.4583","versionType":"custom","status":"affected"}]},{"vendor":"Microsoft","product":"Windows Server 2016 (Server Core installation)","platforms":["x64-based Systems"],"versions":[{"version":"10.0.14393.0","lessThan":"10.0.14393.4583","versionType":"custom","status":"affected"}]},{"vendor":"Microsoft","product":"Windows Server 2019","platforms":["x64-based Systems"],"versions":[{"version":"10.0.17763.0","lessThan":"10.0.17763.2114","versionType":"custom","status":"affected"}]},{"vendor":"Microsoft","product":"Windows Server 2019 (Server Core installation)","platforms":["x64-based Systems"],"versions":[{"version":"10.0.17763.0","lessThan":"10.0.17763.2114","versionType":"custom","status":"affected"}]},{"vendor":"Microsoft","product":"Windows Server version 2004","platforms":["x64-based Systems"],"versions":[{"version":"10.0.0","lessThan":"10.0.19041.1165","versionType":"custom","status":"affected"}]},{"vendor":"Microsoft","product":"Windows Server version 20H2","platforms":["x64-based Systems"],"versions":[{"version":"10.0.0","lessThan":"10.0.19042.1165","versionType":"custom","status":"affected"}]}]	[{"name":"Windows User Profile Service Elevation of Privilege Vulnerability","tags":["vendor-advisory","patch"],"url":"https://msrc.microsoft.com/update-guide/vulnerability/CVE-2021-34484"}]	source-metadata-unreviewed
CVE-2021-34486	published	Windows Event Tracing Elevation of Privilege Vulnerability	[{"vendor":"Microsoft","product":"Windows 10 Version 1809","platforms":["32-bit Systems","x64-based Systems"],"versions":[{"version":"10.0.17763.0","lessThan":"10.0.17763.2114","versionType":"custom","status":"affected"}]},{"vendor":"Microsoft","product":"Windows 10 Version 1809","platforms":["ARM64-based Systems"],"versions":[{"version":"10.0.0","lessThan":"10.0.17763.2114","versionType":"custom","status":"affected"}]},{"vendor":"Microsoft","product":"Windows 10 Version 1909","platforms":["32-bit Systems","ARM64-based Systems","x64-based Systems"],"versions":[{"version":"10.0.0","lessThan":"10.0.18363.1734","versionType":"custom","status":"affected"}]},{"vendor":"Microsoft","product":"Windows 10 Version 2004","platforms":["32-bit Systems","ARM64-based Systems","x64-based Systems"],"versions":[{"version":"10.0.0","lessThan":"10.0.19041.1165","versionType":"custom","status":"affected"}]},{"vendor":"Microsoft","product":"Windows 10 Version 20H2","platforms":["32-bit Systems","ARM64-based Systems"],"versions":[{"version":"10.0.0","lessThan":"10.0.19042.1165","versionType":"custom","status":"affected"}]},{"vendor":"Microsoft","product":"Windows 10 Version 21H1","platforms":["32-bit Systems","ARM64-based Systems","x64-based Systems"],"versions":[{"version":"10.0.0","lessThan":"10.0.19043.1165","versionType":"custom","status":"affected"}]},{"vendor":"Microsoft","product":"Windows Server 2019","platforms":["x64-based Systems"],"versions":[{"version":"10.0.17763.0","lessThan":"10.0.17763.2114","versionType":"custom","status":"affected"}]},{"vendor":"Microsoft","product":"Windows Server 2019 (Server Core installation)","platforms":["x64-based Systems"],"versions":[{"version":"10.0.17763.0","lessThan":"10.0.17763.2114","versionType":"custom","status":"affected"}]},{"vendor":"Microsoft","product":"Windows Server version 2004","platforms":["x64-based Systems"],"versions":[{"version":"10.0.0","lessThan":"10.0.19041.1165","versionType":"custom","status":"affected"}]},{"vendor":"Microsoft","product":"Windows Server version 20H2","platforms":["x64-based Systems"],"versions":[{"version":"10.0.0","lessThan":"10.0.19042.1165","versionType":"custom","status":"affected"}]}]	[{"name":"Windows Event Tracing Elevation of Privilege Vulnerability","tags":["vendor-advisory","patch"],"url":"https://msrc.microsoft.com/update-guide/vulnerability/CVE-2021-34486"}]	source-metadata-unreviewed
CVE-2021-3493	published	The overlayfs implementation in the linux kernel did not properly validate with respect to user namespaces the setting of file capabilities on files in an underlying file system. Due to the combination of unprivileged user namespaces along with a patch carried in the Ubuntu kernel to allow unprivileged overlay mounts, an attacker could use this to gain elevated privileges.	[{"product":"linux kernel","vendor":"Ubuntu","versions":[{"lessThan":"5.8.0-50.56","status":"affected","version":"5.8 kernel","versionType":"custom"},{"lessThan":"5.4.0-72.80","status":"affected","version":"5.4 kernel","versionType":"custom"},{"lessThan":"4.15.0-142.146","status":"affected","version":"4.15 kernel","versionType":"custom"},{"lessThan":"4.4.0-209.241","status":"affected","version":"4.4 kernel","versionType":"custom"}]}]	[{"tags":["x_refsource_MISC"],"url":"https://ubuntu.com/security/notices/USN-4917-1"},{"tags":["x_refsource_MISC"],"url":"https://git.kernel.org/pub/scm/linux/kernel/git/torvalds/linux.git/commit/?id=7c03e2cda4a584cadc398e8f6641ca9988a39d52"},{"tags":["x_refsource_MISC"],"url":"https://www.openwall.com/lists/oss-security/2021/04/16/1"},{"tags":["x_refsource_MISC"],"url":"http://packetstormsecurity.com/files/162434/Kernel-Live-Patch-Security-Notice-LSN-0076-1.html"},{"tags":["x_refsource_MISC"],"url":"http://packetstormsecurity.com/files/162866/Ubuntu-OverlayFS-Local-Privilege-Escalation.html"},{"tags":["x_refsource_MISC"],"url":"http://packetstormsecurity.com/files/165151/Ubuntu-Overlayfs-Local-Privilege-Escalation.html"}]	source-metadata-unreviewed
CVE-2021-3560	published	It was found that polkit could be tricked into bypassing the credential checks for D-Bus requests, elevating the privileges of the requestor to the root user. This flaw could be used by an unprivileged local attacker to, for example, create a new local administrator. The highest threat from this vulnerability is to data confidentiality and integrity as well as system availability.	[{"vendor":"n/a","product":"polkit","versions":[{"version":"polkit 0.119","status":"affected"}]}]	[{"url":"https://bugzilla.redhat.com/show_bug.cgi?id=1961710"},{"url":"https://github.blog/2021-06-10-privilege-escalation-polkit-root-on-linux-with-bug/"},{"url":"http://packetstormsecurity.com/files/172836/polkit-Authentication-Bypass.html"},{"url":"http://packetstormsecurity.com/files/172846/Facebook-Fizz-Denial-Of-Service.html"}]	source-metadata-unreviewed
CVE-2021-36934	published	An elevation of privilege vulnerability exists because of overly permissive Access Control Lists (ACLs) on multiple system files, including the Security Accounts Manager (SAM) database. An attacker who successfully exploited this vulnerability could run arbitrary code with SYSTEM privileges. An attacker could then install programs; view, change, or delete data; or create new accounts with full user rights. An attacker must have the ability to execute code on a victim system to exploit this vulnerability. After installing this security update, you must manually delete all shadow copies of system files, including the SAM database, to fully mitigate this vulnerabilty. Simply installing this security update will not fully mitigate this vulnerability. See KB5005357- Delete Volume Shadow Copies.	[{"vendor":"Microsoft","product":"Windows 10 Version 1809","platforms":["32-bit Systems","x64-based Systems"],"versions":[{"version":"10.0.17763.0","lessThan":"10.0.17763.2114","versionType":"custom","status":"affected"}]},{"vendor":"Microsoft","product":"Windows 10 Version 1809","platforms":["ARM64-based Systems"],"versions":[{"version":"10.0.0","lessThan":"10.0.17763.2114","versionType":"custom","status":"affected"}]},{"vendor":"Microsoft","product":"Windows 10 Version 1909","platforms":["32-bit Systems","ARM64-based Systems","x64-based Systems"],"versions":[{"version":"10.0.0","lessThan":"10.0.18363.1734","versionType":"custom","status":"affected"}]},{"vendor":"Microsoft","product":"Windows 10 Version 2004","platforms":["32-bit Systems","ARM64-based Systems","x64-based Systems"],"versions":[{"version":"10.0.0","lessThan":"10.0.19041.1165","versionType":"custom","status":"affected"}]},{"vendor":"Microsoft","product":"Windows 10 Version 20H2","platforms":["32-bit Systems","ARM64-based Systems"],"versions":[{"version":"10.0.0","lessThan":"10.0.19042.1165","versionType":"custom","status":"affected"}]},{"vendor":"Microsoft","product":"Windows 10 Version 21H1","platforms":["32-bit Systems","ARM64-based Systems","x64-based Systems"],"versions":[{"version":"10.0.0","lessThan":"10.0.19043.1165","versionType":"custom","status":"affected"}]}]	[{"name":"Windows Elevation of Privilege Vulnerability","tags":["vendor-advisory","patch"],"url":"https://msrc.microsoft.com/update-guide/vulnerability/CVE-2021-36934"}]	source-metadata-unreviewed
CVE-2021-36948	published	Windows Update Medic Service Elevation of Privilege Vulnerability	[{"vendor":"Microsoft","product":"Windows 10 Version 1809","platforms":["32-bit Systems","x64-based Systems"],"versions":[{"version":"10.0.17763.0","lessThan":"10.0.17763.2114","versionType":"custom","status":"affected"}]},{"vendor":"Microsoft","product":"Windows 10 Version 1809","platforms":["ARM64-based Systems"],"versions":[{"version":"10.0.0","lessThan":"10.0.17763.2114","versionType":"custom","status":"affected"}]},{"vendor":"Microsoft","product":"Windows 10 Version 1909","platforms":["32-bit Systems","ARM64-based Systems","x64-based Systems"],"versions":[{"version":"10.0.0","lessThan":"10.0.18363.1734","versionType":"custom","status":"affected"}]},{"vendor":"Microsoft","product":"Windows 10 Version 2004","platforms":["32-bit Systems","ARM64-based Systems","x64-based Systems"],"versions":[{"version":"10.0.0","lessThan":"10.0.19041.1165","versionType":"custom","status":"affected"}]},{"vendor":"Microsoft","product":"Windows 10 Version 20H2","platforms":["32-bit Systems","ARM64-based Systems"],"versions":[{"version":"10.0.0","lessThan":"10.0.19042.1165","versionType":"custom","status":"affected"}]},{"vendor":"Microsoft","product":"Windows 10 Version 21H1","platforms":["32-bit Systems","ARM64-based Systems","x64-based Systems"],"versions":[{"version":"10.0.0","lessThan":"10.0.19043.1165","versionType":"custom","status":"affected"}]},{"vendor":"Microsoft","product":"Windows Server 2019","platforms":["x64-based Systems"],"versions":[{"version":"10.0.17763.0","lessThan":"10.0.17763.2114","versionType":"custom","status":"affected"}]},{"vendor":"Microsoft","product":"Windows Server 2019 (Server Core installation)","platforms":["x64-based Systems"],"versions":[{"version":"10.0.17763.0","lessThan":"10.0.17763.2114","versionType":"custom","status":"affected"}]},{"vendor":"Microsoft","product":"Windows Server version 2004","platforms":["x64-based Systems"],"versions":[{"version":"10.0.0","lessThan":"10.0.19041.1165","versionType":"custom","status":"affected"}]},{"vendor":"Microsoft","product":"Windows Server version 20H2","platforms":["x64-based Systems"],"versions":[{"version":"10.0.0","lessThan":"10.0.19042.1165","versionType":"custom","status":"affected"}]}]	[{"name":"Windows Update Medic Service Elevation of Privilege Vulnerability","tags":["vendor-advisory","patch"],"url":"https://msrc.microsoft.com/update-guide/vulnerability/CVE-2021-36948"}]	source-metadata-unreviewed
CVE-2021-36955	published	Windows Common Log File System Driver Elevation of Privilege Vulnerability	[{"vendor":"Microsoft","product":"Windows 10 Version 1507","platforms":["32-bit Systems","x64-based Systems"],"versions":[{"version":"10.0.10240.0","lessThan":"10.0.10240.19060","versionType":"custom","status":"affected"}]},{"vendor":"Microsoft","product":"Windows 10 Version 1607","platforms":["32-bit Systems","x64-based Systems"],"versions":[{"version":"10.0.14393.0","lessThan":"10.0.14393.4651","versionType":"custom","status":"affected"}]},{"vendor":"Microsoft","product":"Windows 10 Version 1809","platforms":["32-bit Systems","x64-based Systems"],"versions":[{"version":"10.0.17763.0","lessThan":"10.0.17763.2183","versionType":"custom","status":"affected"}]},{"vendor":"Microsoft","product":"Windows 10 Version 1809","platforms":["ARM64-based Systems"],"versions":[{"version":"10.0.0","lessThan":"10.0.17763.2183","versionType":"custom","status":"affected"}]},{"vendor":"Microsoft","product":"Windows 10 Version 1909","platforms":["32-bit Systems","ARM64-based Systems","x64-based Systems"],"versions":[{"version":"10.0.0","lessThan":"10.0.18363.1801","versionType":"custom","status":"affected"}]},{"vendor":"Microsoft","product":"Windows 10 Version 2004","platforms":["32-bit Systems","ARM64-based Systems","x64-based Systems"],"versions":[{"version":"10.0.0","lessThan":"10.0.19041.1237","versionType":"custom","status":"affected"}]},{"vendor":"Microsoft","product":"Windows 10 Version 20H2","platforms":["32-bit Systems","ARM64-based Systems"],"versions":[{"version":"10.0.0","lessThan":"10.0.19042.1237","versionType":"custom","status":"affected"}]},{"vendor":"Microsoft","product":"Windows 10 Version 21H1","platforms":["32-bit Systems","ARM64-based Systems","x64-based Systems"],"versions":[{"version":"10.0.0","lessThan":"10.0.19043.1237","versionType":"custom","status":"affected"}]},{"vendor":"Microsoft","product":"Windows 7","platforms":["32-bit Systems"],"versions":[{"version":"6.1.0","lessThan":"6.1.7601.25712","versionType":"custom","status":"affected"}]},{"vendor":"Microsoft","product":"Windows 7 Service Pack 1","platforms":["x64-based Systems"],"versions":[{"version":"6.1.0","lessThan":"6.1.7601.25712","versionType":"custom","status":"affected"}]},{"vendor":"Microsoft","product":"Windows 8.1","platforms":["32-bit Systems","ARM64-based Systems","x64-based Systems"],"versions":[{"version":"6.3.0","lessThan":"6.3.9600.20120","versionType":"custom","status":"affected"}]},{"vendor":"Microsoft","product":"Windows Server 2008 R2 Service Pack 1","platforms":["x64-based Systems"],"versions":[{"version":"6.1.7601.0","lessThan":"6.1.7601.25712","versionType":"custom","status":"affected"}]},{"vendor":"Microsoft","product":"Windows Server 2008 R2 Service Pack 1 (Server Core installation)","platforms":["x64-based Systems"],"versions":[{"version":"6.1.7601.0","lessThan":"6.1.7601.25712","versionType":"custom","status":"affected"}]},{"vendor":"Microsoft","product":"Windows Server 2008 Service Pack 2","platforms":["32-bit Systems","x64-based Systems"],"versions":[{"version":"6.0.6003.0","lessThan":"6.0.6003.21218","versionType":"custom","status":"affected"}]},{"vendor":"Microsoft","product":"Windows Server 2008 Service Pack 2 (Server Core installation)","platforms":["32-bit Systems","x64-based Systems"],"versions":[{"version":"6.0.6003.0","lessThan":"6.0.6003.21218","versionType":"custom","status":"affected"}]},{"vendor":"Microsoft","product":"Windows Server 2012","platforms":["x64-based Systems"],"versions":[{"version":"6.2.9200.0","lessThan":"6.2.9200.23462","versionType":"custom","status":"affected"}]},{"vendor":"Microsoft","product":"Windows Server 2012 (Server Core installation)","platforms":["x64-based Systems"],"versions":[{"version":"6.2.9200.0","lessThan":"6.2.9200.23462","versionType":"custom","status":"affected"}]},{"vendor":"Microsoft","product":"Windows Server 2012 R2","platforms":["x64-based Systems"],"versions":[{"version":"6.3.9600.0","lessThan":"6.3.9600.20120","versionType":"custom","status":"affected"}]},{"vendor":"Microsoft","product":"Windows Server 2012 R2 (Server Core installation)","platforms":["x64-based Systems"],"versions":[{"version":"6.3.9600.0","lessThan":"6.3.9600.20120","versionType":"custom","status":"affected"}]},{"vendor":"Microsoft","product":"Windows Server 2016","platforms":["x64-based Systems"],"versions":[{"version":"10.0.14393.0","lessThan":"10.0.14393.4651","versionType":"custom","status":"affected"}]},{"vendor":"Microsoft","product":"Windows Server 2016 (Server Core installation)","platforms":["x64-based Systems"],"versions":[{"version":"10.0.14393.0","lessThan":"10.0.14393.4651","versionType":"custom","status":"affected"}]},{"vendor":"Microsoft","product":"Windows Server 2019","platforms":["x64-based Systems"],"versions":[{"version":"10.0.17763.0","lessThan":"10.0.17763.2183","versionType":"custom","status":"affected"}]},{"vendor":"Microsoft","product":"Windows Server 2019 (Server Core installation)","platforms":["x64-based Systems"],"versions":[{"version":"10.0.17763.0","lessThan":"10.0.17763.2183","versionType":"custom","status":"affected"}]},{"vendor":"Microsoft","product":"Windows Server 2022","platforms":["x64-based Systems"],"versions":[{"version":"10.0.20348.0","lessThan":"10.0.20348.230","versionType":"custom","status":"affected"}]},{"vendor":"Microsoft","product":"Windows Server version 2004","platforms":["x64-based Systems"],"versions":[{"version":"10.0.0","lessThan":"10.0.19041.1237","versionType":"custom","status":"affected"}]},{"vendor":"Microsoft","product":"Windows Server version 20H2","platforms":["x64-based Systems"],"versions":[{"version":"10.0.0","lessThan":"10.0.19042.1237","versionType":"custom","status":"affected"}]}]	[{"name":"Windows Common Log File System Driver Elevation of Privilege Vulnerability","tags":["vendor-advisory","patch"],"url":"https://msrc.microsoft.com/update-guide/vulnerability/CVE-2021-36955"}]	source-metadata-unreviewed
CVE-2021-4034	published	A local privilege escalation vulnerability was found on polkit's pkexec utility. The pkexec application is a setuid tool designed to allow unprivileged users to run commands as privileged users according predefined policies. The current version of pkexec doesn't handle the calling parameters count correctly and ends trying to execute environment variables as commands. An attacker can leverage this by crafting environment variables in such a way it'll induce pkexec to execute arbitrary code. When successfully executed the attack can cause a local privilege escalation given unprivileged users administrative rights on the target machine.	[{"vendor":"n/a","product":"polkit","versions":[{"version":"all","status":"affected"}]}]	[{"url":"https://access.redhat.com/security/vulnerabilities/RHSB-2022-001"},{"url":"https://www.qualys.com/2022/01/25/cve-2021-4034/pwnkit.txt"},{"url":"https://bugzilla.redhat.com/show_bug.cgi?id=2025869"},{"url":"https://gitlab.freedesktop.org/polkit/polkit/-/commit/a2bf5c9c83b6ae46cbd5c779d3055bff81ded683"},{"url":"https://www.oracle.com/security-alerts/cpuapr2022.html"},{"url":"http://packetstormsecurity.com/files/166196/Polkit-pkexec-Local-Privilege-Escalation.html"},{"url":"http://packetstormsecurity.com/files/166200/Polkit-pkexec-Privilege-Escalation.html"},{"url":"https://www.suse.com/support/kb/doc/?id=000020564"},{"url":"https://cert-portal.siemens.com/productcert/pdf/ssa-330556.pdf"},{"url":"https://www.starwindsoftware.com/security/sw-20220818-0001/"},{"url":"https://www.secpod.com/blog/local-privilege-escalation-vulnerability-in-major-linux-distributions-cve-2021-4034/"}]	source-metadata-unreviewed
CVE-2021-40449	published	Win32k Elevation of Privilege Vulnerability	[{"vendor":"Microsoft","product":"Windows 10 Version 1809","cpes":["cpe:2.3:o:microsoft:windows_10_1809:10.0.17763.2237:*:*:*:*:*:x86:*","cpe:2.3:o:microsoft:windows_10_1809:10.0.17763.2237:*:*:*:*:*:x64:*","cpe:2.3:o:microsoft:windows_10_1809:10.0.17763.2237:*:*:*:*:*:arm64:*"],"platforms":["32-bit Systems","x64-based Systems","ARM64-based Systems"],"versions":[{"version":"10.0.0","lessThan":"10.0.17763.2237","versionType":"custom","status":"affected"}]},{"vendor":"Microsoft","product":"Windows Server 2019","cpes":["cpe:2.3:o:microsoft:windows_server_2019:10.0.17763.2237:*:*:*:*:*:*:*"],"platforms":["x64-based Systems"],"versions":[{"version":"10.0.0","lessThan":"10.0.17763.2237","versionType":"custom","status":"affected"}]},{"vendor":"Microsoft","product":"Windows Server 2019 (Server Core installation)","cpes":["cpe:2.3:o:microsoft:windows_server_2019:10.0.17763.2237:*:*:*:*:*:*:*"],"platforms":["x64-based Systems"],"versions":[{"version":"10.0.0","lessThan":"10.0.17763.2237","versionType":"custom","status":"affected"}]},{"vendor":"Microsoft","product":"Windows 10 Version 1909","cpes":["cpe:2.3:o:microsoft:windows_10_1909:10.0.18363.1854:*:*:*:*:*:x86:*","cpe:2.3:o:microsoft:windows_10_1909:10.0.18363.1854:*:*:*:*:*:x64:*","cpe:2.3:o:microsoft:windows_10_1809:10.0.18363.1854:*:*:*:*:*:x64:*"],"platforms":["32-bit Systems","x64-based Systems","ARM64-based Systems"],"versions":[{"version":"10.0.0","lessThan":"10.0.18363.1854","versionType":"custom","status":"affected"}]},{"vendor":"Microsoft","product":"Windows 10 Version 21H1","cpes":["cpe:2.3:o:microsoft:windows_10_21H1:10.0.19041.1288:*:*:*:*:*:x64:*","cpe:2.3:o:microsoft:windows_10_21H1:10.0.19041.1288:*:*:*:*:*:arm64:*","cpe:2.3:o:microsoft:windows_10_21H1:10.0.19041.1288:*:*:*:*:*:x86:*"],"platforms":["x64-based Systems","ARM64-based Systems","32-bit Systems"],"versions":[{"version":"10.0.0","lessThan":"10.0.19041.1288","versionType":"custom","status":"affected"}]},{"vendor":"Microsoft","product":"Windows Server 2022","cpes":["cpe:2.3:o:microsoft:windows_server_2022:10.0.20348.288:*:*:*:*:*:*:*"],"platforms":["x64-based Systems"],"versions":[{"version":"10.0.0","lessThan":"10.0.20348.288","versionType":"custom","status":"affected"}]},{"vendor":"Microsoft","product":"Windows 10 Version 2004","cpes":["cpe:2.3:o:microsoft:windows_10_1809:10.0.19041.1288:*:*:*:*:*:x64:*"],"platforms":["32-bit Systems","ARM64-based Systems","x64-based Systems"],"versions":[{"version":"10.0.0","lessThan":"10.0.19041.1288","versionType":"custom","status":"affected"}]},{"vendor":"Microsoft","product":"Windows Server version 2004","cpes":["cpe:2.3:o:microsoft:windows_server_2004:10.0.19041.1288:*:*:*:*:*:*:*"],"platforms":["x64-based Systems"],"versions":[{"version":"10.0.0","lessThan":"10.0.19041.1288","versionType":"custom","status":"affected"}]},{"vendor":"Microsoft","product":"Windows 10 Version 20H2","cpes":["cpe:2.3:o:microsoft:windows_10_20H2:10.0.19041.1288:*:*:*:*:*:x86:*","cpe:2.3:o:microsoft:windows_10_20H2:10.0.19041.1288:*:*:*:*:*:arm64:*"],"platforms":["32-bit Systems","ARM64-based Systems"],"versions":[{"version":"10.0.0","lessThan":"10.0.19041.1288","versionType":"custom","status":"affected"}]},{"vendor":"Microsoft","product":"Windows Server version 20H2","cpes":["cpe:2.3:o:microsoft:windows_server_20H2:10.0.19042.1288:*:*:*:*:*:*:*"],"platforms":["x64-based Systems"],"versions":[{"version":"10.0.0","lessThan":"10.0.19042.1288","versionType":"custom","status":"affected"}]},{"vendor":"Microsoft","product":"Windows 11 version 21H2","cpes":["cpe:2.3:o:microsoft:windows_11_21H2:10.0.22000.258:*:*:*:*:*:x64:*","cpe:2.3:o:microsoft:windows_11_21H2:10.0.22000.258:*:*:*:*:*:arm64:*"],"platforms":["x64-based Systems","ARM64-based Systems"],"versions":[{"version":"10.0.0","lessThan":"10.0.22000.258","versionType":"custom","status":"affected"}]},{"vendor":"Microsoft","product":"Windows 10 Version 1507","cpes":["cpe:2.3:o:microsoft:windows_10_1507:10.0.10240.19086:*:*:*:*:*:x86:*","cpe:2.3:o:microsoft:windows_10_1507:10.0.10240.19086:*:*:*:*:*:x64:*"],"platforms":["32-bit Systems","x64-based Systems"],"versions":[{"version":"10.0.0","lessThan":"10.0.10240.19086","versionType":"custom","status":"affected"}]},{"vendor":"Microsoft","product":"Windows 10 Version 1607","cpes":["cpe:2.3:o:microsoft:windows_10_1607:10.0.14393.4704:*:*:*:*:*:x86:*","cpe:2.3:o:microsoft:windows_10_1607:10.0.14393.4704:*:*:*:*:*:x64:*"],"platforms":["32-bit Systems","x64-based Systems"],"versions":[{"version":"10.0.0","lessThan":"10.0.14393.4704","versionType":"custom","status":"affected"}]},{"vendor":"Microsoft","product":"Windows Server 2016","cpes":["cpe:2.3:o:microsoft:windows_server_2016:10.0.14393.4704:*:*:*:*:*:*:*"],"platforms":["x64-based Systems"],"versions":[{"version":"10.0.0","lessThan":"10.0.14393.4704","versionType":"custom","status":"affected"}]},{"vendor":"Microsoft","product":"Windows Server 2016 (Server Core installation)","cpes":["cpe:2.3:o:microsoft:windows_server_2016:10.0.14393.4704:*:*:*:*:*:*:*"],"platforms":["x64-based Systems"],"versions":[{"version":"10.0.0","lessThan":"10.0.14393.4704","versionType":"custom","status":"affected"}]},{"vendor":"Microsoft","product":"Windows 7","cpes":["cpe:2.3:o:microsoft:windows_7:6.1.7601.25740:sp1:*:*:*:*:x86:*"],"platforms":["32-bit Systems"],"versions":[{"version":"6.1.0","lessThan":"6.1.7601.25740","versionType":"custom","status":"affected"}]},{"vendor":"Microsoft","product":"Windows 7 Service Pack 1","cpes":["cpe:2.3:o:microsoft:windows_7:6.1.7601.25740:sp1:*:*:*:*:x64:*"],"platforms":["x64-based Systems"],"versions":[{"version":"6.1.0","lessThan":"6.1.7601.25740","versionType":"custom","status":"affected"}]},{"vendor":"Microsoft","product":"Windows 8.1","cpes":["cpe:2.3:o:microsoft:windows_8.1:6.3.9600.20144:*:*:*:*:*:x86:*","cpe:2.3:o:microsoft:windows_8.1:6.3.9600.20144:*:*:*:*:*:x64:*","cpe:2.3:o:microsoft:windows_rt_8.1:6.3.9600.20144:*:*:*:*:*:*:*"],"platforms":["32-bit Systems","x64-based Systems","ARM64-based Systems"],"versions":[{"version":"6.3.0","lessThan":"6.3.9600.20144","versionType":"custom","status":"affected"}]},{"vendor":"Microsoft","product":"Windows Server 2008 Service Pack 2","cpes":["cpe:2.3:o:microsoft:windows_server_2008_sp2:6.0.6003.21251:*:*:*:*:*:x64:*"],"platforms":["32-bit Systems"],"versions":[{"version":"6.0.0","lessThan":"6.0.6003.21251","versionType":"custom","status":"affected"}]},{"vendor":"Microsoft","product":"Windows Server 2008 Service Pack 2 (Server Core installation)","cpes":["cpe:2.3:o:microsoft:windows_server_2008_sp2:6.0.6003.21251:*:*:*:*:*:x64:*","cpe:2.3:o:microsoft:windows_server_2008_sp2:6.0.6003.21251:*:*:*:*:*:x86:*"],"platforms":["32-bit Systems","x64-based Systems"],"versions":[{"version":"6.0.0","lessThan":"6.0.6003.21251","versionType":"custom","status":"affected"}]},{"vendor":"Microsoft","product":"Windows Server 2008  Service Pack 2","cpes":["cpe:2.3:o:microsoft:windows_server_2008_sp2:6.0.6003.21251:*:*:*:*:*:x86:*"],"platforms":["x64-based Systems"],"versions":[{"version":"6.0.0","lessThan":"6.0.6003.21251","versionType":"custom","status":"affected"}]},{"vendor":"Microsoft","product":"Windows Server 2008 R2 Service Pack 1","cpes":["cpe:2.3:o:microsoft:windows_server_2008_R2:6.1.7601.25740:*:*:*:*:*:x64:*"],"platforms":["x64-based Systems"],"versions":[{"version":"6.1.0","lessThan":"6.1.7601.25740","versionType":"custom","status":"affected"}]},{"vendor":"Microsoft","product":"Windows Server 2008 R2 Service Pack 1 (Server Core installation)","cpes":["cpe:2.3:o:microsoft:windows_server_2008_R2:6.1.7601.25740:*:*:*:*:*:x64:*"],"platforms":["x64-based Systems"],"versions":[{"version":"6.0.0","lessThan":"6.1.7601.25740","versionType":"custom","status":"affected"}]},{"vendor":"Microsoft","product":"Windows Server 2012","cpes":["cpe:2.3:o:microsoft:windows_server_2012:6.2.9200.23490:*:*:*:*:*:x64:*"],"platforms":["x64-based Systems"],"versions":[{"version":"6.2.0","lessThan":"6.2.9200.23490","versionType":"custom","status":"affected"}]},{"vendor":"Microsoft","product":"Windows Server 2012 (Server Core installation)","cpes":["cpe:2.3:o:microsoft:windows_server_2012:6.2.9200.23490:*:*:*:*:*:x64:*"],"platforms":["x64-based Systems"],"versions":[{"version":"6.2.0","lessThan":"6.2.9200.23490","versionType":"custom","status":"affected"}]},{"vendor":"Microsoft","product":"Windows Server 2012 R2","cpes":["cpe:2.3:o:microsoft:windows_server_2012_R2:6.3.9600.20144:*:*:*:*:*:x64:*"],"platforms":["x64-based Systems"],"versions":[{"version":"6.3.0","lessThan":"6.3.9600.20144","versionType":"custom","status":"affected"}]},{"vendor":"Microsoft","product":"Windows Server 2012 R2 (Server Core installation)","cpes":["cpe:2.3:o:microsoft:windows_server_2012_R2:6.3.9600.20144:*:*:*:*:*:x64:*"],"platforms":["x64-based Systems"],"versions":[{"version":"6.3.0","lessThan":"6.3.9600.20144","versionType":"custom","status":"affected"}]}]	[{"tags":["x_refsource_MISC"],"url":"https://portal.msrc.microsoft.com/en-US/security-guidance/advisory/CVE-2021-40449"},{"tags":["x_refsource_MISC"],"url":"http://packetstormsecurity.com/files/164926/Win32k-NtGdiResetDC-Use-After-Free-Local-Privilege-Escalation.html"}]	source-metadata-unreviewed
CVE-2021-41379	published	Windows Installer Elevation of Privilege Vulnerability	[{"vendor":"Microsoft","product":"Windows 10 Version 1507","platforms":["32-bit Systems","x64-based Systems"],"versions":[{"version":"10.0.10240.0","lessThan":"10.0.10240.19119","versionType":"custom","status":"affected"}]},{"vendor":"Microsoft","product":"Windows 10 Version 1607","platforms":["32-bit Systems","x64-based Systems"],"versions":[{"version":"10.0.14393.0","lessThan":"10.0.14393.4770","versionType":"custom","status":"affected"}]},{"vendor":"Microsoft","product":"Windows 10 Version 1809","platforms":["32-bit Systems","x64-based Systems"],"versions":[{"version":"10.0.17763.0","lessThan":"10.0.17763.2300","versionType":"custom","status":"affected"}]},{"vendor":"Microsoft","product":"Windows 10 Version 1809","platforms":["ARM64-based Systems"],"versions":[{"version":"10.0.0","lessThan":"10.0.17763.2300","versionType":"custom","status":"affected"}]},{"vendor":"Microsoft","product":"Windows 10 Version 1909","platforms":["32-bit Systems","ARM64-based Systems","x64-based Systems"],"versions":[{"version":"10.0.0","lessThan":"10.0.18363.1916","versionType":"custom","status":"affected"}]},{"vendor":"Microsoft","product":"Windows 10 Version 2004","platforms":["32-bit Systems","ARM64-based Systems","x64-based Systems"],"versions":[{"version":"10.0.0","lessThan":"10.0.19041.1348","versionType":"custom","status":"affected"}]},{"vendor":"Microsoft","product":"Windows 10 Version 20H2","platforms":["32-bit Systems","ARM64-based Systems"],"versions":[{"version":"10.0.0","lessThan":"10.0.19042.1348","versionType":"custom","status":"affected"}]},{"vendor":"Microsoft","product":"Windows 10 Version 21H1","platforms":["32-bit Systems","ARM64-based Systems","x64-based Systems"],"versions":[{"version":"10.0.0","lessThan":"10.0.19043.1348","versionType":"custom","status":"affected"}]},{"vendor":"Microsoft","product":"Windows 11 version 21H2","platforms":["ARM64-based Systems","x64-based Systems"],"versions":[{"version":"10.0.22000.0","lessThan":"10.0.22000.318","versionType":"custom","status":"affected"}]},{"vendor":"Microsoft","product":"Windows 7","platforms":["32-bit Systems"],"versions":[{"version":"6.1.0","lessThan":"6.1.7601.25769","versionType":"custom","status":"affected"}]},{"vendor":"Microsoft","product":"Windows 7 Service Pack 1","platforms":["x64-based Systems"],"versions":[{"version":"6.1.0","lessThan":"6.1.7601.25769","versionType":"custom","status":"affected"}]},{"vendor":"Microsoft","product":"Windows 8.1","platforms":["32-bit Systems","ARM64-based Systems","x64-based Systems"],"versions":[{"version":"6.3.0","lessThan":"6.3.9600.20174","versionType":"custom","status":"affected"}]},{"vendor":"Microsoft","product":"Windows Server 2008 R2 Service Pack 1","platforms":["x64-based Systems"],"versions":[{"version":"6.1.7601.0","lessThan":"6.1.7601.25769","versionType":"custom","status":"affected"}]},{"vendor":"Microsoft","product":"Windows Server 2008 R2 Service Pack 1 (Server Core installation)","platforms":["x64-based Systems"],"versions":[{"version":"6.1.7601.0","lessThan":"6.1.7601.25769","versionType":"custom","status":"affected"}]},{"vendor":"Microsoft","product":"Windows Server 2008 Service Pack 2","platforms":["32-bit Systems","x64-based Systems"],"versions":[{"version":"6.0.6003.0","lessThan":"6.0.6003.21282","versionType":"custom","status":"affected"}]},{"vendor":"Microsoft","product":"Windows Server 2008 Service Pack 2 (Server Core installation)","platforms":["32-bit Systems","x64-based Systems"],"versions":[{"version":"6.0.6003.0","lessThan":"6.0.6003.21282","versionType":"custom","status":"affected"}]},{"vendor":"Microsoft","product":"Windows Server 2012","platforms":["x64-based Systems"],"versions":[{"version":"6.2.9200.0","lessThan":"6.2.9200.23517","versionType":"custom","status":"affected"}]},{"vendor":"Microsoft","product":"Windows Server 2012 (Server Core installation)","platforms":["x64-based Systems"],"versions":[{"version":"6.2.9200.0","lessThan":"6.2.9200.23517","versionType":"custom","status":"affected"}]},{"vendor":"Microsoft","product":"Windows Server 2012 R2","platforms":["x64-based Systems"],"versions":[{"version":"6.3.9600.0","lessThan":"6.3.9600.20174","versionType":"custom","status":"affected"}]},{"vendor":"Microsoft","product":"Windows Server 2012 R2 (Server Core installation)","platforms":["x64-based Systems"],"versions":[{"version":"6.3.9600.0","lessThan":"6.3.9600.20174","versionType":"custom","status":"affected"}]},{"vendor":"Microsoft","product":"Windows Server 2016","platforms":["x64-based Systems"],"versions":[{"version":"10.0.14393.0","lessThan":"10.0.14393.4770","versionType":"custom","status":"affected"}]},{"vendor":"Microsoft","product":"Windows Server 2016 (Server Core installation)","platforms":["x64-based Systems"],"versions":[{"version":"10.0.14393.0","lessThan":"10.0.14393.4770","versionType":"custom","status":"affected"}]},{"vendor":"Microsoft","product":"Windows Server 2019","platforms":["x64-based Systems"],"versions":[{"version":"10.0.17763.0","lessThan":"10.0.17763.2300","versionType":"custom","status":"affected"}]},{"vendor":"Microsoft","product":"Windows Server 2019 (Server Core installation)","platforms":["x64-based Systems"],"versions":[{"version":"10.0.17763.0","lessThan":"10.0.17763.2300","versionType":"custom","status":"affected"}]},{"vendor":"Microsoft","product":"Windows Server 2022","platforms":["x64-based Systems"],"versions":[{"version":"10.0.20348.0","lessThan":"10.0.20348.350","versionType":"custom","status":"affected"}]},{"vendor":"Microsoft","product":"Windows Server version 2004","platforms":["x64-based Systems"],"versions":[{"version":"10.0.0","lessThan":"10.0.19041.1348","versionType":"custom","status":"affected"}]},{"vendor":"Microsoft","product":"Windows Server version 20H2","platforms":["x64-based Systems"],"versions":[{"version":"10.0.0","lessThan":"10.0.19042.1348","versionType":"custom","status":"affected"}]}]	[{"name":"Windows Installer Elevation of Privilege Vulnerability","tags":["vendor-advisory","patch"],"url":"https://msrc.microsoft.com/update-guide/vulnerability/CVE-2021-41379"}]	source-metadata-unreviewed
CVE-2021-43226	published	Windows Common Log File System Driver Elevation of Privilege Vulnerability	[{"vendor":"Microsoft","product":"Windows 10 Version 1809","cpes":["cpe:2.3:o:microsoft:windows_10_1809:10.0.17763.2366:*:*:*:*:*:x86:*","cpe:2.3:o:microsoft:windows_10_1809:10.0.17763.2366:*:*:*:*:*:x64:*","cpe:2.3:o:microsoft:windows_10_1809:10.0.17763.2366:*:*:*:*:*:arm64:*"],"platforms":["32-bit Systems","x64-based Systems","ARM64-based Systems"],"versions":[{"version":"10.0.0","lessThan":"10.0.17763.2366","versionType":"custom","status":"affected"}]},{"vendor":"Microsoft","product":"Windows Server 2019","cpes":["cpe:2.3:o:microsoft:windows_server_2019:10.0.17763.2366:*:*:*:*:*:*:*"],"platforms":["x64-based Systems"],"versions":[{"version":"10.0.0","lessThan":"10.0.17763.2366","versionType":"custom","status":"affected"}]},{"vendor":"Microsoft","product":"Windows Server 2019 (Server Core installation)","cpes":["cpe:2.3:o:microsoft:windows_server_2019:10.0.17763.2366:*:*:*:*:*:*:*"],"platforms":["x64-based Systems"],"versions":[{"version":"10.0.0","lessThan":"10.0.17763.2366","versionType":"custom","status":"affected"}]},{"vendor":"Microsoft","product":"Windows 10 Version 1909","cpes":["cpe:2.3:o:microsoft:windows_10_1909:10.0.18363.1977:*:*:*:*:*:x86:*","cpe:2.3:o:microsoft:windows_10_1909:10.0.18363.1977:*:*:*:*:*:x64:*","cpe:2.3:o:microsoft:windows_10_1809:10.0.18363.1977:*:*:*:*:*:x64:*"],"platforms":["32-bit Systems","x64-based Systems","ARM64-based Systems"],"versions":[{"version":"10.0.0","lessThan":"10.0.18363.1977","versionType":"custom","status":"affected"}]},{"vendor":"Microsoft","product":"Windows 10 Version 21H1","cpes":["cpe:2.3:o:microsoft:windows_10_21H1:10.0.19043.1415:*:*:*:*:*:x64:*","cpe:2.3:o:microsoft:windows_10_21H1:10.0.19043.1415:*:*:*:*:*:arm64:*","cpe:2.3:o:microsoft:windows_10_21H1:10.0.19043.1415:*:*:*:*:*:x86:*"],"platforms":["x64-based Systems","ARM64-based Systems","32-bit Systems"],"versions":[{"version":"10.0.0","lessThan":"10.0.19043.1415","versionType":"custom","status":"affected"}]},{"vendor":"Microsoft","product":"Windows Server 2022","cpes":["cpe:2.3:o:microsoft:windows_server_2022:10.0.20348.405:*:*:*:*:*:*:*"],"platforms":["x64-based Systems"],"versions":[{"version":"10.0.0","lessThan":"10.0.20348.405","versionType":"custom","status":"affected"}]},{"vendor":"Microsoft","product":"Windows 10 Version 2004","cpes":["cpe:2.3:o:microsoft:windows_10_1809:10.0.19041.1415:*:*:*:*:*:x64:*"],"platforms":["32-bit Systems","ARM64-based Systems","x64-based Systems"],"versions":[{"version":"10.0.0","lessThan":"10.0.19041.1415","versionType":"custom","status":"affected"}]},{"vendor":"Microsoft","product":"Windows Server version 2004","cpes":["cpe:2.3:o:microsoft:windows_server_2004:10.0.19041.1415:*:*:*:*:*:*:*"],"platforms":["x64-based Systems"],"versions":[{"version":"10.0.0","lessThan":"10.0.19041.1415","versionType":"custom","status":"affected"}]},{"vendor":"Microsoft","product":"Windows 10 Version 20H2","cpes":["cpe:2.3:o:microsoft:windows_10_20H2:10.0.19042.1415:*:*:*:*:*:x86:*","cpe:2.3:o:microsoft:windows_10_20H2:10.0.19042.1415:*:*:*:*:*:arm64:*"],"platforms":["32-bit Systems","ARM64-based Systems"],"versions":[{"version":"10.0.0","lessThan":"10.0.19042.1415","versionType":"custom","status":"affected"}]},{"vendor":"Microsoft","product":"Windows Server version 20H2","cpes":["cpe:2.3:o:microsoft:windows_server_20H2:10.0.19042.1415:*:*:*:*:*:*:*"],"platforms":["x64-based Systems"],"versions":[{"version":"10.0.0","lessThan":"10.0.19042.1415","versionType":"custom","status":"affected"}]},{"vendor":"Microsoft","product":"Windows 11 version 21H2","cpes":["cpe:2.3:o:microsoft:windows_11_21H2:10.0.22000.376:*:*:*:*:*:x64:*","cpe:2.3:o:microsoft:windows_11_21H2:10.0.22000.376:*:*:*:*:*:arm64:*"],"platforms":["x64-based Systems","ARM64-based Systems"],"versions":[{"version":"10.0.0","lessThan":"10.0.22000.376","versionType":"custom","status":"affected"}]},{"vendor":"Microsoft","product":"Windows 10 Version 21H2","cpes":["cpe:2.3:o:microsoft:windows_10_21H2:10.0.19044.1415:*:*:*:*:*:x86:*","cpe:2.3:o:microsoft:windows_10_21H2:10.0.19044.1415:*:*:*:*:*:arm64:*","cpe:2.3:o:microsoft:windows_10_21H2:10.0.19044.1415:*:*:*:*:*:x64:*"],"platforms":["32-bit Systems","ARM64-based Systems"],"versions":[{"version":"10.0.0","lessThan":"10.0.19044.1415","versionType":"custom","status":"affected"}]},{"vendor":"Microsoft","product":"Windows 10 Version 1507","cpes":["cpe:2.3:o:microsoft:windows_10_1507:10.0.10240.19145:*:*:*:*:*:x86:*","cpe:2.3:o:microsoft:windows_10_1507:10.0.10240.19145:*:*:*:*:*:x64:*"],"platforms":["32-bit Systems","x64-based Systems"],"versions":[{"version":"10.0.0","lessThan":"10.0.10240.19145","versionType":"custom","status":"affected"}]},{"vendor":"Microsoft","product":"Windows 10 Version 1607","cpes":["cpe:2.3:o:microsoft:windows_10_1607:10.0.14393.4825:*:*:*:*:*:x86:*","cpe:2.3:o:microsoft:windows_10_1607:10.0.14393.4825:*:*:*:*:*:x64:*"],"platforms":["32-bit Systems","x64-based Systems"],"versions":[{"version":"10.0.0","lessThan":"10.0.14393.4825","versionType":"custom","status":"affected"}]},{"vendor":"Microsoft","product":"Windows Server 2016","cpes":["cpe:2.3:o:microsoft:windows_server_2016:10.0.14393.4825:*:*:*:*:*:*:*"],"platforms":["x64-based Systems"],"versions":[{"version":"10.0.0","lessThan":"10.0.14393.4825","versionType":"custom","status":"affected"}]},{"vendor":"Microsoft","product":"Windows Server 2016 (Server Core installation)","cpes":["cpe:2.3:o:microsoft:windows_server_2016:10.0.14393.4825:*:*:*:*:*:*:*"],"platforms":["x64-based Systems"],"versions":[{"version":"10.0.0","lessThan":"10.0.14393.4825","versionType":"custom","status":"affected"}]},{"vendor":"Microsoft","product":"Windows 7","cpes":["cpe:2.3:o:microsoft:windows_7:6.1.7601.25796:sp1:*:*:*:*:x86:*"],"platforms":["32-bit Systems"],"versions":[{"version":"6.1.0","lessThan":"6.1.7601.25796","versionType":"custom","status":"affected"}]},{"vendor":"Microsoft","product":"Windows 7 Service Pack 1","cpes":["cpe:2.3:o:microsoft:windows_7:6.1.7601.25796:sp1:*:*:*:*:x64:*"],"platforms":["x64-based Systems"],"versions":[{"version":"6.1.0","lessThan":"6.1.7601.25796","versionType":"custom","status":"affected"}]},{"vendor":"Microsoft","product":"Windows 8.1","cpes":["cpe:2.3:o:microsoft:windows_8.1:6.3.9600.20207:*:*:*:*:*:x86:*","cpe:2.3:o:microsoft:windows_8.1:6.3.9600.20207:*:*:*:*:*:x64:*","cpe:2.3:o:microsoft:windows_rt_8.1:6.3.9600.20207:*:*:*:*:*:*:*"],"platforms":["32-bit Systems","x64-based Systems","ARM64-based Systems"],"versions":[{"version":"6.3.0","lessThan":"6.3.9600.20207","versionType":"custom","status":"affected"}]},{"vendor":"Microsoft","product":"Windows Server 2008 Service Pack 2","cpes":["cpe:2.3:o:microsoft:windows_server_2008_sp2:6.0.6003.21309:*:*:*:*:*:x64:*"],"platforms":["32-bit Systems"],"versions":[{"version":"6.0.0","lessThan":"6.0.6003.21309","versionType":"custom","status":"affected"}]},{"vendor":"Microsoft","product":"Windows Server 2008 Service Pack 2 (Server Core installation)","cpes":["cpe:2.3:o:microsoft:windows_server_2008_sp2:6.0.6003.21309:*:*:*:*:*:x64:*","cpe:2.3:o:microsoft:windows_server_2008_sp2:6.0.6003.21309:*:*:*:*:*:x86:*"],"platforms":["32-bit Systems","x64-based Systems"],"versions":[{"version":"6.0.0","lessThan":"6.0.6003.21309","versionType":"custom","status":"affected"}]},{"vendor":"Microsoft","product":"Windows Server 2008  Service Pack 2","cpes":["cpe:2.3:o:microsoft:windows_server_2008_sp2:6.0.6003.21309:*:*:*:*:*:x86:*"],"platforms":["x64-based Systems"],"versions":[{"version":"6.0.0","lessThan":"6.0.6003.21309","versionType":"custom","status":"affected"}]},{"vendor":"Microsoft","product":"Windows Server 2008 R2 Service Pack 1","cpes":["cpe:2.3:o:microsoft:windows_server_2008_R2:6.1.7601.25796:*:*:*:*:*:x64:*"],"platforms":["x64-based Systems"],"versions":[{"version":"6.1.0","lessThan":"6.1.7601.25796","versionType":"custom","status":"affected"}]},{"vendor":"Microsoft","product":"Windows Server 2008 R2 Service Pack 1 (Server Core installation)","cpes":["cpe:2.3:o:microsoft:windows_server_2008_R2:6.1.7601.25796:*:*:*:*:*:x64:*"],"platforms":["x64-based Systems"],"versions":[{"version":"6.0.0","lessThan":"6.1.7601.25796","versionType":"custom","status":"affected"}]},{"vendor":"Microsoft","product":"Windows Server 2012","cpes":["cpe:2.3:o:microsoft:windows_server_2012:6.2.9200.23545:*:*:*:*:*:x64:*","cpe:2.3:o:microsoft:windows_server_2012:6.2.9200.23540:*:*:*:*:*:x64:*"],"platforms":["x64-based Systems"],"versions":[{"version":"6.2.0","lessThan":"6.2.9200.23545","versionType":"custom","status":"affected"},{"version":"6.2.0","lessThan":"6.2.9200.23540","versionType":"custom","status":"affected"}]},{"vendor":"Microsoft","product":"Windows Server 2012 (Server Core installation)","cpes":["cpe:2.3:o:microsoft:windows_server_2012:6.2.9200.23545:*:*:*:*:*:x64:*","cpe:2.3:o:microsoft:windows_server_2012:6.2.9200.23540:*:*:*:*:*:x64:*"],"platforms":["x64-based Systems"],"versions":[{"version":"6.2.0","lessThan":"6.2.9200.23545","versionType":"custom","status":"affected"},{"version":"6.2.0","lessThan":"6.2.9200.23540","versionType":"custom","status":"affected"}]},{"vendor":"Microsoft","product":"Windows Server 2012 R2","cpes":["cpe:2.3:o:microsoft:windows_server_2012_R2:6.3.9600.20207:*:*:*:*:*:x64:*"],"platforms":["x64-based Systems"],"versions":[{"version":"6.3.0","lessThan":"6.3.9600.20207","versionType":"custom","status":"affected"}]},{"vendor":"Microsoft","product":"Windows Server 2012 R2 (Server Core installation)","cpes":["cpe:2.3:o:microsoft:windows_server_2012_R2:6.3.9600.20207:*:*:*:*:*:x64:*"],"platforms":["x64-based Systems"],"versions":[{"version":"6.3.0","lessThan":"6.3.9600.20207","versionType":"custom","status":"affected"}]}]	[{"tags":["x_refsource_MISC"],"url":"https://portal.msrc.microsoft.com/en-US/security-guidance/advisory/CVE-2021-43226"}]	source-metadata-unreviewed
CVE-2022-0185	published	A heap-based buffer overflow flaw was found in the way the legacy_parse_param function in the Filesystem Context functionality of the Linux kernel verified the supplied parameters length. An unprivileged (in case of unprivileged user namespaces enabled, otherwise needs namespaced CAP_SYS_ADMIN privilege) local user able to open a filesystem that does not support the Filesystem Context API (and thus fallbacks to legacy handling) could use this flaw to escalate their privileges on the system.	[{"product":"kernel","vendor":"n/a","versions":[{"status":"affected","version":"8.4"}]}]	[{"tags":["x_refsource_MISC"],"url":"https://git.kernel.org/pub/scm/linux/kernel/git/torvalds/linux.git/commit/?id=722d94847de2"},{"tags":["x_refsource_MISC"],"url":"https://github.com/Crusaders-of-Rust/CVE-2022-0185"},{"tags":["x_refsource_MISC"],"url":"https://www.openwall.com/lists/oss-security/2022/01/18/7"},{"tags":["x_refsource_MISC"],"url":"https://www.willsroot.io/2022/01/cve-2022-0185.html"},{"tags":["x_refsource_CONFIRM"],"url":"https://security.netapp.com/advisory/ntap-20220225-0003/"}]	source-metadata-unreviewed
CVE-2022-0492	published	A vulnerability was found in the Linux kernel’s cgroup_release_agent_write in the kernel/cgroup/cgroup-v1.c function. This flaw, under certain circumstances, allows the use of the cgroups v1 release_agent feature to escalate privileges and bypass the namespace isolation unexpectedly.	[{"vendor":"n/a","product":"kernel","versions":[{"version":"kernel 5.17 rc3","status":"affected"}]}]	[{"url":"https://bugzilla.redhat.com/show_bug.cgi?id=2051505"},{"url":"https://git.kernel.org/pub/scm/linux/kernel/git/torvalds/linux.git/commit/?id=24f6008564183aa120d07c03d9289519c2fe02af"},{"name":"[debian-lts-announce] 20220309 [SECURITY] [DLA 2940-1] linux security update","tags":["mailing-list"],"url":"https://lists.debian.org/debian-lts-announce/2022/03/msg00011.html"},{"name":"[debian-lts-announce] 20220309 [SECURITY] [DLA 2941-1] linux-4.19 security update","tags":["mailing-list"],"url":"https://lists.debian.org/debian-lts-announce/2022/03/msg00012.html"},{"name":"DSA-5095","tags":["vendor-advisory"],"url":"https://www.debian.org/security/2022/dsa-5095"},{"name":"DSA-5096","tags":["vendor-advisory"],"url":"https://www.debian.org/security/2022/dsa-5096"},{"url":"http://packetstormsecurity.com/files/166444/Kernel-Live-Patch-Security-Notice-LSN-0085-1.html"},{"url":"https://security.netapp.com/advisory/ntap-20220419-0002/"},{"url":"http://packetstormsecurity.com/files/167386/Kernel-Live-Patch-Security-Notice-LSN-0086-1.html"},{"url":"http://packetstormsecurity.com/files/176099/Docker-cgroups-Container-Escape.html"}]	source-metadata-unreviewed
CVE-2022-0847	published	A flaw was found in the way the "flags" member of the new pipe buffer structure was lacking proper initialization in copy_page_to_iter_pipe and push_pipe functions in the Linux kernel and could thus contain stale values. An unprivileged local user could use this flaw to write to pages in the page cache backed by read only files and as such escalate their privileges on the system.	[{"vendor":"n/a","product":"kernel","versions":[{"version":"Linux Kernel 5.17 rc6","status":"affected"}]}]	[{"url":"https://bugzilla.redhat.com/show_bug.cgi?id=2060795"},{"url":"https://dirtypipe.cm4all.com/"},{"url":"http://packetstormsecurity.com/files/166230/Dirty-Pipe-SUID-Binary-Hijack-Privilege-Escalation.html"},{"url":"http://packetstormsecurity.com/files/166229/Dirty-Pipe-Linux-Privilege-Escalation.html"},{"url":"http://packetstormsecurity.com/files/166258/Dirty-Pipe-Local-Privilege-Escalation.html"},{"url":"https://www.suse.com/support/kb/doc/?id=000020603"},{"url":"https://security.netapp.com/advisory/ntap-20220325-0005/"},{"url":"https://cert-portal.siemens.com/productcert/pdf/ssa-222547.pdf"},{"url":"https://psirt.global.sonicwall.com/vuln-detail/SNWLID-2022-0015"},{"url":"http://packetstormsecurity.com/files/176534/Linux-4.20-KTLS-Read-Only-Write.html"}]	source-metadata-unreviewed
CVE-2022-21919	published	Windows User Profile Service Elevation of Privilege Vulnerability	[{"vendor":"Microsoft","product":"Windows 10 Version 1809","platforms":["32-bit Systems","x64-based Systems"],"versions":[{"version":"10.0.17763.0","lessThan":"10.0.17763.2452","versionType":"custom","status":"affected"}]},{"vendor":"Microsoft","product":"Windows 10 Version 1809","platforms":["ARM64-based Systems"],"versions":[{"version":"10.0.0","lessThan":"10.0.17763.2452","versionType":"custom","status":"affected"}]},{"vendor":"Microsoft","product":"Windows Server 2019","platforms":["x64-based Systems"],"versions":[{"version":"10.0.17763.0","lessThan":"10.0.17763.2452","versionType":"custom","status":"affected"}]},{"vendor":"Microsoft","product":"Windows Server 2019 (Server Core installation)","platforms":["x64-based Systems"],"versions":[{"version":"10.0.17763.0","lessThan":"10.0.17763.2452","versionType":"custom","status":"affected"}]},{"vendor":"Microsoft","product":"Windows 10 Version 1909","platforms":["32-bit Systems","x64-based Systems","ARM64-based Systems"],"versions":[{"version":"10.0.0","lessThan":"10.0.18363.2037","versionType":"custom","status":"affected"}]},{"vendor":"Microsoft","product":"Windows 10 Version 21H1","platforms":["x64-based Systems","ARM64-based Systems","32-bit Systems"],"versions":[{"version":"10.0.0","lessThan":"10.0.19043.1466","versionType":"custom","status":"affected"}]},{"vendor":"Microsoft","product":"Windows Server 2022","platforms":["x64-based Systems"],"versions":[{"version":"10.0.20348.0","lessThan":"10.0.20348.469","versionType":"custom","status":"affected"}]},{"vendor":"Microsoft","product":"Windows 10 Version 20H2","platforms":["32-bit Systems","ARM64-based Systems"],"versions":[{"version":"10.0.0","lessThan":"10.0.19042.1466","versionType":"custom","status":"affected"}]},{"vendor":"Microsoft","product":"Windows Server version 20H2","platforms":["x64-based Systems"],"versions":[{"version":"10.0.0","lessThan":"10.0.19042.1466","versionType":"custom","status":"affected"}]},{"vendor":"Microsoft","product":"Windows 11 version 21H2","platforms":["x64-based Systems","ARM64-based Systems"],"versions":[{"version":"10.0.0","lessThan":"10.0.22000.434","versionType":"custom","status":"affected"}]},{"vendor":"Microsoft","product":"Windows 10 Version 21H2","platforms":["32-bit Systems","ARM64-based Systems","x64-based Systems"],"versions":[{"version":"10.0.19043.0","lessThan":"10.0.19043.1466","versionType":"custom","status":"affected"}]},{"vendor":"Microsoft","product":"Windows 10 Version 1507","platforms":["32-bit Systems","x64-based Systems"],"versions":[{"version":"10.0.10240.0","lessThan":"10.0.10240.19177","versionType":"custom","status":"affected"}]},{"vendor":"Microsoft","product":"Windows 10 Version 1607","platforms":["32-bit Systems","x64-based Systems"],"versions":[{"version":"10.0.14393.0","lessThan":"10.0.14393.4886","versionType":"custom","status":"affected"}]},{"vendor":"Microsoft","product":"Windows Server 2016","platforms":["x64-based Systems"],"versions":[{"version":"10.0.14393.0","lessThan":"10.0.14393.4886","versionType":"custom","status":"affected"}]},{"vendor":"Microsoft","product":"Windows Server 2016 (Server Core installation)","platforms":["x64-based Systems"],"versions":[{"version":"10.0.14393.0","lessThan":"10.0.14393.4886","versionType":"custom","status":"affected"}]},{"vendor":"Microsoft","product":"Windows 7","platforms":["32-bit Systems"],"versions":[{"version":"6.1.0","lessThan":"6.1.7601.25829","versionType":"custom","status":"affected"}]},{"vendor":"Microsoft","product":"Windows 7 Service Pack 1","platforms":["x64-based Systems"],"versions":[{"version":"6.1.0","lessThan":"6.1.7601.25829","versionType":"custom","status":"affected"}]},{"vendor":"Microsoft","product":"Windows 8.1","platforms":["32-bit Systems","x64-based Systems","ARM64-based Systems"],"versions":[{"version":"6.3.0","lessThan":"6.3.9600.20246","versionType":"custom","status":"affected"}]},{"vendor":"Microsoft","product":"Windows Server 2008 Service Pack 2","platforms":["32-bit Systems"],"versions":[{"version":"6.0.6003.0","lessThan":"6.0.6003.21349","versionType":"custom","status":"affected"}]},{"vendor":"Microsoft","product":"Windows Server 2008 Service Pack 2 (Server Core installation)","platforms":["32-bit Systems","x64-based Systems"],"versions":[{"version":"6.0.6003.0","lessThan":"6.0.6003.21349","versionType":"custom","status":"affected"}]},{"vendor":"Microsoft","product":"Windows Server 2008  Service Pack 2","platforms":["x64-based Systems"],"versions":[{"version":"6.0.6003.0","lessThan":"6.0.6003.21349","versionType":"custom","status":"affected"}]},{"vendor":"Microsoft","product":"Windows Server 2008 R2 Service Pack 1","platforms":["x64-based Systems"],"versions":[{"version":"6.1.7601.0","lessThan":"6.1.7601.25829","versionType":"custom","status":"affected"}]},{"vendor":"Microsoft","product":"Windows Server 2008 R2 Service Pack 1 (Server Core installation)","platforms":["x64-based Systems"],"versions":[{"version":"6.1.7601.0","lessThan":"6.1.7601.25829","versionType":"custom","status":"affected"}]},{"vendor":"Microsoft","product":"Windows Server 2012","platforms":["x64-based Systems"],"versions":[{"version":"6.2.9200.0","lessThan":"6.2.9200.23584","versionType":"custom","status":"affected"}]},{"vendor":"Microsoft","product":"Windows Server 2012 (Server Core installation)","platforms":["x64-based Systems"],"versions":[{"version":"6.2.9200.0","lessThan":"6.2.9200.23584","versionType":"custom","status":"affected"}]},{"vendor":"Microsoft","product":"Windows Server 2012 R2","platforms":["x64-based Systems"],"versions":[{"version":"6.3.9600.0","lessThan":"6.3.9600.20246","versionType":"custom","status":"affected"}]},{"vendor":"Microsoft","product":"Windows Server 2012 R2 (Server Core installation)","platforms":["x64-based Systems"],"versions":[{"version":"6.3.9600.0","lessThan":"6.3.9600.20246","versionType":"custom","status":"affected"}]}]	[{"name":"Windows User Profile Service Elevation of Privilege Vulnerability","tags":["vendor-advisory"],"url":"https://msrc.microsoft.com/update-guide/vulnerability/CVE-2022-21919"}]	source-metadata-unreviewed
CVE-2022-21999	published	Windows Print Spooler Elevation of Privilege Vulnerability	[{"vendor":"Microsoft","product":"Windows 10 Version 1809","platforms":["32-bit Systems","x64-based Systems"],"versions":[{"version":"10.0.17763.0","lessThan":"10.0.17763.2565","versionType":"custom","status":"affected"}]},{"vendor":"Microsoft","product":"Windows 10 Version 1809","platforms":["ARM64-based Systems"],"versions":[{"version":"10.0.0","lessThan":"10.0.17763.2565","versionType":"custom","status":"affected"}]},{"vendor":"Microsoft","product":"Windows Server 2019","platforms":["x64-based Systems"],"versions":[{"version":"10.0.17763.0","lessThan":"10.0.17763.2565","versionType":"custom","status":"affected"}]},{"vendor":"Microsoft","product":"Windows Server 2019 (Server Core installation)","platforms":["x64-based Systems"],"versions":[{"version":"10.0.17763.0","lessThan":"10.0.17763.2565","versionType":"custom","status":"affected"}]},{"vendor":"Microsoft","product":"Windows 10 Version 1909","platforms":["32-bit Systems","x64-based Systems","ARM64-based Systems"],"versions":[{"version":"10.0.0","lessThan":"10.0.18363.2094","versionType":"custom","status":"affected"}]},{"vendor":"Microsoft","product":"Windows 10 Version 21H1","platforms":["x64-based Systems","ARM64-based Systems","32-bit Systems"],"versions":[{"version":"10.0.0","lessThan":"10.0.19043.1526","versionType":"custom","status":"affected"}]},{"vendor":"Microsoft","product":"Windows Server 2022","platforms":["x64-based Systems"],"versions":[{"version":"10.0.20348.0","lessThan":"10.0.20348.524","versionType":"custom","status":"affected"}]},{"vendor":"Microsoft","product":"Windows 10 Version 20H2","platforms":["32-bit Systems","ARM64-based Systems"],"versions":[{"version":"10.0.0","lessThan":"10.0.19042.1526","versionType":"custom","status":"affected"}]},{"vendor":"Microsoft","product":"Windows Server version 20H2","platforms":["x64-based Systems"],"versions":[{"version":"10.0.0","lessThan":"10.0.19042.1526","versionType":"custom","status":"affected"}]},{"vendor":"Microsoft","product":"Windows 11 version 21H2","platforms":["x64-based Systems","ARM64-based Systems"],"versions":[{"version":"10.0.0","lessThan":"10.0.22000.493","versionType":"custom","status":"affected"}]},{"vendor":"Microsoft","product":"Windows 10 Version 21H2","platforms":["32-bit Systems","ARM64-based Systems","x64-based Systems"],"versions":[{"version":"10.0.19043.0","lessThan":"10.0.19044.1526","versionType":"custom","status":"affected"}]},{"vendor":"Microsoft","product":"Windows 10 Version 1507","platforms":["32-bit Systems","x64-based Systems"],"versions":[{"version":"10.0.10240.0","lessThan":"10.0.10240.19204","versionType":"custom","status":"affected"}]},{"vendor":"Microsoft","product":"Windows 10 Version 1607","platforms":["32-bit Systems","x64-based Systems"],"versions":[{"version":"10.0.14393.0","lessThan":"10.0.14393.4946","versionType":"custom","status":"affected"}]},{"vendor":"Microsoft","product":"Windows Server 2016","platforms":["x64-based Systems"],"versions":[{"version":"10.0.14393.0","lessThan":"10.0.14393.4946","versionType":"custom","status":"affected"}]},{"vendor":"Microsoft","product":"Windows Server 2016 (Server Core installation)","platforms":["x64-based Systems"],"versions":[{"version":"10.0.14393.0","lessThan":"10.0.14393.4946","versionType":"custom","status":"affected"}]},{"vendor":"Microsoft","product":"Windows 7","platforms":["32-bit Systems"],"versions":[{"version":"6.1.0","lessThan":"6.1.7601.25860","versionType":"custom","status":"affected"}]},{"vendor":"Microsoft","product":"Windows 7 Service Pack 1","platforms":["x64-based Systems"],"versions":[{"version":"6.1.0","lessThan":"6.1.7601.25860","versionType":"custom","status":"affected"}]},{"vendor":"Microsoft","product":"Windows 8.1","platforms":["32-bit Systems","x64-based Systems","ARM64-based Systems"],"versions":[{"version":"6.3.0","lessThan":"6.3.9600.20269","versionType":"custom","status":"affected"}]},{"vendor":"Microsoft","product":"Windows Server 2008 Service Pack 2","platforms":["32-bit Systems"],"versions":[{"version":"6.0.6003.0","lessThan":"6.0.6003.21374","versionType":"custom","status":"affected"}]},{"vendor":"Microsoft","product":"Windows Server 2008 Service Pack 2 (Server Core installation)","platforms":["32-bit Systems","x64-based Systems"],"versions":[{"version":"6.0.6003.0","lessThan":"6.0.6003.21374","versionType":"custom","status":"affected"}]},{"vendor":"Microsoft","product":"Windows Server 2008  Service Pack 2","platforms":["x64-based Systems"],"versions":[{"version":"6.0.6003.0","lessThan":"6.0.6003.21374","versionType":"custom","status":"affected"}]},{"vendor":"Microsoft","product":"Windows Server 2008 R2 Service Pack 1","platforms":["x64-based Systems"],"versions":[{"version":"6.1.7601.0","lessThan":"6.1.7601.25860","versionType":"custom","status":"affected"}]},{"vendor":"Microsoft","product":"Windows Server 2008 R2 Service Pack 1 (Server Core installation)","platforms":["x64-based Systems"],"versions":[{"version":"6.1.7601.0","lessThan":"6.1.7601.25860","versionType":"custom","status":"affected"}]},{"vendor":"Microsoft","product":"Windows Server 2012","platforms":["x64-based Systems"],"versions":[{"version":"6.2.9200.0","lessThan":"6.2.9200.23605","versionType":"custom","status":"affected"}]},{"vendor":"Microsoft","product":"Windows Server 2012 (Server Core installation)","platforms":["x64-based Systems"],"versions":[{"version":"6.2.9200.0","lessThan":"6.2.9200.23605","versionType":"custom","status":"affected"}]},{"vendor":"Microsoft","product":"Windows Server 2012 R2","platforms":["x64-based Systems"],"versions":[{"version":"6.3.9600.0","lessThan":"6.3.9600.20269","versionType":"custom","status":"affected"}]},{"vendor":"Microsoft","product":"Windows Server 2012 R2 (Server Core installation)","platforms":["x64-based Systems"],"versions":[{"version":"6.3.9600.0","lessThan":"6.3.9600.20269","versionType":"custom","status":"affected"}]}]	[{"name":"Windows Print Spooler Elevation of Privilege Vulnerability","tags":["vendor-advisory"],"url":"https://msrc.microsoft.com/update-guide/vulnerability/CVE-2022-21999"}]	source-metadata-unreviewed
CVE-2022-22047	published	Windows Client Server Run-time Subsystem (CSRSS) Elevation of Privilege Vulnerability	[{"vendor":"Microsoft","product":"Windows 10 Version 1809","platforms":["32-bit Systems","x64-based Systems"],"versions":[{"version":"10.0.17763.0","lessThan":"10.0.17763.3165","versionType":"custom","status":"affected"}]},{"vendor":"Microsoft","product":"Windows 10 Version 1809","platforms":["ARM64-based Systems"],"versions":[{"version":"10.0.0","lessThan":"10.0.17763.3165","versionType":"custom","status":"affected"}]},{"vendor":"Microsoft","product":"Windows Server 2019","platforms":["x64-based Systems"],"versions":[{"version":"10.0.17763.0","lessThan":"10.0.17763.3165","versionType":"custom","status":"affected"}]},{"vendor":"Microsoft","product":"Windows Server 2019 (Server Core installation)","platforms":["x64-based Systems"],"versions":[{"version":"10.0.17763.0","lessThan":"10.0.17763.3165","versionType":"custom","status":"affected"}]},{"vendor":"Microsoft","product":"Windows 10 Version 21H1","platforms":["x64-based Systems","ARM64-based Systems","32-bit Systems"],"versions":[{"version":"10.0.0","lessThan":"10.0.19043.1826","versionType":"custom","status":"affected"}]},{"vendor":"Microsoft","product":"Windows Server 2022","platforms":["x64-based Systems"],"versions":[{"version":"10.0.20348.0","lessThan":"10.0.20348.825","versionType":"custom","status":"affected"}]},{"vendor":"Microsoft","product":"Windows 10 Version 20H2","platforms":["32-bit Systems","ARM64-based Systems"],"versions":[{"version":"10.0.0","lessThan":"10.0.19042.1826","versionType":"custom","status":"affected"}]},{"vendor":"Microsoft","product":"Windows Server version 20H2","platforms":["x64-based Systems"],"versions":[{"version":"10.0.0","lessThan":"10.0.19042.1826","versionType":"custom","status":"affected"}]},{"vendor":"Microsoft","product":"Windows 11 version 21H2","platforms":["x64-based Systems","ARM64-based Systems"],"versions":[{"version":"10.0.0","lessThan":"10.0.22000.795","versionType":"custom","status":"affected"}]},{"vendor":"Microsoft","product":"Windows 10 Version 21H2","platforms":["32-bit Systems","ARM64-based Systems","x64-based Systems"],"versions":[{"version":"10.0.19043.0","lessThan":"10.0.19044.1826","versionType":"custom","status":"affected"}]},{"vendor":"Microsoft","product":"Windows 10 Version 1507","platforms":["32-bit Systems","x64-based Systems"],"versions":[{"version":"10.0.10240.0","lessThan":"10.0.10240.19360","versionType":"custom","status":"affected"}]},{"vendor":"Microsoft","product":"Windows 10 Version 1607","platforms":["32-bit Systems","x64-based Systems"],"versions":[{"version":"10.0.14393.0","lessThan":"10.0.14393.5246","versionType":"custom","status":"affected"}]},{"vendor":"Microsoft","product":"Windows Server 2016","platforms":["x64-based Systems"],"versions":[{"version":"10.0.14393.0","lessThan":"10.0.14393.5246","versionType":"custom","status":"affected"}]},{"vendor":"Microsoft","product":"Windows Server 2016 (Server Core installation)","platforms":["x64-based Systems"],"versions":[{"version":"10.0.14393.0","lessThan":"10.0.14393.5246","versionType":"custom","status":"affected"}]},{"vendor":"Microsoft","product":"Windows 7","platforms":["32-bit Systems"],"versions":[{"version":"6.1.0","lessThan":"6.1.7601.26022","versionType":"custom","status":"affected"}]},{"vendor":"Microsoft","product":"Windows 7 Service Pack 1","platforms":["x64-based Systems"],"versions":[{"version":"6.1.0","lessThan":"6.1.7601.26022","versionType":"custom","status":"affected"}]},{"vendor":"Microsoft","product":"Windows 8.1","platforms":["32-bit Systems","x64-based Systems","ARM64-based Systems"],"versions":[{"version":"6.3.0","lessThan":"6.3.9600.20478","versionType":"custom","status":"affected"}]},{"vendor":"Microsoft","product":"Windows Server 2008 Service Pack 2","platforms":["32-bit Systems"],"versions":[{"version":"6.0.6003.0","lessThan":"6.0.6003.21569","versionType":"custom","status":"affected"}]},{"vendor":"Microsoft","product":"Windows Server 2008 Service Pack 2 (Server Core installation)","platforms":["32-bit Systems","x64-based Systems"],"versions":[{"version":"6.0.6003.0","lessThan":"6.0.6003.21569","versionType":"custom","status":"affected"}]},{"vendor":"Microsoft","product":"Windows Server 2008  Service Pack 2","platforms":["x64-based Systems"],"versions":[{"version":"6.0.6003.0","lessThan":"6.0.6003.21569","versionType":"custom","status":"affected"}]},{"vendor":"Microsoft","product":"Windows Server 2008 R2 Service Pack 1","platforms":["x64-based Systems"],"versions":[{"version":"6.1.7601.0","lessThan":"6.1.7601.26022","versionType":"custom","status":"affected"}]},{"vendor":"Microsoft","product":"Windows Server 2008 R2 Service Pack 1 (Server Core installation)","platforms":["x64-based Systems"],"versions":[{"version":"6.1.7601.0","lessThan":"6.1.7601.26022","versionType":"custom","status":"affected"}]},{"vendor":"Microsoft","product":"Windows Server 2012","platforms":["x64-based Systems"],"versions":[{"version":"6.2.9200.0","lessThan":"6.2.9200.23771","versionType":"custom","status":"affected"}]},{"vendor":"Microsoft","product":"Windows Server 2012 (Server Core installation)","platforms":["x64-based Systems"],"versions":[{"version":"6.2.9200.0","lessThan":"6.2.9200.23771","versionType":"custom","status":"affected"}]},{"vendor":"Microsoft","product":"Windows Server 2012 R2","platforms":["x64-based Systems"],"versions":[{"version":"6.3.9600.0","lessThan":"6.3.9600.20478","versionType":"custom","status":"affected"}]},{"vendor":"Microsoft","product":"Windows Server 2012 R2 (Server Core installation)","platforms":["x64-based Systems"],"versions":[{"version":"6.3.9600.0","lessThan":"6.3.9600.20478","versionType":"custom","status":"affected"}]}]	[{"name":"Windows Client Server Run-time Subsystem (CSRSS) Elevation of Privilege Vulnerability","tags":["vendor-advisory"],"url":"https://msrc.microsoft.com/update-guide/vulnerability/CVE-2022-22047"}]	source-metadata-unreviewed
CVE-2022-22718	published	Windows Print Spooler Elevation of Privilege Vulnerability	[{"vendor":"Microsoft","product":"Windows 10 Version 1809","platforms":["32-bit Systems","x64-based Systems"],"versions":[{"version":"10.0.17763.0","lessThan":"10.0.17763.2565","versionType":"custom","status":"affected"}]},{"vendor":"Microsoft","product":"Windows 10 Version 1809","platforms":["ARM64-based Systems"],"versions":[{"version":"10.0.0","lessThan":"10.0.17763.2565","versionType":"custom","status":"affected"}]},{"vendor":"Microsoft","product":"Windows Server 2019","platforms":["x64-based Systems"],"versions":[{"version":"10.0.17763.0","lessThan":"10.0.17763.2565","versionType":"custom","status":"affected"}]},{"vendor":"Microsoft","product":"Windows Server 2019 (Server Core installation)","platforms":["x64-based Systems"],"versions":[{"version":"10.0.17763.0","lessThan":"10.0.17763.2565","versionType":"custom","status":"affected"}]},{"vendor":"Microsoft","product":"Windows 10 Version 1909","platforms":["32-bit Systems","x64-based Systems","ARM64-based Systems"],"versions":[{"version":"10.0.0","lessThan":"10.0.18363.2094","versionType":"custom","status":"affected"}]},{"vendor":"Microsoft","product":"Windows 10 Version 21H1","platforms":["x64-based Systems","ARM64-based Systems","32-bit Systems"],"versions":[{"version":"10.0.0","lessThan":"10.0.19043.1526","versionType":"custom","status":"affected"}]},{"vendor":"Microsoft","product":"Windows Server 2022","platforms":["x64-based Systems"],"versions":[{"version":"10.0.20348.0","lessThan":"10.0.20348.524","versionType":"custom","status":"affected"}]},{"vendor":"Microsoft","product":"Windows 10 Version 20H2","platforms":["32-bit Systems","ARM64-based Systems"],"versions":[{"version":"10.0.0","lessThan":"10.0.19042.1526","versionType":"custom","status":"affected"}]},{"vendor":"Microsoft","product":"Windows Server version 20H2","platforms":["x64-based Systems"],"versions":[{"version":"10.0.0","lessThan":"10.0.19042.1526","versionType":"custom","status":"affected"}]},{"vendor":"Microsoft","product":"Windows 11 version 21H2","platforms":["x64-based Systems","ARM64-based Systems"],"versions":[{"version":"10.0.0","lessThan":"10.0.22000.493","versionType":"custom","status":"affected"}]},{"vendor":"Microsoft","product":"Windows 10 Version 21H2","platforms":["32-bit Systems","ARM64-based Systems","x64-based Systems"],"versions":[{"version":"10.0.19043.0","lessThan":"10.0.19044.1526","versionType":"custom","status":"affected"}]},{"vendor":"Microsoft","product":"Windows 10 Version 1507","platforms":["32-bit Systems","x64-based Systems"],"versions":[{"version":"10.0.10240.0","lessThan":"10.0.10240.19204","versionType":"custom","status":"affected"}]},{"vendor":"Microsoft","product":"Windows 10 Version 1607","platforms":["32-bit Systems","x64-based Systems"],"versions":[{"version":"10.0.14393.0","lessThan":"10.0.14393.4946","versionType":"custom","status":"affected"}]},{"vendor":"Microsoft","product":"Windows Server 2016","platforms":["x64-based Systems"],"versions":[{"version":"10.0.14393.0","lessThan":"10.0.14393.4946","versionType":"custom","status":"affected"}]},{"vendor":"Microsoft","product":"Windows Server 2016 (Server Core installation)","platforms":["x64-based Systems"],"versions":[{"version":"10.0.14393.0","lessThan":"10.0.14393.4946","versionType":"custom","status":"affected"}]},{"vendor":"Microsoft","product":"Windows 7","platforms":["32-bit Systems"],"versions":[{"version":"6.1.0","lessThan":"6.1.7601.25860","versionType":"custom","status":"affected"}]},{"vendor":"Microsoft","product":"Windows 7 Service Pack 1","platforms":["x64-based Systems"],"versions":[{"version":"6.1.0","lessThan":"6.1.7601.25860","versionType":"custom","status":"affected"}]},{"vendor":"Microsoft","product":"Windows 8.1","platforms":["32-bit Systems","x64-based Systems","ARM64-based Systems"],"versions":[{"version":"6.3.0","lessThan":"6.3.9600.20269","versionType":"custom","status":"affected"}]},{"vendor":"Microsoft","product":"Windows Server 2008 Service Pack 2","platforms":["32-bit Systems"],"versions":[{"version":"6.0.6003.0","lessThan":"6.0.6003.21374","versionType":"custom","status":"affected"}]},{"vendor":"Microsoft","product":"Windows Server 2008 Service Pack 2 (Server Core installation)","platforms":["32-bit Systems","x64-based Systems"],"versions":[{"version":"6.0.6003.0","lessThan":"6.0.6003.21374","versionType":"custom","status":"affected"}]},{"vendor":"Microsoft","product":"Windows Server 2008  Service Pack 2","platforms":["x64-based Systems"],"versions":[{"version":"6.0.6003.0","lessThan":"6.0.6003.21374","versionType":"custom","status":"affected"}]},{"vendor":"Microsoft","product":"Windows Server 2008 R2 Service Pack 1","platforms":["x64-based Systems"],"versions":[{"version":"6.1.7601.0","lessThan":"6.1.7601.25860","versionType":"custom","status":"affected"}]},{"vendor":"Microsoft","product":"Windows Server 2008 R2 Service Pack 1 (Server Core installation)","platforms":["x64-based Systems"],"versions":[{"version":"6.1.7601.0","lessThan":"6.1.7601.25860","versionType":"custom","status":"affected"}]},{"vendor":"Microsoft","product":"Windows Server 2012","platforms":["x64-based Systems"],"versions":[{"version":"6.2.9200.0","lessThan":"6.2.9200.23605","versionType":"custom","status":"affected"}]},{"vendor":"Microsoft","product":"Windows Server 2012 (Server Core installation)","platforms":["x64-based Systems"],"versions":[{"version":"6.2.9200.0","lessThan":"6.2.9200.23605","versionType":"custom","status":"affected"}]},{"vendor":"Microsoft","product":"Windows Server 2012 R2","platforms":["x64-based Systems"],"versions":[{"version":"6.3.9600.0","lessThan":"6.3.9600.20269","versionType":"custom","status":"affected"}]},{"vendor":"Microsoft","product":"Windows Server 2012 R2 (Server Core installation)","platforms":["x64-based Systems"],"versions":[{"version":"6.3.9600.0","lessThan":"6.3.9600.20269","versionType":"custom","status":"affected"}]}]	[{"name":"Windows Print Spooler Elevation of Privilege Vulnerability","tags":["vendor-advisory"],"url":"https://msrc.microsoft.com/update-guide/vulnerability/CVE-2022-22718"}]	source-metadata-unreviewed
CVE-2022-24521	published	Windows Common Log File System Driver Elevation of Privilege Vulnerability	[{"vendor":"Microsoft","product":"Windows 10 Version 1809","platforms":["32-bit Systems","x64-based Systems"],"versions":[{"version":"10.0.17763.0","lessThan":"10.0.17763.2803","versionType":"custom","status":"affected"}]},{"vendor":"Microsoft","product":"Windows 10 Version 1809","platforms":["ARM64-based Systems"],"versions":[{"version":"10.0.0","lessThan":"10.0.17763.2803","versionType":"custom","status":"affected"}]},{"vendor":"Microsoft","product":"Windows Server 2019","platforms":["x64-based Systems"],"versions":[{"version":"10.0.17763.0","lessThan":"10.0.17763.2803","versionType":"custom","status":"affected"}]},{"vendor":"Microsoft","product":"Windows Server 2019 (Server Core installation)","platforms":["x64-based Systems"],"versions":[{"version":"10.0.17763.0","lessThan":"10.0.17763.2803","versionType":"custom","status":"affected"}]},{"vendor":"Microsoft","product":"Windows 10 Version 1909","platforms":["32-bit Systems","x64-based Systems","ARM64-based Systems"],"versions":[{"version":"10.0.0","lessThan":"10.0.18363.2212","versionType":"custom","status":"affected"}]},{"vendor":"Microsoft","product":"Windows 10 Version 21H1","platforms":["x64-based Systems","ARM64-based Systems","32-bit Systems"],"versions":[{"version":"10.0.0","lessThan":"10.0.19043.1645","versionType":"custom","status":"affected"}]},{"vendor":"Microsoft","product":"Windows Server 2022","platforms":["x64-based Systems"],"versions":[{"version":"10.0.20348.0","lessThan":"10.0.20348.643","versionType":"custom","status":"affected"}]},{"vendor":"Microsoft","product":"Windows 10 Version 20H2","platforms":["32-bit Systems","ARM64-based Systems"],"versions":[{"version":"10.0.0","lessThan":"10.0.19042.1645","versionType":"custom","status":"affected"}]},{"vendor":"Microsoft","product":"Windows Server version 20H2","platforms":["x64-based Systems"],"versions":[{"version":"10.0.0","lessThan":"10.0.19042.1645","versionType":"custom","status":"affected"}]},{"vendor":"Microsoft","product":"Windows 11 version 21H2","platforms":["x64-based Systems","ARM64-based Systems"],"versions":[{"version":"10.0.0","lessThan":"10.0.22000.613","versionType":"custom","status":"affected"}]},{"vendor":"Microsoft","product":"Windows 10 Version 21H2","platforms":["32-bit Systems","ARM64-based Systems","x64-based Systems"],"versions":[{"version":"10.0.19043.0","lessThan":"10.0.19044.1645","versionType":"custom","status":"affected"}]},{"vendor":"Microsoft","product":"Windows 10 Version 1507","platforms":["32-bit Systems","x64-based Systems"],"versions":[{"version":"10.0.10240.0","lessThan":"10.0.10240.19265","versionType":"custom","status":"affected"}]},{"vendor":"Microsoft","product":"Windows 10 Version 1607","platforms":["32-bit Systems","x64-based Systems"],"versions":[{"version":"10.0.14393.0","lessThan":"10.0.14393.5066","versionType":"custom","status":"affected"}]},{"vendor":"Microsoft","product":"Windows Server 2016","platforms":["x64-based Systems"],"versions":[{"version":"10.0.14393.0","lessThan":"10.0.14393.5066","versionType":"custom","status":"affected"}]},{"vendor":"Microsoft","product":"Windows Server 2016 (Server Core installation)","platforms":["x64-based Systems"],"versions":[{"version":"10.0.14393.0","lessThan":"10.0.14393.5066","versionType":"custom","status":"affected"}]},{"vendor":"Microsoft","product":"Windows 7","platforms":["32-bit Systems"],"versions":[{"version":"6.1.0","lessThan":"6.1.7601.25924","versionType":"custom","status":"affected"}]},{"vendor":"Microsoft","product":"Windows 7 Service Pack 1","platforms":["x64-based Systems"],"versions":[{"version":"6.1.0","lessThan":"6.1.7601.25924","versionType":"custom","status":"affected"}]},{"vendor":"Microsoft","product":"Windows 8.1","platforms":["32-bit Systems","x64-based Systems","ARM64-based Systems"],"versions":[{"version":"6.3.0","lessThan":"6.3.9600.20337","versionType":"custom","status":"affected"}]},{"vendor":"Microsoft","product":"Windows Server 2008 Service Pack 2","platforms":["32-bit Systems"],"versions":[{"version":"6.0.6003.0","lessThan":"6.0.6003.21446","versionType":"custom","status":"affected"}]},{"vendor":"Microsoft","product":"Windows Server 2008 Service Pack 2 (Server Core installation)","platforms":["32-bit Systems","x64-based Systems"],"versions":[{"version":"6.0.6003.0","lessThan":"6.0.6003.21446","versionType":"custom","status":"affected"}]},{"vendor":"Microsoft","product":"Windows Server 2008  Service Pack 2","platforms":["x64-based Systems"],"versions":[{"version":"6.0.6003.0","lessThan":"6.0.6003.21446","versionType":"custom","status":"affected"}]},{"vendor":"Microsoft","product":"Windows Server 2008 R2 Service Pack 1","platforms":["x64-based Systems"],"versions":[{"version":"6.1.7601.0","lessThan":"6.1.7601.25924","versionType":"custom","status":"affected"}]},{"vendor":"Microsoft","product":"Windows Server 2008 R2 Service Pack 1 (Server Core installation)","platforms":["x64-based Systems"],"versions":[{"version":"6.1.7601.0","lessThan":"6.1.7601.25924","versionType":"custom","status":"affected"}]},{"vendor":"Microsoft","product":"Windows Server 2012","platforms":["x64-based Systems"],"versions":[{"version":"6.2.9200.0","lessThan":"6.2.9200.23679","versionType":"custom","status":"affected"}]},{"vendor":"Microsoft","product":"Windows Server 2012 (Server Core installation)","platforms":["x64-based Systems"],"versions":[{"version":"6.2.9200.0","lessThan":"6.2.9200.23679","versionType":"custom","status":"affected"}]},{"vendor":"Microsoft","product":"Windows Server 2012 R2","platforms":["x64-based Systems"],"versions":[{"version":"6.3.9600.0","lessThan":"6.3.9600.20337","versionType":"custom","status":"affected"}]},{"vendor":"Microsoft","product":"Windows Server 2012 R2 (Server Core installation)","platforms":["x64-based Systems"],"versions":[{"version":"6.3.9600.0","lessThan":"6.3.9600.20337","versionType":"custom","status":"affected"}]}]	[{"name":"Windows Common Log File System Driver Elevation of Privilege Vulnerability","tags":["vendor-advisory"],"url":"https://msrc.microsoft.com/update-guide/vulnerability/CVE-2022-24521"}]	source-metadata-unreviewed
CVE-2022-2586	published	It was discovered that a nft object or expression could reference a nft set on a different nft table, leading to a use-after-free once that table was deleted.	[{"vendor":"The Linux Kernel Organization","product":"linux","platforms":["Linux"],"packageName":"linux","repo":"https://git.kernel.org/pub/scm/linux/kernel/git/torvalds/linux.git","versions":[{"status":"affected","version":"3.16","lessThan":"4.14.316","versionType":"semver"},{"status":"affected","version":"4.15","lessThan":"4.19.256","versionType":"semver"},{"status":"affected","version":"4.20","lessThan":"5.4.211","versionType":"semver"},{"status":"affected","version":"5.5","lessThan":"5.10.137","versionType":"semver"},{"status":"affected","version":"5.11","lessThan":"5.15.61","versionType":"semver"},{"status":"affected","version":"5.16","lessThan":"5.18.18","versionType":"semver"},{"status":"affected","version":"5.19","lessThan":"5.19.2","versionType":"semver"}],"defaultStatus":"unaffected"}]	[{"url":"https://ubuntu.com/security/notices/USN-5564-1","tags":["third-party-advisory"]},{"url":"https://ubuntu.com/security/notices/USN-5560-2","tags":["third-party-advisory"]},{"url":"https://ubuntu.com/security/notices/USN-5582-1","tags":["third-party-advisory"]},{"url":"https://ubuntu.com/security/notices/USN-5567-1","tags":["third-party-advisory"]},{"url":"https://ubuntu.com/security/notices/USN-5560-1","tags":["third-party-advisory"]},{"url":"https://ubuntu.com/security/notices/USN-5566-1","tags":["third-party-advisory"]},{"url":"https://www.openwall.com/lists/oss-security/2022/08/09/5","tags":["issue-tracking"]},{"url":"https://ubuntu.com/security/notices/USN-5565-1","tags":["third-party-advisory"]},{"url":"https://www.zerodayinitiative.com/advisories/ZDI-22-1118/","tags":["issue-tracking"]},{"url":"https://lore.kernel.org/netfilter-devel/20220809170148.164591-1-cascardo@canonical.com/T/#t","tags":["issue-tracking"]},{"url":"https://ubuntu.com/security/notices/USN-5562-1","tags":["third-party-advisory"]},{"url":"https://ubuntu.com/security/notices/USN-5557-1","tags":["third-party-advisory"]},{"url":"https://cve.mitre.org/cgi-bin/cvename.cgi?name=CVE-2022-2586","tags":["issue-tracking"]}]	source-metadata-unreviewed
CVE-2022-26904	published	Windows User Profile Service Elevation of Privilege Vulnerability	[{"vendor":"Microsoft","product":"Windows 10 Version 1809","platforms":["32-bit Systems","x64-based Systems"],"versions":[{"version":"10.0.17763.0","lessThan":"10.0.17763.2803","versionType":"custom","status":"affected"}]},{"vendor":"Microsoft","product":"Windows 10 Version 1809","platforms":["ARM64-based Systems"],"versions":[{"version":"10.0.0","lessThan":"10.0.17763.2803","versionType":"custom","status":"affected"}]},{"vendor":"Microsoft","product":"Windows Server 2019","platforms":["x64-based Systems"],"versions":[{"version":"10.0.17763.0","lessThan":"10.0.17763.2803","versionType":"custom","status":"affected"}]},{"vendor":"Microsoft","product":"Windows Server 2019 (Server Core installation)","platforms":["x64-based Systems"],"versions":[{"version":"10.0.17763.0","lessThan":"10.0.17763.2803","versionType":"custom","status":"affected"}]},{"vendor":"Microsoft","product":"Windows 10 Version 1909","platforms":["32-bit Systems","x64-based Systems","ARM64-based Systems"],"versions":[{"version":"10.0.0","lessThan":"10.0.18363.2212","versionType":"custom","status":"affected"}]},{"vendor":"Microsoft","product":"Windows 10 Version 21H1","platforms":["x64-based Systems","ARM64-based Systems","32-bit Systems"],"versions":[{"version":"10.0.0","lessThan":"10.0.19043.1645","versionType":"custom","status":"affected"}]},{"vendor":"Microsoft","product":"Windows Server 2022","platforms":["x64-based Systems"],"versions":[{"version":"10.0.20348.0","lessThan":"10.0.20348.643","versionType":"custom","status":"affected"}]},{"vendor":"Microsoft","product":"Windows 10 Version 20H2","platforms":["32-bit Systems","ARM64-based Systems"],"versions":[{"version":"10.0.0","lessThan":"10.0.19042.1645","versionType":"custom","status":"affected"}]},{"vendor":"Microsoft","product":"Windows Server version 20H2","platforms":["x64-based Systems"],"versions":[{"version":"10.0.0","lessThan":"10.0.19042.1645","versionType":"custom","status":"affected"}]},{"vendor":"Microsoft","product":"Windows 11 version 21H2","platforms":["x64-based Systems","ARM64-based Systems"],"versions":[{"version":"10.0.0","lessThan":"10.0.22000.613","versionType":"custom","status":"affected"}]},{"vendor":"Microsoft","product":"Windows 10 Version 21H2","platforms":["32-bit Systems","ARM64-based Systems","x64-based Systems"],"versions":[{"version":"10.0.19043.0","lessThan":"10.0.19044.1645","versionType":"custom","status":"affected"}]},{"vendor":"Microsoft","product":"Windows 10 Version 1507","platforms":["32-bit Systems","x64-based Systems"],"versions":[{"version":"10.0.10240.0","lessThan":"10.0.10240.19265","versionType":"custom","status":"affected"}]},{"vendor":"Microsoft","product":"Windows 10 Version 1607","platforms":["32-bit Systems","x64-based Systems"],"versions":[{"version":"10.0.14393.0","lessThan":"10.0.14393.5066","versionType":"custom","status":"affected"}]},{"vendor":"Microsoft","product":"Windows Server 2016","platforms":["x64-based Systems"],"versions":[{"version":"10.0.14393.0","lessThan":"10.0.14393.5066","versionType":"custom","status":"affected"}]},{"vendor":"Microsoft","product":"Windows Server 2016 (Server Core installation)","platforms":["x64-based Systems"],"versions":[{"version":"10.0.14393.0","lessThan":"10.0.14393.5066","versionType":"custom","status":"affected"}]},{"vendor":"Microsoft","product":"Windows 7","platforms":["32-bit Systems"],"versions":[{"version":"6.1.0","lessThan":"6.1.7601.25924","versionType":"custom","status":"affected"}]},{"vendor":"Microsoft","product":"Windows 7 Service Pack 1","platforms":["x64-based Systems"],"versions":[{"version":"6.1.0","lessThan":"6.1.7601.25924","versionType":"custom","status":"affected"}]},{"vendor":"Microsoft","product":"Windows 8.1","platforms":["32-bit Systems","x64-based Systems","ARM64-based Systems"],"versions":[{"version":"6.3.0","lessThan":"6.3.9600.20337","versionType":"custom","status":"affected"}]},{"vendor":"Microsoft","product":"Windows Server 2008 Service Pack 2","platforms":["32-bit Systems"],"versions":[{"version":"6.0.6003.0","lessThan":"6.0.6003.21446","versionType":"custom","status":"affected"}]},{"vendor":"Microsoft","product":"Windows Server 2008 Service Pack 2 (Server Core installation)","platforms":["32-bit Systems","x64-based Systems"],"versions":[{"version":"6.0.6003.0","lessThan":"6.0.6003.21446","versionType":"custom","status":"affected"}]},{"vendor":"Microsoft","product":"Windows Server 2008  Service Pack 2","platforms":["x64-based Systems"],"versions":[{"version":"6.0.6003.0","lessThan":"6.0.6003.21446","versionType":"custom","status":"affected"}]},{"vendor":"Microsoft","product":"Windows Server 2008 R2 Service Pack 1","platforms":["x64-based Systems"],"versions":[{"version":"6.1.7601.0","lessThan":"6.1.7601.25924","versionType":"custom","status":"affected"}]},{"vendor":"Microsoft","product":"Windows Server 2008 R2 Service Pack 1 (Server Core installation)","platforms":["x64-based Systems"],"versions":[{"version":"6.1.7601.0","lessThan":"6.1.7601.25924","versionType":"custom","status":"affected"}]},{"vendor":"Microsoft","product":"Windows Server 2012","platforms":["x64-based Systems"],"versions":[{"version":"6.2.9200.0","lessThan":"6.2.9200.23679","versionType":"custom","status":"affected"}]},{"vendor":"Microsoft","product":"Windows Server 2012 (Server Core installation)","platforms":["x64-based Systems"],"versions":[{"version":"6.2.9200.0","lessThan":"6.2.9200.23679","versionType":"custom","status":"affected"}]},{"vendor":"Microsoft","product":"Windows Server 2012 R2","platforms":["x64-based Systems"],"versions":[{"version":"6.3.9600.0","lessThan":"6.3.9600.20337","versionType":"custom","status":"affected"}]},{"vendor":"Microsoft","product":"Windows Server 2012 R2 (Server Core installation)","platforms":["x64-based Systems"],"versions":[{"version":"6.3.9600.0","lessThan":"6.3.9600.20337","versionType":"custom","status":"affected"}]}]	[{"name":"Windows User Profile Service Elevation of Privilege Vulnerability","tags":["vendor-advisory"],"url":"https://msrc.microsoft.com/update-guide/vulnerability/CVE-2022-26904"}]	source-metadata-unreviewed
CVE-2022-37969	published	Windows Common Log File System Driver Elevation of Privilege Vulnerability	[{"vendor":"Microsoft","product":"Windows 10 Version 1809","platforms":["32-bit Systems","x64-based Systems"],"versions":[{"version":"10.0.17763.0","lessThan":"10.0.17763.3406","versionType":"custom","status":"affected"}]},{"vendor":"Microsoft","product":"Windows 10 Version 1809","platforms":["ARM64-based Systems"],"versions":[{"version":"10.0.0","lessThan":"10.0.17763.3406","versionType":"custom","status":"affected"}]},{"vendor":"Microsoft","product":"Windows Server 2019","platforms":["x64-based Systems"],"versions":[{"version":"10.0.17763.0","lessThan":"10.0.17763.3406","versionType":"custom","status":"affected"}]},{"vendor":"Microsoft","product":"Windows Server 2019 (Server Core installation)","platforms":["x64-based Systems"],"versions":[{"version":"10.0.17763.0","lessThan":"10.0.17763.3406","versionType":"custom","status":"affected"}]},{"vendor":"Microsoft","product":"Windows 10 Version 21H1","platforms":["x64-based Systems","ARM64-based Systems","32-bit Systems"],"versions":[{"version":"10.0.0","lessThan":"10.0.19043.2006","versionType":"custom","status":"affected"}]},{"vendor":"Microsoft","product":"Windows Server 2022","platforms":["x64-based Systems"],"versions":[{"version":"10.0.20348.0","lessThan":"10.0.20348.1006","versionType":"custom","status":"affected"}]},{"vendor":"Microsoft","product":"Windows 10 Version 20H2","platforms":["32-bit Systems","ARM64-based Systems"],"versions":[{"version":"10.0.0","lessThan":"10.0.19042.2006","versionType":"custom","status":"affected"}]},{"vendor":"Microsoft","product":"Windows 11 version 21H2","platforms":["x64-based Systems","ARM64-based Systems"],"versions":[{"version":"10.0.0","lessThan":"10.0.22000.978","versionType":"custom","status":"affected"}]},{"vendor":"Microsoft","product":"Windows 10 Version 21H2","platforms":["32-bit Systems","ARM64-based Systems","x64-based Systems"],"versions":[{"version":"10.0.19043.0","lessThan":"10.0.19044.2006","versionType":"custom","status":"affected"}]},{"vendor":"Microsoft","product":"Windows 10 Version 1507","platforms":["32-bit Systems","x64-based Systems"],"versions":[{"version":"10.0.10240.0","lessThan":"10.0.10240.19444","versionType":"custom","status":"affected"}]},{"vendor":"Microsoft","product":"Windows 10 Version 1607","platforms":["32-bit Systems","x64-based Systems"],"versions":[{"version":"10.0.14393.0","lessThan":"10.0.14393.5356","versionType":"custom","status":"affected"}]},{"vendor":"Microsoft","product":"Windows Server 2016","platforms":["x64-based Systems"],"versions":[{"version":"10.0.14393.0","lessThan":"10.0.14393.5356","versionType":"custom","status":"affected"}]},{"vendor":"Microsoft","product":"Windows Server 2016 (Server Core installation)","platforms":["x64-based Systems"],"versions":[{"version":"10.0.14393.0","lessThan":"10.0.14393.5356","versionType":"custom","status":"affected"}]},{"vendor":"Microsoft","product":"Windows 7","platforms":["32-bit Systems"],"versions":[{"version":"6.1.0","lessThan":"6.1.7601.26115","versionType":"custom","status":"affected"}]},{"vendor":"Microsoft","product":"Windows 7 Service Pack 1","platforms":["x64-based Systems"],"versions":[{"version":"6.1.0","lessThan":"6.1.7601.26115","versionType":"custom","status":"affected"}]},{"vendor":"Microsoft","product":"Windows 8.1","platforms":["32-bit Systems","x64-based Systems","ARM64-based Systems"],"versions":[{"version":"6.3.0","lessThan":"6.3.9600.20571","versionType":"custom","status":"affected"}]},{"vendor":"Microsoft","product":"Windows Server 2008 Service Pack 2","platforms":["32-bit Systems"],"versions":[{"version":"6.0.6003.0","lessThan":"6.0.6003.21666","versionType":"custom","status":"affected"}]},{"vendor":"Microsoft","product":"Windows Server 2008 Service Pack 2 (Server Core installation)","platforms":["32-bit Systems","x64-based Systems"],"versions":[{"version":"6.0.6003.0","lessThan":"6.0.6003.21666","versionType":"custom","status":"affected"}]},{"vendor":"Microsoft","product":"Windows Server 2008  Service Pack 2","platforms":["x64-based Systems"],"versions":[{"version":"6.0.6003.0","lessThan":"6.0.6003.21666","versionType":"custom","status":"affected"}]},{"vendor":"Microsoft","product":"Windows Server 2008 R2 Service Pack 1","platforms":["x64-based Systems"],"versions":[{"version":"6.1.7601.0","lessThan":"6.1.7601.26115","versionType":"custom","status":"affected"}]},{"vendor":"Microsoft","product":"Windows Server 2008 R2 Service Pack 1 (Server Core installation)","platforms":["x64-based Systems"],"versions":[{"version":"6.1.7601.0","lessThan":"6.1.7601.26115","versionType":"custom","status":"affected"}]},{"vendor":"Microsoft","product":"Windows Server 2012","platforms":["x64-based Systems"],"versions":[{"version":"6.2.9200.0","lessThan":"6.2.9200.23865","versionType":"custom","status":"affected"}]},{"vendor":"Microsoft","product":"Windows Server 2012 (Server Core installation)","platforms":["x64-based Systems"],"versions":[{"version":"6.2.9200.0","lessThan":"6.2.9200.23865","versionType":"custom","status":"affected"}]},{"vendor":"Microsoft","product":"Windows Server 2012 R2","platforms":["x64-based Systems"],"versions":[{"version":"6.3.9600.0","lessThan":"6.3.9600.20571","versionType":"custom","status":"affected"}]},{"vendor":"Microsoft","product":"Windows Server 2012 R2 (Server Core installation)","platforms":["x64-based Systems"],"versions":[{"version":"6.3.9600.0","lessThan":"6.3.9600.20571","versionType":"custom","status":"affected"}]}]	[{"name":"Windows Common Log File System Driver Elevation of Privilege Vulnerability","tags":["vendor-advisory"],"url":"https://msrc.microsoft.com/update-guide/vulnerability/CVE-2022-37969"}]	source-metadata-unreviewed
CVE-2022-38028	published	Windows Print Spooler Elevation of Privilege Vulnerability	[{"vendor":"Microsoft","product":"Windows 10 Version 1809","platforms":["32-bit Systems","x64-based Systems"],"versions":[{"version":"10.0.17763.0","lessThan":"10.0.17763.3532","versionType":"custom","status":"affected"}]},{"vendor":"Microsoft","product":"Windows 10 Version 1809","platforms":["ARM64-based Systems"],"versions":[{"version":"10.0.0","lessThan":"10.0.17763.3532","versionType":"custom","status":"affected"}]},{"vendor":"Microsoft","product":"Windows Server 2019","platforms":["x64-based Systems"],"versions":[{"version":"10.0.17763.0","lessThan":"10.0.17763.3532","versionType":"custom","status":"affected"}]},{"vendor":"Microsoft","product":"Windows Server 2019 (Server Core installation)","platforms":["x64-based Systems"],"versions":[{"version":"10.0.17763.0","lessThan":"10.0.17763.3532","versionType":"custom","status":"affected"}]},{"vendor":"Microsoft","product":"Windows 10 Version 21H1","platforms":["x64-based Systems","ARM64-based Systems","32-bit Systems"],"versions":[{"version":"10.0.0","lessThan":"10.0.19043.2130","versionType":"custom","status":"affected"}]},{"vendor":"Microsoft","product":"Windows Server 2022","platforms":["x64-based Systems"],"versions":[{"version":"10.0.20348.0","lessThan":"10.0.20348.1129","versionType":"custom","status":"affected"}]},{"vendor":"Microsoft","product":"Windows 10 Version 20H2","platforms":["32-bit Systems","ARM64-based Systems"],"versions":[{"version":"10.0.0","lessThan":"10.0.19042.2130","versionType":"custom","status":"affected"}]},{"vendor":"Microsoft","product":"Windows 11 version 21H2","platforms":["x64-based Systems","ARM64-based Systems"],"versions":[{"version":"10.0.0","lessThan":"10.0.22000.1098","versionType":"custom","status":"affected"}]},{"vendor":"Microsoft","product":"Windows 10 Version 21H2","platforms":["32-bit Systems","ARM64-based Systems","x64-based Systems"],"versions":[{"version":"10.0.19043.0","lessThan":"10.0.19044.2130","versionType":"custom","status":"affected"}]},{"vendor":"Microsoft","product":"Windows 11 version 22H2","platforms":["ARM64-based Systems","x64-based Systems"],"versions":[{"version":"10.0.22621.0","lessThan":"10.0.22621.674","versionType":"custom","status":"affected"}]},{"vendor":"Microsoft","product":"Windows 10 Version 1507","platforms":["32-bit Systems","x64-based Systems"],"versions":[{"version":"10.0.10240.0","lessThan":"10.0.10240.19507","versionType":"custom","status":"affected"}]},{"vendor":"Microsoft","product":"Windows 10 Version 1607","platforms":["32-bit Systems","x64-based Systems"],"versions":[{"version":"10.0.14393.0","lessThan":"10.0.14393.5427","versionType":"custom","status":"affected"}]},{"vendor":"Microsoft","product":"Windows Server 2016","platforms":["x64-based Systems"],"versions":[{"version":"10.0.14393.0","lessThan":"10.0.14393.5427","versionType":"custom","status":"affected"}]},{"vendor":"Microsoft","product":"Windows Server 2016 (Server Core installation)","platforms":["x64-based Systems"],"versions":[{"version":"10.0.14393.0","lessThan":"10.0.14393.5427","versionType":"custom","status":"affected"}]},{"vendor":"Microsoft","product":"Windows 8.1","platforms":["32-bit Systems","x64-based Systems","ARM64-based Systems"],"versions":[{"version":"6.3.0","lessThan":"6.3.9600.20625","versionType":"custom","status":"affected"}]},{"vendor":"Microsoft","product":"Windows Server 2012","platforms":["x64-based Systems"],"versions":[{"version":"6.2.9200.0","lessThan":"6.2.9200.23920","versionType":"custom","status":"affected"}]},{"vendor":"Microsoft","product":"Windows Server 2012 (Server Core installation)","platforms":["x64-based Systems"],"versions":[{"version":"6.2.9200.0","lessThan":"6.2.9200.23920","versionType":"custom","status":"affected"}]},{"vendor":"Microsoft","product":"Windows Server 2012 R2","platforms":["x64-based Systems"],"versions":[{"version":"6.3.9600.0","lessThan":"6.3.9600.20625","versionType":"custom","status":"affected"}]},{"vendor":"Microsoft","product":"Windows Server 2012 R2 (Server Core installation)","platforms":["x64-based Systems"],"versions":[{"version":"6.3.9600.0","lessThan":"6.3.9600.20625","versionType":"custom","status":"affected"}]}]	[{"name":"Windows Print Spooler Elevation of Privilege Vulnerability","tags":["vendor-advisory"],"url":"https://msrc.microsoft.com/update-guide/vulnerability/CVE-2022-38028"}]	source-metadata-unreviewed
CVE-2022-41033	published	Windows COM+ Event System Service Elevation of Privilege Vulnerability	[{"vendor":"Microsoft","product":"Windows 10 Version 1809","platforms":["32-bit Systems","x64-based Systems"],"versions":[{"version":"10.0.17763.0","lessThan":"10.0.17763.3532","versionType":"custom","status":"affected"}]},{"vendor":"Microsoft","product":"Windows 10 Version 1809","platforms":["ARM64-based Systems"],"versions":[{"version":"10.0.0","lessThan":"10.0.17763.3532","versionType":"custom","status":"affected"}]},{"vendor":"Microsoft","product":"Windows Server 2019","platforms":["x64-based Systems"],"versions":[{"version":"10.0.17763.0","lessThan":"10.0.17763.3532","versionType":"custom","status":"affected"}]},{"vendor":"Microsoft","product":"Windows Server 2019 (Server Core installation)","platforms":["x64-based Systems"],"versions":[{"version":"10.0.17763.0","lessThan":"10.0.17763.3532","versionType":"custom","status":"affected"}]},{"vendor":"Microsoft","product":"Windows 10 Version 21H1","platforms":["x64-based Systems","ARM64-based Systems","32-bit Systems"],"versions":[{"version":"10.0.0","lessThan":"10.0.19043.2130","versionType":"custom","status":"affected"}]},{"vendor":"Microsoft","product":"Windows Server 2022","platforms":["x64-based Systems"],"versions":[{"version":"10.0.20348.0","lessThan":"10.0.20348.1129","versionType":"custom","status":"affected"}]},{"vendor":"Microsoft","product":"Windows 10 Version 20H2","platforms":["32-bit Systems","ARM64-based Systems"],"versions":[{"version":"10.0.0","lessThan":"10.0.19042.2130","versionType":"custom","status":"affected"}]},{"vendor":"Microsoft","product":"Windows 11 version 21H2","platforms":["x64-based Systems","ARM64-based Systems"],"versions":[{"version":"10.0.0","lessThan":"10.0.22000.1098","versionType":"custom","status":"affected"}]},{"vendor":"Microsoft","product":"Windows 10 Version 21H2","platforms":["32-bit Systems","ARM64-based Systems","x64-based Systems"],"versions":[{"version":"10.0.19043.0","lessThan":"10.0.19044.2130","versionType":"custom","status":"affected"}]},{"vendor":"Microsoft","product":"Windows 11 version 22H2","platforms":["ARM64-based Systems","x64-based Systems"],"versions":[{"version":"10.0.22621.0","lessThan":"10.0.22621.674","versionType":"custom","status":"affected"}]},{"vendor":"Microsoft","product":"Windows 10 Version 1507","platforms":["32-bit Systems","x64-based Systems"],"versions":[{"version":"10.0.10240.0","lessThan":"10.0.10240.19507","versionType":"custom","status":"affected"}]},{"vendor":"Microsoft","product":"Windows 10 Version 1607","platforms":["32-bit Systems","x64-based Systems"],"versions":[{"version":"10.0.14393.0","lessThan":"10.0.14393.5427","versionType":"custom","status":"affected"}]},{"vendor":"Microsoft","product":"Windows Server 2016","platforms":["x64-based Systems"],"versions":[{"version":"10.0.14393.0","lessThan":"10.0.14393.5427","versionType":"custom","status":"affected"}]},{"vendor":"Microsoft","product":"Windows Server 2016 (Server Core installation)","platforms":["x64-based Systems"],"versions":[{"version":"10.0.14393.0","lessThan":"10.0.14393.5427","versionType":"custom","status":"affected"}]},{"vendor":"Microsoft","product":"Windows 7","platforms":["32-bit Systems"],"versions":[{"version":"6.1.0","lessThan":"6.1.7601.26174","versionType":"custom","status":"affected"}]},{"vendor":"Microsoft","product":"Windows 7 Service Pack 1","platforms":["x64-based Systems"],"versions":[{"version":"6.1.0","lessThan":"6.1.7601.26174","versionType":"custom","status":"affected"}]},{"vendor":"Microsoft","product":"Windows 8.1","platforms":["32-bit Systems","x64-based Systems","ARM64-based Systems"],"versions":[{"version":"6.3.0","lessThan":"6.3.9600.20625","versionType":"custom","status":"affected"}]},{"vendor":"Microsoft","product":"Windows Server 2008 Service Pack 2","platforms":["32-bit Systems"],"versions":[{"version":"6.0.6003.0","lessThan":"6.0.6003.21721","versionType":"custom","status":"affected"}]},{"vendor":"Microsoft","product":"Windows Server 2008 Service Pack 2 (Server Core installation)","platforms":["32-bit Systems","x64-based Systems"],"versions":[{"version":"6.0.6003.0","lessThan":"6.0.6003.21721","versionType":"custom","status":"affected"}]},{"vendor":"Microsoft","product":"Windows Server 2008  Service Pack 2","platforms":["x64-based Systems"],"versions":[{"version":"6.0.6003.0","lessThan":"6.0.6003.21721","versionType":"custom","status":"affected"}]},{"vendor":"Microsoft","product":"Windows Server 2008 R2 Service Pack 1","platforms":["x64-based Systems"],"versions":[{"version":"6.1.7601.0","lessThan":"6.1.7601.26174","versionType":"custom","status":"affected"}]},{"vendor":"Microsoft","product":"Windows Server 2008 R2 Service Pack 1 (Server Core installation)","platforms":["x64-based Systems"],"versions":[{"version":"6.1.7601.0","lessThan":"6.1.7601.26174","versionType":"custom","status":"affected"}]},{"vendor":"Microsoft","product":"Windows Server 2012","platforms":["x64-based Systems"],"versions":[{"version":"6.2.9200.0","lessThan":"6.2.9200.23920","versionType":"custom","status":"affected"}]},{"vendor":"Microsoft","product":"Windows Server 2012 (Server Core installation)","platforms":["x64-based Systems"],"versions":[{"version":"6.2.9200.0","lessThan":"6.2.9200.23920","versionType":"custom","status":"affected"}]},{"vendor":"Microsoft","product":"Windows Server 2012 R2","platforms":["x64-based Systems"],"versions":[{"version":"6.3.9600.0","lessThan":"6.3.9600.20625","versionType":"custom","status":"affected"}]},{"vendor":"Microsoft","product":"Windows Server 2012 R2 (Server Core installation)","platforms":["x64-based Systems"],"versions":[{"version":"6.3.9600.0","lessThan":"6.3.9600.20625","versionType":"custom","status":"affected"}]}]	[{"name":"Windows COM+ Event System Service Elevation of Privilege Vulnerability","tags":["vendor-advisory"],"url":"https://msrc.microsoft.com/update-guide/vulnerability/CVE-2022-41033"}]	source-metadata-unreviewed
CVE-2022-41073	published	Windows Print Spooler Elevation of Privilege Vulnerability	[{"vendor":"Microsoft","product":"Windows 10 Version 1507","platforms":["32-bit Systems","x64-based Systems"],"versions":[{"version":"10.0.10240.0","lessThan":"10.0.10240.19567","versionType":"custom","status":"affected"}]},{"vendor":"Microsoft","product":"Windows 10 Version 1607","platforms":["32-bit Systems","x64-based Systems"],"versions":[{"version":"10.0.14393.0","lessThan":"10.0.14393.5501","versionType":"custom","status":"affected"}]},{"vendor":"Microsoft","product":"Windows 10 Version 1809","platforms":["32-bit Systems","x64-based Systems"],"versions":[{"version":"10.0.17763.0","lessThan":"10.0.17763.3650","versionType":"custom","status":"affected"}]},{"vendor":"Microsoft","product":"Windows 10 Version 1809","platforms":["ARM64-based Systems"],"versions":[{"version":"10.0.0","lessThan":"10.0.17763.3650","versionType":"custom","status":"affected"}]},{"vendor":"Microsoft","product":"Windows 10 Version 20H2","platforms":["32-bit Systems","ARM64-based Systems"],"versions":[{"version":"10.0.0","lessThan":"10.0.19042.2251","versionType":"custom","status":"affected"}]},{"vendor":"Microsoft","product":"Windows 10 Version 21H1","platforms":["32-bit Systems","ARM64-based Systems","x64-based Systems"],"versions":[{"version":"10.0.0","lessThan":"10.0.19043.2251","versionType":"custom","status":"affected"}]},{"vendor":"Microsoft","product":"Windows 10 Version 21H2","platforms":["32-bit Systems","ARM64-based Systems","x64-based Systems"],"versions":[{"version":"10.0.19043.0","lessThan":"10.0.19044.2251","versionType":"custom","status":"affected"}]},{"vendor":"Microsoft","product":"Windows 10 Version 22H2","platforms":["32-bit Systems","ARM64-based Systems","x64-based Systems"],"versions":[{"version":"10.0.19045.0","lessThan":"10.0.19045.2251","versionType":"custom","status":"affected"}]},{"vendor":"Microsoft","product":"Windows 11 version 21H2","platforms":["ARM64-based Systems","x64-based Systems"],"versions":[{"version":"10.0.0","lessThan":"10.0.22000.1219","versionType":"custom","status":"affected"}]},{"vendor":"Microsoft","product":"Windows 11 version 22H2","platforms":["ARM64-based Systems","x64-based Systems"],"versions":[{"version":"10.0.22621.0","lessThan":"10.0.22621.819","versionType":"custom","status":"affected"}]},{"vendor":"Microsoft","product":"Windows 7","platforms":["32-bit Systems"],"versions":[{"version":"6.1.0","lessThan":"6.1.7601.26221","versionType":"custom","status":"affected"}]},{"vendor":"Microsoft","product":"Windows 7 Service Pack 1","platforms":["x64-based Systems"],"versions":[{"version":"6.1.0","lessThan":"6.1.7601.26221","versionType":"custom","status":"affected"}]},{"vendor":"Microsoft","product":"Windows 8.1","platforms":["32-bit Systems","ARM64-based Systems","x64-based Systems"],"versions":[{"version":"6.3.0","lessThan":"6.3.9600.20671","versionType":"custom","status":"affected"}]},{"vendor":"Microsoft","product":"Windows Server 2008  Service Pack 2","platforms":["x64-based Systems"],"versions":[{"version":"6.0.6003.0","lessThan":"6.0.6003.21768","versionType":"custom","status":"affected"}]},{"vendor":"Microsoft","product":"Windows Server 2008 R2 Service Pack 1","platforms":["x64-based Systems"],"versions":[{"version":"6.1.7601.0","lessThan":"6.1.7601.26221","versionType":"custom","status":"affected"}]},{"vendor":"Microsoft","product":"Windows Server 2008 R2 Service Pack 1 (Server Core installation)","platforms":["x64-based Systems"],"versions":[{"version":"6.1.7601.0","lessThan":"6.1.7601.26221","versionType":"custom","status":"affected"}]},{"vendor":"Microsoft","product":"Windows Server 2008 Service Pack 2","platforms":["32-bit Systems"],"versions":[{"version":"6.0.6003.0","lessThan":"6.0.6003.21768","versionType":"custom","status":"affected"}]},{"vendor":"Microsoft","product":"Windows Server 2008 Service Pack 2 (Server Core installation)","platforms":["32-bit Systems","x64-based Systems"],"versions":[{"version":"6.0.6003.0","lessThan":"6.0.6003.21768","versionType":"custom","status":"affected"}]},{"vendor":"Microsoft","product":"Windows Server 2012","platforms":["x64-based Systems"],"versions":[{"version":"6.2.9200.0","lessThan":"6.2.9200.23968","versionType":"custom","status":"affected"}]},{"vendor":"Microsoft","product":"Windows Server 2012 (Server Core installation)","platforms":["x64-based Systems"],"versions":[{"version":"6.2.9200.0","lessThan":"6.2.9200.23968","versionType":"custom","status":"affected"}]},{"vendor":"Microsoft","product":"Windows Server 2012 R2","platforms":["x64-based Systems"],"versions":[{"version":"6.3.9600.0","lessThan":"6.3.9600.20671","versionType":"custom","status":"affected"}]},{"vendor":"Microsoft","product":"Windows Server 2012 R2 (Server Core installation)","platforms":["x64-based Systems"],"versions":[{"version":"6.3.9600.0","lessThan":"6.3.9600.20671","versionType":"custom","status":"affected"}]},{"vendor":"Microsoft","product":"Windows Server 2016","platforms":["x64-based Systems"],"versions":[{"version":"10.0.14393.0","lessThan":"10.0.14393.5501","versionType":"custom","status":"affected"}]},{"vendor":"Microsoft","product":"Windows Server 2016 (Server Core installation)","platforms":["x64-based Systems"],"versions":[{"version":"10.0.14393.0","lessThan":"10.0.14393.5501","versionType":"custom","status":"affected"}]},{"vendor":"Microsoft","product":"Windows Server 2019","platforms":["x64-based Systems"],"versions":[{"version":"10.0.17763.0","lessThan":"10.0.17763.3650","versionType":"custom","status":"affected"}]},{"vendor":"Microsoft","product":"Windows Server 2019 (Server Core installation)","platforms":["x64-based Systems"],"versions":[{"version":"10.0.17763.0","lessThan":"10.0.17763.3650","versionType":"custom","status":"affected"}]},{"vendor":"Microsoft","product":"Windows Server 2022","platforms":["x64-based Systems"],"versions":[{"version":"10.0.20348.0","lessThan":"10.0.20348.1249","versionType":"custom","status":"affected"}]}]	[{"name":"Windows Print Spooler Elevation of Privilege Vulnerability","tags":["vendor-advisory","patch"],"url":"https://msrc.microsoft.com/update-guide/vulnerability/CVE-2022-41073"}]	source-metadata-unreviewed
CVE-2022-41125	published	Windows CNG Key Isolation Service Elevation of Privilege Vulnerability	[{"vendor":"Microsoft","product":"Windows 10 Version 1507","platforms":["32-bit Systems","x64-based Systems"],"versions":[{"version":"10.0.10240.0","lessThan":"10.0.10240.19567","versionType":"custom","status":"affected"}]},{"vendor":"Microsoft","product":"Windows 10 Version 1607","platforms":["32-bit Systems","x64-based Systems"],"versions":[{"version":"10.0.14393.0","lessThan":"10.0.14393.5501","versionType":"custom","status":"affected"}]},{"vendor":"Microsoft","product":"Windows 10 Version 1809","platforms":["32-bit Systems","x64-based Systems"],"versions":[{"version":"10.0.17763.0","lessThan":"10.0.17763.3650","versionType":"custom","status":"affected"}]},{"vendor":"Microsoft","product":"Windows 10 Version 1809","platforms":["ARM64-based Systems"],"versions":[{"version":"10.0.0","lessThan":"10.0.17763.3650","versionType":"custom","status":"affected"}]},{"vendor":"Microsoft","product":"Windows 10 Version 20H2","platforms":["32-bit Systems","ARM64-based Systems"],"versions":[{"version":"10.0.0","lessThan":"10.0.19042.2251","versionType":"custom","status":"affected"}]},{"vendor":"Microsoft","product":"Windows 10 Version 21H1","platforms":["32-bit Systems","ARM64-based Systems","x64-based Systems"],"versions":[{"version":"10.0.0","lessThan":"10.0.19043.2251","versionType":"custom","status":"affected"}]},{"vendor":"Microsoft","product":"Windows 10 Version 21H2","platforms":["32-bit Systems","ARM64-based Systems","x64-based Systems"],"versions":[{"version":"10.0.19043.0","lessThan":"10.0.19044.2251","versionType":"custom","status":"affected"}]},{"vendor":"Microsoft","product":"Windows 10 Version 22H2","platforms":["32-bit Systems","ARM64-based Systems","x64-based Systems"],"versions":[{"version":"10.0.19045.0","lessThan":"10.0.19045.2251","versionType":"custom","status":"affected"}]},{"vendor":"Microsoft","product":"Windows 11 version 21H2","platforms":["ARM64-based Systems","x64-based Systems"],"versions":[{"version":"10.0.0","lessThan":"10.0.22000.1219","versionType":"custom","status":"affected"}]},{"vendor":"Microsoft","product":"Windows 11 version 22H2","platforms":["ARM64-based Systems","x64-based Systems"],"versions":[{"version":"10.0.22621.0","lessThan":"10.0.22621.819","versionType":"custom","status":"affected"}]},{"vendor":"Microsoft","product":"Windows 8.1","platforms":["32-bit Systems","ARM64-based Systems","x64-based Systems"],"versions":[{"version":"6.3.0","lessThan":"6.3.9600.20671","versionType":"custom","status":"affected"}]},{"vendor":"Microsoft","product":"Windows Server 2012","platforms":["x64-based Systems"],"versions":[{"version":"6.2.9200.0","lessThan":"6.2.9200.23968","versionType":"custom","status":"affected"}]},{"vendor":"Microsoft","product":"Windows Server 2012 (Server Core installation)","platforms":["x64-based Systems"],"versions":[{"version":"6.2.9200.0","lessThan":"6.2.9200.23968","versionType":"custom","status":"affected"}]},{"vendor":"Microsoft","product":"Windows Server 2012 R2","platforms":["x64-based Systems"],"versions":[{"version":"6.3.9600.0","lessThan":"6.3.9600.20671","versionType":"custom","status":"affected"}]},{"vendor":"Microsoft","product":"Windows Server 2012 R2 (Server Core installation)","platforms":["x64-based Systems"],"versions":[{"version":"6.3.9600.0","lessThan":"6.3.9600.20671","versionType":"custom","status":"affected"}]},{"vendor":"Microsoft","product":"Windows Server 2016","platforms":["x64-based Systems"],"versions":[{"version":"10.0.14393.0","lessThan":"10.0.14393.5501","versionType":"custom","status":"affected"}]},{"vendor":"Microsoft","product":"Windows Server 2016 (Server Core installation)","platforms":["x64-based Systems"],"versions":[{"version":"10.0.14393.0","lessThan":"10.0.14393.5501","versionType":"custom","status":"affected"}]},{"vendor":"Microsoft","product":"Windows Server 2019","platforms":["x64-based Systems"],"versions":[{"version":"10.0.17763.0","lessThan":"10.0.17763.3650","versionType":"custom","status":"affected"}]},{"vendor":"Microsoft","product":"Windows Server 2019 (Server Core installation)","platforms":["x64-based Systems"],"versions":[{"version":"10.0.17763.0","lessThan":"10.0.17763.3650","versionType":"custom","status":"affected"}]},{"vendor":"Microsoft","product":"Windows Server 2022","platforms":["x64-based Systems"],"versions":[{"version":"10.0.20348.0","lessThan":"10.0.20348.1249","versionType":"custom","status":"affected"}]}]	[{"name":"Windows CNG Key Isolation Service Elevation of Privilege Vulnerability","tags":["vendor-advisory","patch"],"url":"https://msrc.microsoft.com/update-guide/vulnerability/CVE-2022-41125"}]	source-metadata-unreviewed
CVE-2023-0266	published	A use after free vulnerability exists in the ALSA PCM package in the Linux Kernel. SNDRV_CTL_IOCTL_ELEM_{READ|WRITE}32 is missing locks that can be used in a use-after-free that can result in a priviledge escalation to gain ring0 access from the system user. We recommend upgrading past commit 56b88b50565cd8b946a2d00b0c83927b7ebb055e	[{"defaultStatus":"unaffected","packageName":"ALSA pcm","product":"Linux Kernel","repo":"https://git.kernel.org","vendor":"Linux","versions":[{"lessThan":"56b88b50565cd8b946a2d00b0c83927b7ebb055e","status":"affected","version":"4.14","versionType":"git"}]}]	[{"url":"https://github.com/torvalds/linux/commit/becf9e5d553c2389d857a3c178ce80fdb34a02e1"},{"url":"https://git.kernel.org/pub/scm/linux/kernel/git/stable/stable-queue.git/tree/queue-5.10/alsa-pcm-move-rwsem-lock-inside-snd_ctl_elem_read-to-prevent-uaf.patch?id=72783cf35e6c55bca84c4bb7b776c58152856fd4"},{"url":"https://github.com/torvalds/linux/commit/56b88b50565cd8b946a2d00b0c83927b7ebb055e"},{"url":"https://lists.debian.org/debian-lts-announce/2023/05/msg00006.html"}]	source-metadata-unreviewed
CVE-2023-21674	published	Windows Advanced Local Procedure Call (ALPC) Elevation of Privilege Vulnerability	[{"vendor":"Microsoft","product":"Windows 10 Version 1809","platforms":["32-bit Systems","x64-based Systems"],"versions":[{"version":"10.0.17763.0","lessThan":"10.0.17763.3887","versionType":"custom","status":"affected"}]},{"vendor":"Microsoft","product":"Windows 10 Version 1809","platforms":["ARM64-based Systems"],"versions":[{"version":"10.0.0","lessThan":"10.0.17763.3887","versionType":"custom","status":"affected"}]},{"vendor":"Microsoft","product":"Windows Server 2019","platforms":["x64-based Systems"],"versions":[{"version":"10.0.17763.0","lessThan":"10.0.17763.3887","versionType":"custom","status":"affected"}]},{"vendor":"Microsoft","product":"Windows Server 2019 (Server Core installation)","platforms":["x64-based Systems"],"versions":[{"version":"10.0.17763.0","lessThan":"10.0.17763.3887","versionType":"custom","status":"affected"}]},{"vendor":"Microsoft","product":"Windows Server 2022","platforms":["x64-based Systems"],"versions":[{"version":"10.0.20348.0","lessThan":"10.0.20348.1487","versionType":"custom","status":"affected"}]},{"vendor":"Microsoft","product":"Windows 10 Version 20H2","platforms":["32-bit Systems","ARM64-based Systems"],"versions":[{"version":"10.0.0","lessThan":"10.0.19042.2486","versionType":"custom","status":"affected"}]},{"vendor":"Microsoft","product":"Windows 11 version 21H2","platforms":["x64-based Systems","ARM64-based Systems"],"versions":[{"version":"10.0.0","lessThan":"10.0.22000.1455","versionType":"custom","status":"affected"}]},{"vendor":"Microsoft","product":"Windows 10 Version 21H2","platforms":["32-bit Systems","ARM64-based Systems","x64-based Systems"],"versions":[{"version":"10.0.19043.0","lessThan":"10.0.19044.2486","versionType":"custom","status":"affected"}]},{"vendor":"Microsoft","product":"Windows 11 version 22H2","platforms":["ARM64-based Systems","x64-based Systems"],"versions":[{"version":"10.0.22621.0","lessThan":"10.0.22621.1105","versionType":"custom","status":"affected"}]},{"vendor":"Microsoft","product":"Windows 10 Version 22H2","platforms":["x64-based Systems","ARM64-based Systems","32-bit Systems"],"versions":[{"version":"10.0.19045.0","lessThan":"10.0.19045.2486","versionType":"custom","status":"affected"}]},{"vendor":"Microsoft","product":"Windows 10 Version 1507","platforms":["32-bit Systems","x64-based Systems"],"versions":[{"version":"10.0.10240.0","lessThan":"10.0.10240.19685","versionType":"custom","status":"affected"}]},{"vendor":"Microsoft","product":"Windows 10 Version 1607","platforms":["32-bit Systems","x64-based Systems"],"versions":[{"version":"10.0.14393.0","lessThan":"10.0.14393.5648","versionType":"custom","status":"affected"}]},{"vendor":"Microsoft","product":"Windows Server 2016","platforms":["x64-based Systems"],"versions":[{"version":"10.0.14393.0","lessThan":"10.0.14393.5648","versionType":"custom","status":"affected"}]},{"vendor":"Microsoft","product":"Windows Server 2016 (Server Core installation)","platforms":["x64-based Systems"],"versions":[{"version":"10.0.14393.0","lessThan":"10.0.14393.5648","versionType":"custom","status":"affected"}]},{"vendor":"Microsoft","product":"Windows 8.1","platforms":["32-bit Systems","x64-based Systems","ARM64-based Systems"],"versions":[{"version":"6.3.0","lessThan":"6.3.9600.20778","versionType":"custom","status":"affected"}]},{"vendor":"Microsoft","product":"Windows Server 2012 R2","platforms":["x64-based Systems"],"versions":[{"version":"6.3.9600.0","lessThan":"6.3.9600.20778","versionType":"custom","status":"affected"}]},{"vendor":"Microsoft","product":"Windows Server 2012 R2 (Server Core installation)","platforms":["x64-based Systems"],"versions":[{"version":"6.3.9600.0","lessThan":"6.3.9600.20778","versionType":"custom","status":"affected"}]}]	[{"name":"Windows Advanced Local Procedure Call (ALPC) Elevation of Privilege Vulnerability","tags":["vendor-advisory"],"url":"https://msrc.microsoft.com/update-guide/vulnerability/CVE-2023-21674"}]	source-metadata-unreviewed
CVE-2023-21768	published	Windows Ancillary Function Driver for WinSock Elevation of Privilege Vulnerability	[{"vendor":"Microsoft","product":"Windows Server 2022","platforms":["x64-based Systems"],"versions":[{"version":"10.0.20348.0","lessThan":"10.0.20348.1487","versionType":"custom","status":"affected"}]},{"vendor":"Microsoft","product":"Windows 11 version 21H2","platforms":["x64-based Systems","ARM64-based Systems"],"versions":[{"version":"10.0.0","lessThan":"10.0.22000.1455","versionType":"custom","status":"affected"}]},{"vendor":"Microsoft","product":"Windows 11 version 22H2","platforms":["ARM64-based Systems","x64-based Systems"],"versions":[{"version":"10.0.22621.0","lessThan":"10.0.22621.1105","versionType":"custom","status":"affected"}]}]	[{"name":"Windows Ancillary Function Driver for WinSock Elevation of Privilege Vulnerability","tags":["vendor-advisory"],"url":"https://msrc.microsoft.com/update-guide/vulnerability/CVE-2023-21768"}]	source-metadata-unreviewed
CVE-2023-21823	published	Windows Graphics Component Remote Code Execution Vulnerability	[{"vendor":"Microsoft","product":"Microsoft Office for Android","versions":[{"version":"16.0.1","lessThan":"16.0.16130.20156","versionType":"custom","status":"affected"}]},{"vendor":"Microsoft","product":"Microsoft Office for iOS","versions":[{"version":"2.0.0","lessThan":"2.70.23021003","versionType":"custom","status":"affected"}]},{"vendor":"Microsoft","product":"Microsoft Office for Universal","versions":[{"version":"16.0.1","lessThan":"16.0.14326.21330","versionType":"custom","status":"affected"}]},{"vendor":"Microsoft","product":"Windows 10 Version 1507","platforms":["32-bit Systems","x64-based Systems"],"versions":[{"version":"10.0.10240.0","lessThan":"10.0.10240.19747","versionType":"custom","status":"affected"}]},{"vendor":"Microsoft","product":"Windows 10 Version 1607","platforms":["32-bit Systems","x64-based Systems"],"versions":[{"version":"10.0.14393.0","lessThan":"10.0.14393.5717","versionType":"custom","status":"affected"}]},{"vendor":"Microsoft","product":"Windows 10 Version 1809","platforms":["32-bit Systems","x64-based Systems"],"versions":[{"version":"10.0.17763.0","lessThan":"10.0.17763.4010","versionType":"custom","status":"affected"}]},{"vendor":"Microsoft","product":"Windows 10 Version 1809","platforms":["ARM64-based Systems"],"versions":[{"version":"10.0.0","lessThan":"10.0.17763.4010","versionType":"custom","status":"affected"}]},{"vendor":"Microsoft","product":"Windows 10 Version 20H2","platforms":["32-bit Systems","ARM64-based Systems"],"versions":[{"version":"10.0.0","lessThan":"10.0.19042.2604","versionType":"custom","status":"affected"}]},{"vendor":"Microsoft","product":"Windows 10 Version 21H2","platforms":["32-bit Systems","ARM64-based Systems","x64-based Systems"],"versions":[{"version":"10.0.19043.0","lessThan":"10.0.19044.2604","versionType":"custom","status":"affected"}]},{"vendor":"Microsoft","product":"Windows 10 Version 22H2","platforms":["32-bit Systems","ARM64-based Systems","x64-based Systems"],"versions":[{"version":"10.0.19045.0","lessThan":"10.0.19045.2604","versionType":"custom","status":"affected"}]},{"vendor":"Microsoft","product":"Windows 11 version 21H2","platforms":["ARM64-based Systems","x64-based Systems"],"versions":[{"version":"10.0.0","lessThan":"10.0.22621.1574","versionType":"custom","status":"affected"}]},{"vendor":"Microsoft","product":"Windows 11 version 22H2","platforms":["ARM64-based Systems","x64-based Systems"],"versions":[{"version":"10.0.22621.0","lessThan":"10.0.22621.1265","versionType":"custom","status":"affected"}]},{"vendor":"Microsoft","product":"Windows Server 2008  Service Pack 2","platforms":["x64-based Systems"],"versions":[{"version":"6.0.6003.0","lessThan":"6.0.6003.21915","versionType":"custom","status":"affected"}]},{"vendor":"Microsoft","product":"Windows Server 2008 R2 Service Pack 1","platforms":["x64-based Systems"],"versions":[{"version":"6.1.7601.0","lessThan":"6.1.7601.26366","versionType":"custom","status":"affected"}]},{"vendor":"Microsoft","product":"Windows Server 2008 R2 Service Pack 1 (Server Core installation)","platforms":["x64-based Systems"],"versions":[{"version":"6.1.7601.0","lessThan":"6.1.7601.26366","versionType":"custom","status":"affected"}]},{"vendor":"Microsoft","product":"Windows Server 2008 Service Pack 2","platforms":["32-bit Systems"],"versions":[{"version":"6.0.6003.0","lessThan":"6.0.6003.21915","versionType":"custom","status":"affected"}]},{"vendor":"Microsoft","product":"Windows Server 2008 Service Pack 2 (Server Core installation)","platforms":["32-bit Systems","x64-based Systems"],"versions":[{"version":"6.0.6003.0","lessThan":"6.0.6003.21915","versionType":"custom","status":"affected"}]},{"vendor":"Microsoft","product":"Windows Server 2012","platforms":["x64-based Systems"],"versions":[{"version":"6.2.9200.0","lessThan":"6.2.9200.24116","versionType":"custom","status":"affected"}]},{"vendor":"Microsoft","product":"Windows Server 2012 (Server Core installation)","platforms":["x64-based Systems"],"versions":[{"version":"6.2.9200.0","lessThan":"6.2.9200.24116","versionType":"custom","status":"affected"}]},{"vendor":"Microsoft","product":"Windows Server 2012 R2","platforms":["x64-based Systems"],"versions":[{"version":"6.3.9600.0","lessThan":"6.3.9600.20821","versionType":"custom","status":"affected"}]},{"vendor":"Microsoft","product":"Windows Server 2012 R2 (Server Core installation)","platforms":["x64-based Systems"],"versions":[{"version":"6.3.9600.0","lessThan":"6.3.9600.20821","versionType":"custom","status":"affected"}]},{"vendor":"Microsoft","product":"Windows Server 2016","platforms":["x64-based Systems"],"versions":[{"version":"10.0.14393.0","lessThan":"10.0.14393.5717","versionType":"custom","status":"affected"}]},{"vendor":"Microsoft","product":"Windows Server 2016 (Server Core installation)","platforms":["x64-based Systems"],"versions":[{"version":"10.0.14393.0","lessThan":"10.0.14393.5717","versionType":"custom","status":"affected"}]},{"vendor":"Microsoft","product":"Windows Server 2019","platforms":["x64-based Systems"],"versions":[{"version":"10.0.17763.0","lessThan":"10.0.17763.4010","versionType":"custom","status":"affected"}]},{"vendor":"Microsoft","product":"Windows Server 2019 (Server Core installation)","platforms":["x64-based Systems"],"versions":[{"version":"10.0.17763.0","lessThan":"10.0.17763.4010","versionType":"custom","status":"affected"}]},{"vendor":"Microsoft","product":"Windows Server 2022","platforms":["x64-based Systems"],"versions":[{"version":"10.0.20348.0","lessThan":"10.0.20348.1547","versionType":"custom","status":"affected"}]}]	[{"name":"Windows Graphics Component Remote Code Execution Vulnerability","tags":["vendor-advisory","patch"],"url":"https://msrc.microsoft.com/update-guide/vulnerability/CVE-2023-21823"}]	source-metadata-unreviewed
CVE-2023-23376	published	Windows Common Log File System Driver Elevation of Privilege Vulnerability	[{"vendor":"Microsoft","product":"Windows 10 Version 1507","platforms":["32-bit Systems","x64-based Systems"],"versions":[{"version":"10.0.10240.0","lessThan":"10.0.10240.19747","versionType":"custom","status":"affected"}]},{"vendor":"Microsoft","product":"Windows 10 Version 1607","platforms":["32-bit Systems","x64-based Systems"],"versions":[{"version":"10.0.14393.0","lessThan":"10.0.14393.5717","versionType":"custom","status":"affected"}]},{"vendor":"Microsoft","product":"Windows 10 Version 1809","platforms":["32-bit Systems","x64-based Systems"],"versions":[{"version":"10.0.17763.0","lessThan":"10.0.17763.4010","versionType":"custom","status":"affected"}]},{"vendor":"Microsoft","product":"Windows 10 Version 1809","platforms":["ARM64-based Systems"],"versions":[{"version":"10.0.0","lessThan":"10.0.17763.4010","versionType":"custom","status":"affected"}]},{"vendor":"Microsoft","product":"Windows 10 Version 20H2","platforms":["32-bit Systems","ARM64-based Systems"],"versions":[{"version":"10.0.0","lessThan":"10.0.19042.2604","versionType":"custom","status":"affected"}]},{"vendor":"Microsoft","product":"Windows 10 Version 21H2","platforms":["32-bit Systems","ARM64-based Systems","x64-based Systems"],"versions":[{"version":"10.0.19043.0","lessThan":"10.0.19044.2604","versionType":"custom","status":"affected"}]},{"vendor":"Microsoft","product":"Windows 10 Version 22H2","platforms":["32-bit Systems","ARM64-based Systems","x64-based Systems"],"versions":[{"version":"10.0.19045.0","lessThan":"10.0.19045.2604","versionType":"custom","status":"affected"}]},{"vendor":"Microsoft","product":"Windows 11 version 21H2","platforms":["ARM64-based Systems","x64-based Systems"],"versions":[{"version":"10.0.0","lessThan":"10.0.22621.1574","versionType":"custom","status":"affected"}]},{"vendor":"Microsoft","product":"Windows 11 version 22H2","platforms":["ARM64-based Systems","x64-based Systems"],"versions":[{"version":"10.0.22621.0","lessThan":"10.0.22621.1265","versionType":"custom","status":"affected"}]},{"vendor":"Microsoft","product":"Windows Server 2008  Service Pack 2","platforms":["x64-based Systems"],"versions":[{"version":"6.0.6003.0","lessThan":"6.0.6003.21915","versionType":"custom","status":"affected"}]},{"vendor":"Microsoft","product":"Windows Server 2008 R2 Service Pack 1","platforms":["x64-based Systems"],"versions":[{"version":"6.1.7601.0","lessThan":"6.1.7601.26366","versionType":"custom","status":"affected"}]},{"vendor":"Microsoft","product":"Windows Server 2008 R2 Service Pack 1 (Server Core installation)","platforms":["x64-based Systems"],"versions":[{"version":"6.1.7601.0","lessThan":"6.1.7601.26366","versionType":"custom","status":"affected"}]},{"vendor":"Microsoft","product":"Windows Server 2008 Service Pack 2","platforms":["32-bit Systems"],"versions":[{"version":"6.0.6003.0","lessThan":"6.0.6003.21915","versionType":"custom","status":"affected"}]},{"vendor":"Microsoft","product":"Windows Server 2008 Service Pack 2 (Server Core installation)","platforms":["32-bit Systems","x64-based Systems"],"versions":[{"version":"6.0.6003.0","lessThan":"6.0.6003.21915","versionType":"custom","status":"affected"}]},{"vendor":"Microsoft","product":"Windows Server 2012","platforms":["x64-based Systems"],"versions":[{"version":"6.2.9200.0","lessThan":"6.2.9200.24116","versionType":"custom","status":"affected"}]},{"vendor":"Microsoft","product":"Windows Server 2012 (Server Core installation)","platforms":["x64-based Systems"],"versions":[{"version":"6.2.9200.0","lessThan":"6.2.9200.24116","versionType":"custom","status":"affected"}]},{"vendor":"Microsoft","product":"Windows Server 2012 R2","platforms":["x64-based Systems"],"versions":[{"version":"6.3.9600.0","lessThan":"6.3.9600.20821","versionType":"custom","status":"affected"}]},{"vendor":"Microsoft","product":"Windows Server 2012 R2 (Server Core installation)","platforms":["x64-based Systems"],"versions":[{"version":"6.3.9600.0","lessThan":"6.3.9600.20821","versionType":"custom","status":"affected"}]},{"vendor":"Microsoft","product":"Windows Server 2016","platforms":["x64-based Systems"],"versions":[{"version":"10.0.14393.0","lessThan":"10.0.14393.5717","versionType":"custom","status":"affected"}]},{"vendor":"Microsoft","product":"Windows Server 2016 (Server Core installation)","platforms":["x64-based Systems"],"versions":[{"version":"10.0.14393.0","lessThan":"10.0.14393.5717","versionType":"custom","status":"affected"}]},{"vendor":"Microsoft","product":"Windows Server 2019","platforms":["x64-based Systems"],"versions":[{"version":"10.0.17763.0","lessThan":"10.0.17763.4010","versionType":"custom","status":"affected"}]},{"vendor":"Microsoft","product":"Windows Server 2019 (Server Core installation)","platforms":["x64-based Systems"],"versions":[{"version":"10.0.17763.0","lessThan":"10.0.17763.4010","versionType":"custom","status":"affected"}]},{"vendor":"Microsoft","product":"Windows Server 2022","platforms":["x64-based Systems"],"versions":[{"version":"10.0.20348.0","lessThan":"10.0.20348.1547","versionType":"custom","status":"affected"}]}]	[{"name":"Windows Common Log File System Driver Elevation of Privilege Vulnerability","tags":["vendor-advisory","patch"],"url":"https://msrc.microsoft.com/update-guide/vulnerability/CVE-2023-23376"}]	source-metadata-unreviewed
CVE-2023-2640	published	On Ubuntu kernels carrying both c914c0e27eb0 and "UBUNTU: SAUCE: overlayfs: Skip permission checking for trusted.overlayfs.* xattrs", an unprivileged user may set privileged extended attributes on the mounted files, leading them to be set on the upper files without the appropriate security checks.	[{"vendor":"Canonical","product":"Ubuntu Kernel","platforms":["Linux"],"packageName":"Linux","versions":[{"status":"unaffected","version":"0","lessThan":"6.2.0-26.26","versionType":"semver"},{"status":"unaffected","version":"0","lessThan":"6.0.0-1020.20","versionType":"semver"},{"status":"unaffected","version":"0","lessThan":"5.4.0-155.172","versionType":"semver"}],"defaultStatus":"unaffected"}]	[{"tags":["vendor-advisory"],"url":"https://ubuntu.com/security/notices/USN-6250-1"},{"tags":["issue-tracking"],"url":"https://cve.mitre.org/cgi-bin/cvename.cgi?name=CVE-2023-2640"},{"tags":["technical-description"],"url":"https://wiz.io/blog/ubuntu-overlayfs-vulnerability"},{"tags":["mailing-list"],"url":"https://lists.ubuntu.com/archives/kernel-team/2023-July/140923.html"}]	source-metadata-unreviewed
CVE-2023-28229	published	Windows CNG Key Isolation Service Elevation of Privilege Vulnerability	[{"vendor":"Microsoft","product":"Windows 10 Version 1809","platforms":["32-bit Systems","x64-based Systems"],"versions":[{"version":"10.0.17763.0","lessThan":"10.0.17763.4252","versionType":"custom","status":"affected"}]},{"vendor":"Microsoft","product":"Windows 10 Version 1809","platforms":["ARM64-based Systems"],"versions":[{"version":"10.0.0","lessThan":"10.0.17763.4252","versionType":"custom","status":"affected"}]},{"vendor":"Microsoft","product":"Windows Server 2019","platforms":["x64-based Systems"],"versions":[{"version":"10.0.17763.0","lessThan":"10.0.17763.4252","versionType":"custom","status":"affected"}]},{"vendor":"Microsoft","product":"Windows Server 2019 (Server Core installation)","platforms":["x64-based Systems"],"versions":[{"version":"10.0.17763.0","lessThan":"10.0.17763.4252","versionType":"custom","status":"affected"}]},{"vendor":"Microsoft","product":"Windows Server 2022","platforms":["x64-based Systems"],"versions":[{"version":"10.0.20348.0","lessThan":"10.0.20348.1668","versionType":"custom","status":"affected"}]},{"vendor":"Microsoft","product":"Windows 10 Version 20H2","platforms":["32-bit Systems","ARM64-based Systems"],"versions":[{"version":"10.0.0","lessThan":"10.0.19042.2846","versionType":"custom","status":"affected"}]},{"vendor":"Microsoft","product":"Windows 11 version 21H2","platforms":["x64-based Systems","ARM64-based Systems"],"versions":[{"version":"10.0.0","lessThan":"10.0.22000.1817","versionType":"custom","status":"affected"}]},{"vendor":"Microsoft","product":"Windows 10 Version 21H2","platforms":["32-bit Systems","ARM64-based Systems","x64-based Systems"],"versions":[{"version":"10.0.19043.0","lessThan":"10.0.19044.2846","versionType":"custom","status":"affected"}]},{"vendor":"Microsoft","product":"Windows 11 version 22H2","platforms":["ARM64-based Systems","x64-based Systems"],"versions":[{"version":"10.0.22621.0","lessThan":"10.0.22621.1555","versionType":"custom","status":"affected"}]},{"vendor":"Microsoft","product":"Windows 10 Version 22H2","platforms":["x64-based Systems","ARM64-based Systems","32-bit Systems"],"versions":[{"version":"10.0.19045.0","lessThan":"10.0.19045.2846","versionType":"custom","status":"affected"}]},{"vendor":"Microsoft","product":"Windows 10 Version 1507","platforms":["32-bit Systems","x64-based Systems"],"versions":[{"version":"10.0.10240.0","lessThan":"10.0.10240.19869","versionType":"custom","status":"affected"}]},{"vendor":"Microsoft","product":"Windows 10 Version 1607","platforms":["32-bit Systems","x64-based Systems"],"versions":[{"version":"10.0.14393.0","lessThan":"10.0.14393.5850","versionType":"custom","status":"affected"}]},{"vendor":"Microsoft","product":"Windows Server 2016","platforms":["x64-based Systems"],"versions":[{"version":"10.0.14393.0","lessThan":"10.0.14393.5850","versionType":"custom","status":"affected"}]},{"vendor":"Microsoft","product":"Windows Server 2016 (Server Core installation)","platforms":["x64-based Systems"],"versions":[{"version":"10.0.14393.0","lessThan":"10.0.14393.5850","versionType":"custom","status":"affected"}]},{"vendor":"Microsoft","product":"Windows Server 2008 Service Pack 2","platforms":["32-bit Systems"],"versions":[{"version":"6.0.6003.0","lessThan":"6.0.6003.22015","versionType":"custom","status":"affected"}]},{"vendor":"Microsoft","product":"Windows Server 2008 Service Pack 2 (Server Core installation)","platforms":["32-bit Systems","x64-based Systems"],"versions":[{"version":"6.0.6003.0","lessThan":"6.0.6003.22015","versionType":"custom","status":"affected"}]},{"vendor":"Microsoft","product":"Windows Server 2008  Service Pack 2","platforms":["x64-based Systems"],"versions":[{"version":"6.0.6003.0","lessThan":"6.0.6003.22015","versionType":"custom","status":"affected"}]},{"vendor":"Microsoft","product":"Windows Server 2008 R2 Service Pack 1","platforms":["x64-based Systems"],"versions":[{"version":"6.1.7601.0","lessThan":"6.1.7601.26466","versionType":"custom","status":"affected"}]},{"vendor":"Microsoft","product":"Windows Server 2008 R2 Service Pack 1 (Server Core installation)","platforms":["x64-based Systems"],"versions":[{"version":"6.1.7601.0","lessThan":"6.1.7601.26466","versionType":"custom","status":"affected"}]},{"vendor":"Microsoft","product":"Windows Server 2012","platforms":["x64-based Systems"],"versions":[{"version":"6.2.9200.0","lessThan":"6.2.9200.24216","versionType":"custom","status":"affected"}]},{"vendor":"Microsoft","product":"Windows Server 2012 (Server Core installation)","platforms":["x64-based Systems"],"versions":[{"version":"6.2.9200.0","lessThan":"6.2.9200.24216","versionType":"custom","status":"affected"}]},{"vendor":"Microsoft","product":"Windows Server 2012 R2","platforms":["x64-based Systems"],"versions":[{"version":"6.3.9600.0","lessThan":"6.3.9600.20919","versionType":"custom","status":"affected"}]},{"vendor":"Microsoft","product":"Windows Server 2012 R2 (Server Core installation)","platforms":["x64-based Systems"],"versions":[{"version":"6.3.9600.0","lessThan":"6.3.9600.20919","versionType":"custom","status":"affected"}]}]	[{"name":"Windows CNG Key Isolation Service Elevation of Privilege Vulnerability","tags":["vendor-advisory"],"url":"https://msrc.microsoft.com/update-guide/vulnerability/CVE-2023-28229"}]	source-metadata-unreviewed
CVE-2023-28252	published	Windows Common Log File System Driver Elevation of Privilege Vulnerability	[{"vendor":"Microsoft","product":"Windows 10 Version 1809","platforms":["32-bit Systems","x64-based Systems"],"versions":[{"version":"10.0.17763.0","lessThan":"10.0.17763.4252","versionType":"custom","status":"affected"}]},{"vendor":"Microsoft","product":"Windows 10 Version 1809","platforms":["ARM64-based Systems"],"versions":[{"version":"10.0.0","lessThan":"10.0.17763.4252","versionType":"custom","status":"affected"}]},{"vendor":"Microsoft","product":"Windows Server 2019","platforms":["x64-based Systems"],"versions":[{"version":"10.0.17763.0","lessThan":"10.0.17763.4252","versionType":"custom","status":"affected"}]},{"vendor":"Microsoft","product":"Windows Server 2019 (Server Core installation)","platforms":["x64-based Systems"],"versions":[{"version":"10.0.17763.0","lessThan":"10.0.17763.4252","versionType":"custom","status":"affected"}]},{"vendor":"Microsoft","product":"Windows Server 2022","platforms":["x64-based Systems"],"versions":[{"version":"10.0.20348.0","lessThan":"10.0.20348.1668","versionType":"custom","status":"affected"}]},{"vendor":"Microsoft","product":"Windows 10 Version 20H2","platforms":["32-bit Systems","ARM64-based Systems"],"versions":[{"version":"10.0.0","lessThan":"10.0.19042.2846","versionType":"custom","status":"affected"}]},{"vendor":"Microsoft","product":"Windows 11 version 21H2","platforms":["x64-based Systems","ARM64-based Systems"],"versions":[{"version":"10.0.0","lessThan":"10.0.22000.1817","versionType":"custom","status":"affected"}]},{"vendor":"Microsoft","product":"Windows 10 Version 21H2","platforms":["32-bit Systems","ARM64-based Systems","x64-based Systems"],"versions":[{"version":"10.0.19043.0","lessThan":"10.0.19044.2846","versionType":"custom","status":"affected"}]},{"vendor":"Microsoft","product":"Windows 11 version 22H2","platforms":["ARM64-based Systems","x64-based Systems"],"versions":[{"version":"10.0.22621.0","lessThan":"10.0.22621.1555","versionType":"custom","status":"affected"}]},{"vendor":"Microsoft","product":"Windows 10 Version 22H2","platforms":["x64-based Systems","ARM64-based Systems","32-bit Systems"],"versions":[{"version":"10.0.19045.0","lessThan":"10.0.19045.2846","versionType":"custom","status":"affected"}]},{"vendor":"Microsoft","product":"Windows 10 Version 1507","platforms":["32-bit Systems","x64-based Systems"],"versions":[{"version":"10.0.10240.0","lessThan":"10.0.10240.19869","versionType":"custom","status":"affected"}]},{"vendor":"Microsoft","product":"Windows 10 Version 1607","platforms":["32-bit Systems","x64-based Systems"],"versions":[{"version":"10.0.14393.0","lessThan":"10.0.14393.5850","versionType":"custom","status":"affected"}]},{"vendor":"Microsoft","product":"Windows Server 2016","platforms":["x64-based Systems"],"versions":[{"version":"10.0.14393.0","lessThan":"10.0.14393.5850","versionType":"custom","status":"affected"}]},{"vendor":"Microsoft","product":"Windows Server 2016 (Server Core installation)","platforms":["x64-based Systems"],"versions":[{"version":"10.0.14393.0","lessThan":"10.0.14393.5850","versionType":"custom","status":"affected"}]},{"vendor":"Microsoft","product":"Windows Server 2008 Service Pack 2","platforms":["32-bit Systems"],"versions":[{"version":"6.0.6003.0","lessThan":"6.0.6003.22015","versionType":"custom","status":"affected"}]},{"vendor":"Microsoft","product":"Windows Server 2008 Service Pack 2 (Server Core installation)","platforms":["32-bit Systems","x64-based Systems"],"versions":[{"version":"6.0.6003.0","lessThan":"6.0.6003.22015","versionType":"custom","status":"affected"}]},{"vendor":"Microsoft","product":"Windows Server 2008  Service Pack 2","platforms":["x64-based Systems"],"versions":[{"version":"6.0.6003.0","lessThan":"6.0.6003.22015","versionType":"custom","status":"affected"}]},{"vendor":"Microsoft","product":"Windows Server 2008 R2 Service Pack 1","platforms":["x64-based Systems"],"versions":[{"version":"6.1.7601.0","lessThan":"6.1.7601.26466","versionType":"custom","status":"affected"}]},{"vendor":"Microsoft","product":"Windows Server 2008 R2 Service Pack 1 (Server Core installation)","platforms":["x64-based Systems"],"versions":[{"version":"6.1.7601.0","lessThan":"6.1.7601.26466","versionType":"custom","status":"affected"}]},{"vendor":"Microsoft","product":"Windows Server 2012","platforms":["x64-based Systems"],"versions":[{"version":"6.2.9200.0","lessThan":"6.2.9200.24216","versionType":"custom","status":"affected"}]},{"vendor":"Microsoft","product":"Windows Server 2012 (Server Core installation)","platforms":["x64-based Systems"],"versions":[{"version":"6.2.9200.0","lessThan":"6.2.9200.24216","versionType":"custom","status":"affected"}]},{"vendor":"Microsoft","product":"Windows Server 2012 R2","platforms":["x64-based Systems"],"versions":[{"version":"6.3.9600.0","lessThan":"6.3.9600.20919","versionType":"custom","status":"affected"}]},{"vendor":"Microsoft","product":"Windows Server 2012 R2 (Server Core installation)","platforms":["x64-based Systems"],"versions":[{"version":"6.3.9600.0","lessThan":"6.3.9600.20919","versionType":"custom","status":"affected"}]}]	[{"name":"Windows Common Log File System Driver Elevation of Privilege Vulnerability","tags":["vendor-advisory"],"url":"https://msrc.microsoft.com/update-guide/vulnerability/CVE-2023-28252"}]	source-metadata-unreviewed
CVE-2023-32046	published	Windows MSHTML Platform Elevation of Privilege Vulnerability	[{"vendor":"Microsoft","product":"Windows 10 Version 1809","platforms":["32-bit Systems","x64-based Systems"],"versions":[{"version":"10.0.17763.0","lessThan":"10.0.17763.4645","versionType":"custom","status":"affected"}]},{"vendor":"Microsoft","product":"Windows 10 Version 1809","platforms":["ARM64-based Systems"],"versions":[{"version":"10.0.0","lessThan":"10.0.17763.4645","versionType":"custom","status":"affected"}]},{"vendor":"Microsoft","product":"Windows Server 2019","platforms":["x64-based Systems"],"versions":[{"version":"10.0.17763.0","lessThan":"10.0.17763.4645","versionType":"custom","status":"affected"}]},{"vendor":"Microsoft","product":"Windows Server 2019 (Server Core installation)","platforms":["x64-based Systems"],"versions":[{"version":"10.0.17763.0","lessThan":"10.0.17763.4645","versionType":"custom","status":"affected"}]},{"vendor":"Microsoft","product":"Windows Server 2022","platforms":["x64-based Systems"],"versions":[{"version":"10.0.20348.0","lessThan":"10.0.20348.1850","versionType":"custom","status":"affected"}]},{"vendor":"Microsoft","product":"Windows 11 version 21H2","platforms":["x64-based Systems","ARM64-based Systems"],"versions":[{"version":"10.0.0","lessThan":"10.0.22000.2176","versionType":"custom","status":"affected"}]},{"vendor":"Microsoft","product":"Windows 10 Version 21H2","platforms":["32-bit Systems","ARM64-based Systems","x64-based Systems"],"versions":[{"version":"10.0.19043.0","lessThan":"10.0.19044.3208","versionType":"custom","status":"affected"}]},{"vendor":"Microsoft","product":"Windows 11 version 22H2","platforms":["ARM64-based Systems","x64-based Systems"],"versions":[{"version":"10.0.22621.0","lessThan":"10.0.22621.1992","versionType":"custom","status":"affected"}]},{"vendor":"Microsoft","product":"Windows 10 Version 22H2","platforms":["x64-based Systems","ARM64-based Systems","32-bit Systems"],"versions":[{"version":"10.0.19045.0","lessThan":"10.0.19045.3208","versionType":"custom","status":"affected"}]},{"vendor":"Microsoft","product":"Windows 10 Version 1507","platforms":["32-bit Systems","x64-based Systems"],"versions":[{"version":"10.0.10240.0","lessThan":"10.0.10240.20048","versionType":"custom","status":"affected"}]},{"vendor":"Microsoft","product":"Windows 10 Version 1607","platforms":["32-bit Systems","x64-based Systems"],"versions":[{"version":"10.0.14393.0","lessThan":"10.0.14393.6085","versionType":"custom","status":"affected"}]},{"vendor":"Microsoft","product":"Windows Server 2016","platforms":["x64-based Systems"],"versions":[{"version":"10.0.14393.0","lessThan":"10.0.14393.6085","versionType":"custom","status":"affected"}]},{"vendor":"Microsoft","product":"Windows Server 2016 (Server Core installation)","platforms":["x64-based Systems"],"versions":[{"version":"10.0.14393.0","lessThan":"10.0.14393.6085","versionType":"custom","status":"affected"}]},{"vendor":"Microsoft","product":"Windows Server 2008 Service Pack 2","platforms":["32-bit Systems"],"versions":[{"version":"6.0.6003.0","lessThan":"6.0.6003.22175","versionType":"custom","status":"affected"}]},{"vendor":"Microsoft","product":"Windows Server 2008 Service Pack 2 (Server Core installation)","platforms":["32-bit Systems","x64-based Systems"],"versions":[{"version":"6.0.6003.0","lessThan":"6.0.6003.22175","versionType":"custom","status":"affected"}]},{"vendor":"Microsoft","product":"Windows Server 2008  Service Pack 2","platforms":["x64-based Systems"],"versions":[{"version":"6.0.6003.0","lessThan":"6.0.6003.22175","versionType":"custom","status":"affected"}]},{"vendor":"Microsoft","product":"Windows Server 2008 R2 Service Pack 1","platforms":["x64-based Systems"],"versions":[{"version":"6.1.7601.0","lessThan":"6.1.7601.26623","versionType":"custom","status":"affected"}]},{"vendor":"Microsoft","product":"Windows Server 2008 R2 Service Pack 1 (Server Core installation)","platforms":["x64-based Systems"],"versions":[{"version":"6.1.7601.0","lessThan":"6.1.7601.26623","versionType":"custom","status":"affected"}]},{"vendor":"Microsoft","product":"Windows Server 2012","platforms":["x64-based Systems"],"versions":[{"version":"6.2.9200.0","lessThan":"6.2.9200.24374","versionType":"custom","status":"affected"}]},{"vendor":"Microsoft","product":"Windows Server 2012 (Server Core installation)","platforms":["x64-based Systems"],"versions":[{"version":"6.2.9200.0","lessThan":"6.2.9200.24374","versionType":"custom","status":"affected"}]},{"vendor":"Microsoft","product":"Windows Server 2012 R2","platforms":["x64-based Systems"],"versions":[{"version":"6.3.9600.0","lessThan":"6.3.9600.21063","versionType":"custom","status":"affected"}]},{"vendor":"Microsoft","product":"Windows Server 2012 R2 (Server Core installation)","platforms":["x64-based Systems"],"versions":[{"version":"6.3.9600.0","lessThan":"6.3.9600.21063","versionType":"custom","status":"affected"}]}]	[{"name":"Windows MSHTML Platform Elevation of Privilege Vulnerability","tags":["vendor-advisory"],"url":"https://msrc.microsoft.com/update-guide/vulnerability/CVE-2023-32046"}]	source-metadata-unreviewed
CVE-2023-32629	published	Local privilege escalation vulnerability in Ubuntu Kernels overlayfs ovl_copy_up_meta_inode_data skip permission checks when calling ovl_do_setxattr on Ubuntu kernels	[{"vendor":"Canonical","product":"Ubuntu Kernel","platforms":["Linux"],"packageName":"Linux","versions":[{"status":"unaffected","version":"0","lessThan":"6.2.0-26.26","versionType":"semver"},{"status":"unaffected","version":"0","lessThan":"6.0.0-1020.20","versionType":"semver"},{"status":"unaffected","version":"0","lessThan":"5.4.0-155.172","versionType":"semver"}],"defaultStatus":"unaffected"}]	[{"url":"https://ubuntu.com/security/notices/USN-6250-1","tags":["vendor-advisory"]},{"tags":["mailing-list"],"url":"https://lists.ubuntu.com/archives/kernel-team/2023-July/140920.html"},{"tags":["technical-description"],"url":"https://wiz.io/blog/ubuntu-overlayfs-vulnerability"},{"tags":["issue-tracking"],"url":"https://cve.mitre.org/cgi-bin/cvename.cgi?name=CVE-2023-32629"},{"url":"http://packetstormsecurity.com/files/174577/Kernel-Live-Patch-Security-Notice-LSN-0097-1.html"}]	source-metadata-unreviewed
CVE-2023-36033	published	Windows DWM Core Library Elevation of Privilege Vulnerability	[{"vendor":"Microsoft","product":"Windows 10 Version 1809","platforms":["32-bit Systems","x64-based Systems"],"versions":[{"version":"10.0.17763.0","lessThan":"10.0.17763.5122","versionType":"custom","status":"affected"}]},{"vendor":"Microsoft","product":"Windows 10 Version 1809","platforms":["ARM64-based Systems"],"versions":[{"version":"10.0.0","lessThan":"10.0.17763.5122","versionType":"custom","status":"affected"}]},{"vendor":"Microsoft","product":"Windows Server 2019","platforms":["x64-based Systems"],"versions":[{"version":"10.0.17763.0","lessThan":"10.0.17763.5122","versionType":"custom","status":"affected"}]},{"vendor":"Microsoft","product":"Windows Server 2019 (Server Core installation)","platforms":["x64-based Systems"],"versions":[{"version":"10.0.17763.0","lessThan":"10.0.17763.5122","versionType":"custom","status":"affected"}]},{"vendor":"Microsoft","product":"Windows Server 2022","platforms":["x64-based Systems"],"versions":[{"version":"10.0.20348.0","lessThan":"10.0.20348.2113","versionType":"custom","status":"affected"}]},{"vendor":"Microsoft","product":"Windows 11 version 21H2","platforms":["x64-based Systems","ARM64-based Systems"],"versions":[{"version":"10.0.0","lessThan":"10.0.22000.2600","versionType":"custom","status":"affected"}]},{"vendor":"Microsoft","product":"Windows 10 Version 21H2","platforms":["32-bit Systems","ARM64-based Systems","x64-based Systems"],"versions":[{"version":"10.0.19043.0","lessThan":"10.0.19043.3693","versionType":"custom","status":"affected"}]},{"vendor":"Microsoft","product":"Windows 11 version 22H2","platforms":["ARM64-based Systems","x64-based Systems"],"versions":[{"version":"10.0.22621.0","lessThan":"10.0.22621.2715","versionType":"custom","status":"affected"}]},{"vendor":"Microsoft","product":"Windows 10 Version 22H2","platforms":["x64-based Systems","ARM64-based Systems","32-bit Systems"],"versions":[{"version":"10.0.19045.0","lessThan":"10.0.19045.3693","versionType":"custom","status":"affected"}]},{"vendor":"Microsoft","product":"Windows 11 version 22H3","platforms":["ARM64-based Systems"],"versions":[{"version":"10.0.22631.0","lessThan":"10.0.22631.2715","versionType":"custom","status":"affected"}]},{"vendor":"Microsoft","product":"Windows 11 Version 23H2","platforms":["x64-based Systems"],"versions":[{"version":"10.0.22631.0","lessThan":"10.0.22631.2715","versionType":"custom","status":"affected"}]},{"vendor":"Microsoft","product":"Windows Server 2022, 23H2 Edition (Server Core installation)","platforms":["x64-based Systems"],"versions":[{"version":"10.0.25398.0","lessThan":"10.0.25398.531","versionType":"custom","status":"affected"}]}]	[{"name":"Windows DWM Core Library Elevation of Privilege Vulnerability","tags":["vendor-advisory"],"url":"https://msrc.microsoft.com/update-guide/vulnerability/CVE-2023-36033"}]	source-metadata-unreviewed
CVE-2023-36036	published	Windows Cloud Files Mini Filter Driver Elevation of Privilege Vulnerability	[{"vendor":"Microsoft","product":"Windows 10 Version 1809","platforms":["32-bit Systems","x64-based Systems"],"versions":[{"version":"10.0.17763.0","lessThan":"10.0.17763.5122","versionType":"custom","status":"affected"}]},{"vendor":"Microsoft","product":"Windows 10 Version 1809","platforms":["ARM64-based Systems"],"versions":[{"version":"10.0.0","lessThan":"10.0.17763.5122","versionType":"custom","status":"affected"}]},{"vendor":"Microsoft","product":"Windows Server 2019","platforms":["x64-based Systems"],"versions":[{"version":"10.0.17763.0","lessThan":"10.0.17763.5122","versionType":"custom","status":"affected"}]},{"vendor":"Microsoft","product":"Windows Server 2019 (Server Core installation)","platforms":["x64-based Systems"],"versions":[{"version":"10.0.17763.0","lessThan":"10.0.17763.5122","versionType":"custom","status":"affected"}]},{"vendor":"Microsoft","product":"Windows Server 2022","platforms":["x64-based Systems"],"versions":[{"version":"10.0.20348.0","lessThan":"10.0.20348.2113","versionType":"custom","status":"affected"}]},{"vendor":"Microsoft","product":"Windows 11 version 21H2","platforms":["x64-based Systems","ARM64-based Systems"],"versions":[{"version":"10.0.0","lessThan":"10.0.22000.2600","versionType":"custom","status":"affected"}]},{"vendor":"Microsoft","product":"Windows 10 Version 21H2","platforms":["32-bit Systems","ARM64-based Systems","x64-based Systems"],"versions":[{"version":"10.0.19043.0","lessThan":"10.0.19043.3693","versionType":"custom","status":"affected"}]},{"vendor":"Microsoft","product":"Windows 11 version 22H2","platforms":["ARM64-based Systems","x64-based Systems"],"versions":[{"version":"10.0.22621.0","lessThan":"10.0.22621.2715","versionType":"custom","status":"affected"}]},{"vendor":"Microsoft","product":"Windows 10 Version 22H2","platforms":["x64-based Systems","ARM64-based Systems","32-bit Systems"],"versions":[{"version":"10.0.19045.0","lessThan":"10.0.19045.3693","versionType":"custom","status":"affected"}]},{"vendor":"Microsoft","product":"Windows 10 Version 1507","platforms":["32-bit Systems","x64-based Systems"],"versions":[{"version":"10.0.10240.0","lessThan":"10.0.10240.20308","versionType":"custom","status":"affected"}]},{"vendor":"Microsoft","product":"Windows 10 Version 1607","platforms":["32-bit Systems","x64-based Systems"],"versions":[{"version":"10.0.14393.0","lessThan":"10.0.14393.6452","versionType":"custom","status":"affected"}]},{"vendor":"Microsoft","product":"Windows Server 2016","platforms":["x64-based Systems"],"versions":[{"version":"10.0.14393.0","lessThan":"10.0.14393.6452","versionType":"custom","status":"affected"}]},{"vendor":"Microsoft","product":"Windows Server 2016 (Server Core installation)","platforms":["x64-based Systems"],"versions":[{"version":"10.0.14393.0","lessThan":"10.0.14393.6452","versionType":"custom","status":"affected"}]},{"vendor":"Microsoft","product":"Windows Server 2008 Service Pack 2","platforms":["32-bit Systems"],"versions":[{"version":"6.0.6003.0","lessThan":"6.0.6003.22367","versionType":"custom","status":"affected"}]},{"vendor":"Microsoft","product":"Windows Server 2008 Service Pack 2 (Server Core installation)","platforms":["32-bit Systems","x64-based Systems"],"versions":[{"version":"6.0.6003.0","lessThan":"6.0.6003.22367","versionType":"custom","status":"affected"}]},{"vendor":"Microsoft","product":"Windows Server 2008  Service Pack 2","platforms":["x64-based Systems"],"versions":[{"version":"6.0.6003.0","lessThan":"6.0.6003.22367","versionType":"custom","status":"affected"}]},{"vendor":"Microsoft","product":"Windows Server 2008 R2 Service Pack 1","platforms":["x64-based Systems"],"versions":[{"version":"6.1.7601.0","lessThan":"6.1.7601.26816","versionType":"custom","status":"affected"}]},{"vendor":"Microsoft","product":"Windows Server 2008 R2 Service Pack 1 (Server Core installation)","platforms":["x64-based Systems"],"versions":[{"version":"6.1.7601.0","lessThan":"6.1.7601.26816","versionType":"custom","status":"affected"}]},{"vendor":"Microsoft","product":"Windows Server 2012","platforms":["x64-based Systems"],"versions":[{"version":"6.2.9200.0","lessThan":"6.2.9200.24569","versionType":"custom","status":"affected"}]},{"vendor":"Microsoft","product":"Windows Server 2012 (Server Core installation)","platforms":["x64-based Systems"],"versions":[{"version":"6.2.9200.0","lessThan":"6.2.9200.24569","versionType":"custom","status":"affected"}]},{"vendor":"Microsoft","product":"Windows Server 2012 R2","platforms":["x64-based Systems"],"versions":[{"version":"6.3.9600.0","lessThan":"6.3.9600.21668","versionType":"custom","status":"affected"}]},{"vendor":"Microsoft","product":"Windows Server 2012 R2 (Server Core installation)","platforms":["x64-based Systems"],"versions":[{"version":"6.3.9600.0","lessThan":"6.3.9600.21668","versionType":"custom","status":"affected"}]},{"vendor":"Microsoft","product":"Windows 11 version 22H3","platforms":["ARM64-based Systems"],"versions":[{"version":"10.0.22631.0","lessThan":"10.0.22631.2715","versionType":"custom","status":"affected"}]},{"vendor":"Microsoft","product":"Windows Server 2022, 23H2 Edition (Server Core installation)","platforms":["x64-based Systems"],"versions":[{"version":"10.0.25398.0","lessThan":"10.0.25398.531","versionType":"custom","status":"affected"}]},{"vendor":"Microsoft","product":"Windows 11 Version 23H2","platforms":["x64-based Systems"],"versions":[{"version":"10.0.22631.0","lessThan":"10.0.22631.2715","versionType":"custom","status":"affected"}]}]	[{"name":"Windows Cloud Files Mini Filter Driver Elevation of Privilege Vulnerability","tags":["vendor-advisory"],"url":"https://msrc.microsoft.com/update-guide/vulnerability/CVE-2023-36036"}]	source-metadata-unreviewed
CVE-2023-36874	published	Windows Error Reporting Service Elevation of Privilege Vulnerability	[{"vendor":"Microsoft","product":"Windows 10 Version 1809","platforms":["32-bit Systems","x64-based Systems"],"versions":[{"version":"10.0.17763.0","lessThan":"10.0.17763.4645","versionType":"custom","status":"affected"}]},{"vendor":"Microsoft","product":"Windows 10 Version 1809","platforms":["ARM64-based Systems"],"versions":[{"version":"10.0.0","lessThan":"10.0.17763.4645","versionType":"custom","status":"affected"}]},{"vendor":"Microsoft","product":"Windows Server 2019","platforms":["x64-based Systems"],"versions":[{"version":"10.0.17763.0","lessThan":"10.0.17763.4645","versionType":"custom","status":"affected"}]},{"vendor":"Microsoft","product":"Windows Server 2019 (Server Core installation)","platforms":["x64-based Systems"],"versions":[{"version":"10.0.17763.0","lessThan":"10.0.17763.4645","versionType":"custom","status":"affected"}]},{"vendor":"Microsoft","product":"Windows Server 2022","platforms":["x64-based Systems"],"versions":[{"version":"10.0.20348.0","lessThan":"10.0.20348.1850","versionType":"custom","status":"affected"}]},{"vendor":"Microsoft","product":"Windows 11 version 21H2","platforms":["x64-based Systems","ARM64-based Systems"],"versions":[{"version":"10.0.0","lessThan":"10.0.22000.2176","versionType":"custom","status":"affected"}]},{"vendor":"Microsoft","product":"Windows 10 Version 21H2","platforms":["32-bit Systems","ARM64-based Systems","x64-based Systems"],"versions":[{"version":"10.0.19043.0","lessThan":"10.0.19044.3208","versionType":"custom","status":"affected"}]},{"vendor":"Microsoft","product":"Windows 11 version 22H2","platforms":["ARM64-based Systems","x64-based Systems"],"versions":[{"version":"10.0.22621.0","lessThan":"10.0.22621.1992","versionType":"custom","status":"affected"}]},{"vendor":"Microsoft","product":"Windows 10 Version 22H2","platforms":["x64-based Systems","ARM64-based Systems","32-bit Systems"],"versions":[{"version":"10.0.19045.0","lessThan":"10.0.19045.3208","versionType":"custom","status":"affected"}]},{"vendor":"Microsoft","product":"Windows 10 Version 1507","platforms":["32-bit Systems","x64-based Systems"],"versions":[{"version":"10.0.10240.0","lessThan":"10.0.10240.20048","versionType":"custom","status":"affected"}]},{"vendor":"Microsoft","product":"Windows 10 Version 1607","platforms":["32-bit Systems","x64-based Systems"],"versions":[{"version":"10.0.14393.0","lessThan":"10.0.14393.6085","versionType":"custom","status":"affected"}]},{"vendor":"Microsoft","product":"Windows Server 2016","platforms":["x64-based Systems"],"versions":[{"version":"10.0.14393.0","lessThan":"10.0.14393.6085","versionType":"custom","status":"affected"}]},{"vendor":"Microsoft","product":"Windows Server 2016 (Server Core installation)","platforms":["x64-based Systems"],"versions":[{"version":"10.0.14393.0","lessThan":"10.0.14393.6085","versionType":"custom","status":"affected"}]},{"vendor":"Microsoft","product":"Windows Server 2008 Service Pack 2","platforms":["32-bit Systems"],"versions":[{"version":"6.0.6003.0","lessThan":"6.0.6003.22175","versionType":"custom","status":"affected"}]},{"vendor":"Microsoft","product":"Windows Server 2008 Service Pack 2 (Server Core installation)","platforms":["32-bit Systems","x64-based Systems"],"versions":[{"version":"6.0.6003.0","lessThan":"6.0.6003.22175","versionType":"custom","status":"affected"}]},{"vendor":"Microsoft","product":"Windows Server 2008  Service Pack 2","platforms":["x64-based Systems"],"versions":[{"version":"6.0.6003.0","lessThan":"6.0.6003.22175","versionType":"custom","status":"affected"}]},{"vendor":"Microsoft","product":"Windows Server 2008 R2 Service Pack 1","platforms":["x64-based Systems"],"versions":[{"version":"6.1.7601.0","lessThan":"6.1.7601.26623","versionType":"custom","status":"affected"}]},{"vendor":"Microsoft","product":"Windows Server 2008 R2 Service Pack 1 (Server Core installation)","platforms":["x64-based Systems"],"versions":[{"version":"6.1.7601.0","lessThan":"6.1.7601.26623","versionType":"custom","status":"affected"}]},{"vendor":"Microsoft","product":"Windows Server 2012","platforms":["x64-based Systems"],"versions":[{"version":"6.2.9200.0","lessThan":"6.2.9200.24374","versionType":"custom","status":"affected"}]},{"vendor":"Microsoft","product":"Windows Server 2012 (Server Core installation)","platforms":["x64-based Systems"],"versions":[{"version":"6.2.9200.0","lessThan":"6.2.9200.24374","versionType":"custom","status":"affected"}]},{"vendor":"Microsoft","product":"Windows Server 2012 R2","platforms":["x64-based Systems"],"versions":[{"version":"6.3.9600.0","lessThan":"6.3.9600.21063","versionType":"custom","status":"affected"}]},{"vendor":"Microsoft","product":"Windows Server 2012 R2 (Server Core installation)","platforms":["x64-based Systems"],"versions":[{"version":"6.3.9600.0","lessThan":"6.3.9600.21063","versionType":"custom","status":"affected"}]}]	[{"name":"Windows Error Reporting Service Elevation of Privilege Vulnerability","tags":["vendor-advisory"],"url":"https://msrc.microsoft.com/update-guide/vulnerability/CVE-2023-36874"}]	source-metadata-unreviewed
CVE-2023-4911	published	A buffer overflow was discovered in the GNU C Library's dynamic loader ld.so while processing the GLIBC_TUNABLES environment variable. This issue could allow a local attacker to use maliciously crafted GLIBC_TUNABLES environment variables when launching binaries with SUID permission to execute code with elevated privileges.	[{"versions":[{"status":"affected","version":"2.34","lessThan":"2.39","versionType":"custom"}],"packageName":"glibc","collectionURL":"https://sourceware.org/git/glibc.git","defaultStatus":"unaffected"},{"vendor":"Red Hat","product":"Red Hat Enterprise Linux 8","collectionURL":"https://access.redhat.com/downloads/content/package-browser/","packageName":"glibc","defaultStatus":"affected","versions":[{"version":"0:2.28-225.el8_8.6","lessThan":"*","versionType":"rpm","status":"unaffected"}],"cpes":["cpe:/a:redhat:enterprise_linux:8::appstream","cpe:/o:redhat:enterprise_linux:8::baseos","cpe:/a:redhat:enterprise_linux:8::crb"]},{"vendor":"Red Hat","product":"Red Hat Enterprise Linux 8","collectionURL":"https://access.redhat.com/downloads/content/package-browser/","packageName":"glibc","defaultStatus":"affected","versions":[{"version":"0:2.28-225.el8_8.6","lessThan":"*","versionType":"rpm","status":"unaffected"}],"cpes":["cpe:/a:redhat:enterprise_linux:8::appstream","cpe:/o:redhat:enterprise_linux:8::baseos","cpe:/a:redhat:enterprise_linux:8::crb"]},{"vendor":"Red Hat","product":"Red Hat Enterprise Linux 8.6 Extended Update Support","collectionURL":"https://access.redhat.com/downloads/content/package-browser/","packageName":"glibc","defaultStatus":"affected","versions":[{"version":"0:2.28-189.6.el8_6","lessThan":"*","versionType":"rpm","status":"unaffected"}],"cpes":["cpe:/o:redhat:rhel_eus:8.6::baseos","cpe:/a:redhat:rhel_eus:8.6::appstream","cpe:/o:redhat:rhev_hypervisor:4.4::el8","cpe:/a:redhat:rhel_eus:8.6::crb"]},{"vendor":"Red Hat","product":"Red Hat Enterprise Linux 9","collectionURL":"https://access.redhat.com/downloads/content/package-browser/","packageName":"glibc","defaultStatus":"affected","versions":[{"version":"0:2.34-60.el9_2.7","lessThan":"*","versionType":"rpm","status":"unaffected"}],"cpes":["cpe:/a:redhat:enterprise_linux:9::appstream","cpe:/a:redhat:enterprise_linux:9::crb","cpe:/o:redhat:enterprise_linux:9::baseos"]},{"vendor":"Red Hat","product":"Red Hat Enterprise Linux 9","collectionURL":"https://access.redhat.com/downloads/content/package-browser/","packageName":"glibc","defaultStatus":"affected","versions":[{"version":"0:2.34-60.el9_2.7","lessThan":"*","versionType":"rpm","status":"unaffected"}],"cpes":["cpe:/a:redhat:enterprise_linux:9::appstream","cpe:/a:redhat:enterprise_linux:9::crb","cpe:/o:redhat:enterprise_linux:9::baseos"]},{"vendor":"Red Hat","product":"Red Hat Enterprise Linux 9.0 Extended Update Support","collectionURL":"https://access.redhat.com/downloads/content/package-browser/","packageName":"glibc","defaultStatus":"affected","versions":[{"version":"0:2.34-28.el9_0.4","lessThan":"*","versionType":"rpm","status":"unaffected"}],"cpes":["cpe:/a:redhat:rhel_eus:9.0::appstream","cpe:/o:redhat:rhel_eus:9.0::baseos","cpe:/a:redhat:rhel_eus:9.0::crb"]},{"vendor":"Red Hat","product":"Red Hat Virtualization 4 for Red Hat Enterprise Linux 8","collectionURL":"https://access.redhat.com/downloads/content/package-browser/","packageName":"glibc","defaultStatus":"affected","versions":[{"version":"0:2.28-189.6.el8_6","lessThan":"*","versionType":"rpm","status":"unaffected"}],"cpes":["cpe:/o:redhat:rhel_eus:8.6::baseos","cpe:/a:redhat:rhel_eus:8.6::appstream","cpe:/o:redhat:rhev_hypervisor:4.4::el8","cpe:/a:redhat:rhel_eus:8.6::crb"]},{"vendor":"Red Hat","product":"Red Hat Virtualization 4 for Red Hat Enterprise Linux 8","collectionURL":"https://access.redhat.com/downloads/content/package-browser/","packageName":"redhat-release-virtualization-host","defaultStatus":"affected","versions":[{"version":"0:4.5.3-10.el8ev","lessThan":"*","versionType":"rpm","status":"unaffected"}],"cpes":["cpe:/o:redhat:rhev_hypervisor:4.4::el8"]},{"vendor":"Red Hat","product":"Red Hat Virtualization 4 for Red Hat Enterprise Linux 8","collectionURL":"https://access.redhat.com/downloads/content/package-browser/","packageName":"redhat-virtualization-host","defaultStatus":"affected","versions":[{"version":"0:4.5.3-202312060823_8.6","lessThan":"*","versionType":"rpm","status":"unaffected"}],"cpes":["cpe:/o:redhat:rhev_hypervisor:4.4::el8"]},{"vendor":"Red Hat","product":"Red Hat Enterprise Linux 6","collectionURL":"https://access.redhat.com/downloads/content/package-browser/","packageName":"glibc","defaultStatus":"unaffected","cpes":["cpe:/o:redhat:enterprise_linux:6"]},{"vendor":"Red Hat","product":"Red Hat Enterprise Linux 7","collectionURL":"https://access.redhat.com/downloads/content/package-browser/","packageName":"compat-glibc","defaultStatus":"unaffected","cpes":["cpe:/o:redhat:enterprise_linux:7"]},{"vendor":"Red Hat","product":"Red Hat Enterprise Linux 7","collectionURL":"https://access.redhat.com/downloads/content/package-browser/","packageName":"glibc","defaultStatus":"unaffected","cpes":["cpe:/o:redhat:enterprise_linux:7"]}]	[{"url":"https://access.redhat.com/errata/RHSA-2023:5453","name":"RHSA-2023:5453","tags":["vendor-advisory","x_refsource_REDHAT"]},{"url":"https://access.redhat.com/errata/RHSA-2023:5454","name":"RHSA-2023:5454","tags":["vendor-advisory","x_refsource_REDHAT"]},{"url":"https://access.redhat.com/errata/RHSA-2023:5455","name":"RHSA-2023:5455","tags":["vendor-advisory","x_refsource_REDHAT"]},{"url":"https://access.redhat.com/errata/RHSA-2023:5476","name":"RHSA-2023:5476","tags":["vendor-advisory","x_refsource_REDHAT"]},{"url":"https://access.redhat.com/errata/RHSA-2024:0033","name":"RHSA-2024:0033","tags":["vendor-advisory","x_refsource_REDHAT"]},{"url":"https://access.redhat.com/security/cve/CVE-2023-4911","tags":["vdb-entry","x_refsource_REDHAT"]},{"url":"https://bugzilla.redhat.com/show_bug.cgi?id=2238352","name":"RHBZ#2238352","tags":["issue-tracking","x_refsource_REDHAT"]},{"url":"https://www.qualys.com/2023/10/03/cve-2023-4911/looney-tunables-local-privilege-escalation-glibc-ld-so.txt"},{"url":"https://www.qualys.com/cve-2023-4911/"}]	source-metadata-unreviewed
CVE-2024-0132	published	NVIDIA Container Toolkit 1.16.1 or earlier contains a Time-of-check Time-of-Use (TOCTOU) vulnerability when used with default configuration where a specifically crafted container image may gain access to the host file system. This does not impact use cases where CDI is used. A successful exploit of this vulnerability may lead to code execution, denial of service, escalation of privileges, information disclosure, and data tampering.	[{"defaultStatus":"unaffected","platforms":["Linux"],"product":"Container Toolkit","vendor":"NVIDIA","versions":[{"status":"affected","version":"All versions up to and including v1.16.1"}]},{"defaultStatus":"unaffected","platforms":["Linux"],"product":"GPU Operator","vendor":"NVIDIA","versions":[{"status":"affected","version":"All versions up to and including 24.6.1"}]}]	[{"url":"https://nvidia.custhelp.com/app/answers/detail/a_id/5582"}]	source-metadata-unreviewed
CVE-2024-1086	published	A use-after-free vulnerability in the Linux kernel's netfilter: nf_tables component can be exploited to achieve local privilege escalation. The nft_verdict_init() function allows positive values as drop error within the hook verdict, and hence the nf_hook_slow() function can cause a double free vulnerability when NF_DROP is issued with a drop error which resembles NF_ACCEPT. We recommend upgrading past commit f342de4e2f33e0e39165d8639387aa6c19dff660.	[{"vendor":"Linux","product":"Kernel","packageName":"kernel","repo":"https://git.kernel.org","versions":[{"status":"affected","version":"3.15","lessThan":"6.8","versionType":"custom"}],"defaultStatus":"unaffected"}]	[{"url":"https://git.kernel.org/pub/scm/linux/kernel/git/torvalds/linux.git/commit/?id=f342de4e2f33e0e39165d8639387aa6c19dff660","tags":["patch"]},{"url":"https://kernel.dance/f342de4e2f33e0e39165d8639387aa6c19dff660"},{"url":"https://lists.fedoraproject.org/archives/list/package-announce@lists.fedoraproject.org/message/7LSPIOMIJYTLZB6QKPQVVAYSUETUWKPF/"},{"url":"https://github.com/Notselwyn/CVE-2024-1086"},{"url":"https://news.ycombinator.com/item?id=39828424"},{"url":"https://pwning.tech/nftables/"},{"url":"http://www.openwall.com/lists/oss-security/2024/04/15/2"},{"url":"http://www.openwall.com/lists/oss-security/2024/04/10/23"},{"url":"http://www.openwall.com/lists/oss-security/2024/04/10/22"},{"url":"http://www.openwall.com/lists/oss-security/2024/04/14/1"},{"url":"http://www.openwall.com/lists/oss-security/2024/04/17/5"},{"url":"https://security.netapp.com/advisory/ntap-20240614-0009/"},{"url":"https://lists.debian.org/debian-lts-announce/2024/06/msg00016.html"},{"url":"https://lists.debian.org/debian-lts-announce/2024/06/msg00020.html"}]	source-metadata-unreviewed
CVE-2024-21338	published	Windows Kernel Elevation of Privilege Vulnerability	[{"vendor":"Microsoft","product":"Windows 10 Version 1809","platforms":["32-bit Systems","x64-based Systems"],"versions":[{"version":"10.0.17763.0","lessThan":"10.0.17763.5458","versionType":"custom","status":"affected"}]},{"vendor":"Microsoft","product":"Windows 10 Version 1809","platforms":["ARM64-based Systems"],"versions":[{"version":"10.0.0","lessThan":"10.0.17763.5458","versionType":"custom","status":"affected"}]},{"vendor":"Microsoft","product":"Windows 10 Version 21H2","platforms":["32-bit Systems","ARM64-based Systems","x64-based Systems"],"versions":[{"version":"10.0.19043.0","lessThan":"10.0.19044.4046","versionType":"custom","status":"affected"}]},{"vendor":"Microsoft","product":"Windows 10 Version 22H2","platforms":["32-bit Systems","ARM64-based Systems","x64-based Systems"],"versions":[{"version":"10.0.19045.0","lessThan":"10.0.19045.4046","versionType":"custom","status":"affected"}]},{"vendor":"Microsoft","product":"Windows 11 version 21H2","platforms":["ARM64-based Systems","x64-based Systems"],"versions":[{"version":"10.0.0","lessThan":"10.0.22000.2777","versionType":"custom","status":"affected"}]},{"vendor":"Microsoft","product":"Windows 11 version 22H2","platforms":["ARM64-based Systems","x64-based Systems"],"versions":[{"version":"10.0.22621.0","lessThan":"10.0.22621.3155","versionType":"custom","status":"affected"}]},{"vendor":"Microsoft","product":"Windows 11 version 22H3","platforms":["ARM64-based Systems"],"versions":[{"version":"10.0.22631.0","lessThan":"10.0.22631.3155","versionType":"custom","status":"affected"}]},{"vendor":"Microsoft","product":"Windows 11 Version 23H2","platforms":["x64-based Systems"],"versions":[{"version":"10.0.22631.0","lessThan":"10.0.22631.3155","versionType":"custom","status":"affected"}]},{"vendor":"Microsoft","product":"Windows Server 2019","platforms":["x64-based Systems"],"versions":[{"version":"10.0.17763.0","lessThan":"10.0.17763.5458","versionType":"custom","status":"affected"}]},{"vendor":"Microsoft","product":"Windows Server 2019 (Server Core installation)","platforms":["x64-based Systems"],"versions":[{"version":"10.0.17763.0","lessThan":"10.0.17763.5458","versionType":"custom","status":"affected"}]},{"vendor":"Microsoft","product":"Windows Server 2022","platforms":["x64-based Systems"],"versions":[{"version":"10.0.20348.0","lessThan":"10.0.20348.2322","versionType":"custom","status":"affected"}]},{"vendor":"Microsoft","product":"Windows Server 2022, 23H2 Edition (Server Core installation)","platforms":["x64-based Systems"],"versions":[{"version":"10.0.25398.0","lessThan":"10.0.25398.709","versionType":"custom","status":"affected"}]}]	[{"name":"Windows Kernel Elevation of Privilege Vulnerability","tags":["vendor-advisory","patch"],"url":"https://msrc.microsoft.com/update-guide/vulnerability/CVE-2024-21338"}]	source-metadata-unreviewed
CVE-2024-21626	published	runc is a CLI tool for spawning and running containers on Linux according to the OCI specification. In runc 1.1.11 and earlier, due to an internal file descriptor leak, an attacker could cause a newly-spawned container process (from runc exec) to have a working directory in the host filesystem namespace, allowing for a container escape by giving access to the host filesystem ("attack 2"). The same attack could be used by a malicious image to allow a container process to gain access to the host filesystem through runc run ("attack 1"). Variants of attacks 1 and 2 could be also be used to overwrite semi-arbitrary host binaries, allowing for complete container escapes ("attack 3a" and "attack 3b"). runc 1.1.12 includes patches for this issue.	[{"vendor":"opencontainers","product":"runc","versions":[{"version":">=v1.0.0-rc93, < 1.1.12","status":"affected"}]}]	[{"name":"https://github.com/opencontainers/runc/security/advisories/GHSA-xr7r-f8xq-vfvv","tags":["x_refsource_CONFIRM"],"url":"https://github.com/opencontainers/runc/security/advisories/GHSA-xr7r-f8xq-vfvv"},{"name":"https://github.com/opencontainers/runc/commit/02120488a4c0fc487d1ed2867e901eeed7ce8ecf","tags":["x_refsource_MISC"],"url":"https://github.com/opencontainers/runc/commit/02120488a4c0fc487d1ed2867e901eeed7ce8ecf"},{"name":"https://github.com/opencontainers/runc/releases/tag/v1.1.12","tags":["x_refsource_MISC"],"url":"https://github.com/opencontainers/runc/releases/tag/v1.1.12"},{"url":"http://www.openwall.com/lists/oss-security/2024/02/01/1"},{"url":"http://www.openwall.com/lists/oss-security/2024/02/02/3"},{"url":"http://packetstormsecurity.com/files/176993/runc-1.1.11-File-Descriptor-Leak-Privilege-Escalation.html"},{"url":"https://lists.fedoraproject.org/archives/list/package-announce@lists.fedoraproject.org/message/SYMO3BANINS6RGFQFKPRG4FIOJ7GWYTL/"},{"url":"https://lists.fedoraproject.org/archives/list/package-announce@lists.fedoraproject.org/message/2NLXNE23Q5ESQUAI22Z7A63JX2WMPJ2J/"},{"url":"https://lists.debian.org/debian-lts-announce/2024/02/msg00005.html"}]	source-metadata-unreviewed
CVE-2024-30088	published	Windows Kernel Elevation of Privilege Vulnerability	[{"vendor":"Microsoft","product":"Windows 10 Version 1507","platforms":["32-bit Systems","x64-based Systems"],"versions":[{"version":"10.0.10240.0","lessThan":"10.0.10240.20680","versionType":"custom","status":"affected"}]},{"vendor":"Microsoft","product":"Windows 10 Version 1607","platforms":["32-bit Systems","x64-based Systems"],"versions":[{"version":"10.0.14393.0","lessThan":"10.0.14393.7070","versionType":"custom","status":"affected"}]},{"vendor":"Microsoft","product":"Windows 10 Version 1809","platforms":["32-bit Systems","x64-based Systems"],"versions":[{"version":"10.0.17763.0","lessThan":"10.0.17763.5936","versionType":"custom","status":"affected"}]},{"vendor":"Microsoft","product":"Windows 10 Version 1809","platforms":["ARM64-based Systems"],"versions":[{"version":"10.0.0","lessThan":"10.0.17763.5936","versionType":"custom","status":"affected"}]},{"vendor":"Microsoft","product":"Windows 10 Version 21H2","platforms":["32-bit Systems","ARM64-based Systems","x64-based Systems"],"versions":[{"version":"10.0.19044.0","lessThan":"10.0.19044.4529","versionType":"custom","status":"affected"}]},{"vendor":"Microsoft","product":"Windows 10 Version 22H2","platforms":["32-bit Systems","ARM64-based Systems","x64-based Systems"],"versions":[{"version":"10.0.19045.0","lessThan":"10.0.19045.4529","versionType":"custom","status":"affected"}]},{"vendor":"Microsoft","product":"Windows 11 version 21H2","platforms":["ARM64-based Systems","x64-based Systems"],"versions":[{"version":"10.0.22000.0","lessThan":"10.0.22000.3019","versionType":"custom","status":"affected"}]},{"vendor":"Microsoft","product":"Windows 11 version 22H2","platforms":["ARM64-based Systems","x64-based Systems"],"versions":[{"version":"10.0.22621.0","lessThan":"10.0.22621.3737","versionType":"custom","status":"affected"}]},{"vendor":"Microsoft","product":"Windows 11 version 23H2","platforms":["ARM64-based Systems"],"versions":[{"version":"10.0.22631.0","lessThan":"10.0.22631.3737","versionType":"custom","status":"affected"}]},{"vendor":"Microsoft","product":"Windows 11 Version 23H2","platforms":["x64-based Systems"],"versions":[{"version":"10.0.22631.0","lessThan":"10.0.22631.3737","versionType":"custom","status":"affected"}]},{"vendor":"Microsoft","product":"Windows Server 2016","platforms":["x64-based Systems"],"versions":[{"version":"10.0.14393.0","lessThan":"10.0.14393.7070","versionType":"custom","status":"affected"}]},{"vendor":"Microsoft","product":"Windows Server 2016 (Server Core installation)","platforms":["x64-based Systems"],"versions":[{"version":"10.0.14393.0","lessThan":"10.0.14393.7070","versionType":"custom","status":"affected"}]},{"vendor":"Microsoft","product":"Windows Server 2019","platforms":["x64-based Systems"],"versions":[{"version":"10.0.17763.0","lessThan":"10.0.17763.5936","versionType":"custom","status":"affected"}]},{"vendor":"Microsoft","product":"Windows Server 2019 (Server Core installation)","platforms":["x64-based Systems"],"versions":[{"version":"10.0.17763.0","lessThan":"10.0.17763.5936","versionType":"custom","status":"affected"}]},{"vendor":"Microsoft","product":"Windows Server 2022","platforms":["x64-based Systems"],"versions":[{"version":"10.0.20348.0","lessThan":"10.0.20348.2527","versionType":"custom","status":"affected"}]},{"vendor":"Microsoft","product":"Windows Server 2022, 23H2 Edition (Server Core installation)","platforms":["x64-based Systems"],"versions":[{"version":"10.0.25398.0","lessThan":"10.0.25398.950","versionType":"custom","status":"affected"}]}]	[{"name":"Windows Kernel Elevation of Privilege Vulnerability","tags":["vendor-advisory","patch"],"url":"https://msrc.microsoft.com/update-guide/vulnerability/CVE-2024-30088"}]	source-metadata-unreviewed
CVE-2024-35250	published	Windows Kernel-Mode Driver Elevation of Privilege Vulnerability	[{"vendor":"Microsoft","product":"Windows 10 Version 1507","platforms":["32-bit Systems","x64-based Systems"],"versions":[{"version":"10.0.10240.0","lessThan":"10.0.10240.20680","versionType":"custom","status":"affected"}]},{"vendor":"Microsoft","product":"Windows 10 Version 1607","platforms":["32-bit Systems","x64-based Systems"],"versions":[{"version":"10.0.14393.0","lessThan":"10.0.14393.7070","versionType":"custom","status":"affected"}]},{"vendor":"Microsoft","product":"Windows 10 Version 1809","platforms":["32-bit Systems","x64-based Systems"],"versions":[{"version":"10.0.17763.0","lessThan":"10.0.17763.5936","versionType":"custom","status":"affected"}]},{"vendor":"Microsoft","product":"Windows 10 Version 1809","platforms":["ARM64-based Systems"],"versions":[{"version":"10.0.0","lessThan":"10.0.17763.5936","versionType":"custom","status":"affected"}]},{"vendor":"Microsoft","product":"Windows 10 Version 21H2","platforms":["32-bit Systems","ARM64-based Systems","x64-based Systems"],"versions":[{"version":"10.0.19044.0","lessThan":"10.0.19044.4529","versionType":"custom","status":"affected"}]},{"vendor":"Microsoft","product":"Windows 10 Version 22H2","platforms":["32-bit Systems","ARM64-based Systems","x64-based Systems"],"versions":[{"version":"10.0.19045.0","lessThan":"10.0.19045.4529","versionType":"custom","status":"affected"}]},{"vendor":"Microsoft","product":"Windows 11 version 21H2","platforms":["ARM64-based Systems","x64-based Systems"],"versions":[{"version":"10.0.22000.0","lessThan":"10.0.22000.3019","versionType":"custom","status":"affected"}]},{"vendor":"Microsoft","product":"Windows 11 version 22H2","platforms":["ARM64-based Systems","x64-based Systems"],"versions":[{"version":"10.0.22621.0","lessThan":"10.0.22621.3737","versionType":"custom","status":"affected"}]},{"vendor":"Microsoft","product":"Windows 11 version 23H2","platforms":["ARM64-based Systems"],"versions":[{"version":"10.0.22631.0","lessThan":"10.0.22631.3737","versionType":"custom","status":"affected"}]},{"vendor":"Microsoft","product":"Windows 11 Version 23H2","platforms":["x64-based Systems"],"versions":[{"version":"10.0.22631.0","lessThan":"10.0.22631.3737","versionType":"custom","status":"affected"}]},{"vendor":"Microsoft","product":"Windows Server 2008 R2 Service Pack 1","platforms":["x64-based Systems"],"versions":[{"version":"6.1.7601.0","lessThan":"6.1.7601.27170","versionType":"custom","status":"affected"}]},{"vendor":"Microsoft","product":"Windows Server 2008 R2 Service Pack 1 (Server Core installation)","platforms":["x64-based Systems"],"versions":[{"version":"6.1.7601.0","lessThan":"6.1.7601.27170","versionType":"custom","status":"affected"}]},{"vendor":"Microsoft","product":"Windows Server 2008 Service Pack 2","platforms":["32-bit Systems","x64-based Systems"],"versions":[{"version":"6.0.6003.0","lessThan":"6.0.6003.22720","versionType":"custom","status":"affected"}]},{"vendor":"Microsoft","product":"Windows Server 2008 Service Pack 2 (Server Core installation)","platforms":["32-bit Systems","x64-based Systems"],"versions":[{"version":"6.0.6003.0","lessThan":"6.0.6003.22720","versionType":"custom","status":"affected"}]},{"vendor":"Microsoft","product":"Windows Server 2012","platforms":["x64-based Systems"],"versions":[{"version":"6.2.9200.0","lessThan":"6.2.9200.24919","versionType":"custom","status":"affected"}]},{"vendor":"Microsoft","product":"Windows Server 2012 (Server Core installation)","platforms":["x64-based Systems"],"versions":[{"version":"6.2.9200.0","lessThan":"6.2.9200.24919","versionType":"custom","status":"affected"}]},{"vendor":"Microsoft","product":"Windows Server 2012 R2","platforms":["x64-based Systems"],"versions":[{"version":"6.3.9600.0","lessThan":"6.3.9600.22023","versionType":"custom","status":"affected"}]},{"vendor":"Microsoft","product":"Windows Server 2012 R2 (Server Core installation)","platforms":["x64-based Systems"],"versions":[{"version":"6.3.9600.0","lessThan":"6.3.9600.22023","versionType":"custom","status":"affected"}]},{"vendor":"Microsoft","product":"Windows Server 2016","platforms":["x64-based Systems"],"versions":[{"version":"10.0.14393.0","lessThan":"10.0.14393.7070","versionType":"custom","status":"affected"}]},{"vendor":"Microsoft","product":"Windows Server 2016 (Server Core installation)","platforms":["x64-based Systems"],"versions":[{"version":"10.0.14393.0","lessThan":"10.0.14393.7070","versionType":"custom","status":"affected"}]},{"vendor":"Microsoft","product":"Windows Server 2019","platforms":["x64-based Systems"],"versions":[{"version":"10.0.17763.0","lessThan":"10.0.17763.5936","versionType":"custom","status":"affected"}]},{"vendor":"Microsoft","product":"Windows Server 2019 (Server Core installation)","platforms":["x64-based Systems"],"versions":[{"version":"10.0.17763.0","lessThan":"10.0.17763.5936","versionType":"custom","status":"affected"}]},{"vendor":"Microsoft","product":"Windows Server 2022","platforms":["x64-based Systems"],"versions":[{"version":"10.0.20348.0","lessThan":"10.0.20348.2527","versionType":"custom","status":"affected"}]},{"vendor":"Microsoft","product":"Windows Server 2022, 23H2 Edition (Server Core installation)","platforms":["x64-based Systems"],"versions":[{"version":"10.0.25398.0","lessThan":"10.0.25398.950","versionType":"custom","status":"affected"}]}]	[{"name":"Windows Kernel-Mode Driver Elevation of Privilege Vulnerability","tags":["vendor-advisory","patch"],"url":"https://msrc.microsoft.com/update-guide/vulnerability/CVE-2024-35250"}]	source-metadata-unreviewed
CVE-2024-38080	published	Windows Hyper-V Elevation of Privilege Vulnerability	[{"vendor":"Microsoft","product":"Windows Server 2022","platforms":["x64-based Systems"],"versions":[{"version":"10.0.20348.0","lessThan":"10.0.20348.2582","versionType":"custom","status":"affected"}]},{"vendor":"Microsoft","product":"Windows 11 version 21H2","platforms":["x64-based Systems","ARM64-based Systems"],"versions":[{"version":"10.0.0","lessThan":"10.0.22000.3079","versionType":"custom","status":"affected"}]},{"vendor":"Microsoft","product":"Windows 11 version 22H2","platforms":["ARM64-based Systems","x64-based Systems"],"versions":[{"version":"10.0.22621.0","lessThan":"10.0.22621.3880","versionType":"custom","status":"affected"}]},{"vendor":"Microsoft","product":"Windows 11 version 22H3","platforms":["ARM64-based Systems"],"versions":[{"version":"10.0.22631.0","lessThan":"10.0.22631.3880","versionType":"custom","status":"affected"}]},{"vendor":"Microsoft","product":"Windows 11 Version 23H2","platforms":["x64-based Systems"],"versions":[{"version":"10.0.22631.0","lessThan":"10.0.22631.3880","versionType":"custom","status":"affected"}]},{"vendor":"Microsoft","product":"Windows Server 2022, 23H2 Edition (Server Core installation)","platforms":["x64-based Systems"],"versions":[{"version":"10.0.25398.0","lessThan":"10.0.25398.1009","versionType":"custom","status":"affected"}]}]	[{"name":"Windows Hyper-V Elevation of Privilege Vulnerability","tags":["vendor-advisory","patch"],"url":"https://msrc.microsoft.com/update-guide/vulnerability/CVE-2024-38080"}]	source-metadata-unreviewed
CVE-2024-38106	published	Windows Kernel Elevation of Privilege Vulnerability	[{"vendor":"Microsoft","product":"Windows 10 Version 1809","platforms":["32-bit Systems","x64-based Systems"],"versions":[{"version":"10.0.17763.0","lessThan":"10.0.17763.6189","versionType":"custom","status":"affected"}]},{"vendor":"Microsoft","product":"Windows Server 2019","platforms":["x64-based Systems"],"versions":[{"version":"10.0.17763.0","lessThan":"10.0.17763.6189","versionType":"custom","status":"affected"}]},{"vendor":"Microsoft","product":"Windows Server 2019 (Server Core installation)","platforms":["x64-based Systems"],"versions":[{"version":"10.0.17763.0","lessThan":"10.0.17763.6189","versionType":"custom","status":"affected"}]},{"vendor":"Microsoft","product":"Windows Server 2022","platforms":["x64-based Systems"],"versions":[{"version":"10.0.20348.0","lessThan":"10.0.20348.2655","versionType":"custom","status":"affected"}]},{"vendor":"Microsoft","product":"Windows 11 version 21H2","platforms":["x64-based Systems","ARM64-based Systems"],"versions":[{"version":"10.0.0","lessThan":"10.0.22000.3147","versionType":"custom","status":"affected"}]},{"vendor":"Microsoft","product":"Windows 10 Version 21H2","platforms":["32-bit Systems","ARM64-based Systems","x64-based Systems"],"versions":[{"version":"10.0.19043.0","lessThan":"10.0.19044.4780","versionType":"custom","status":"affected"}]},{"vendor":"Microsoft","product":"Windows 11 version 22H2","platforms":["ARM64-based Systems","x64-based Systems"],"versions":[{"version":"10.0.22621.0","lessThan":"10.0.22621.4037","versionType":"custom","status":"affected"}]},{"vendor":"Microsoft","product":"Windows 10 Version 22H2","platforms":["x64-based Systems","ARM64-based Systems","32-bit Systems"],"versions":[{"version":"10.0.19045.0","lessThan":"10.0.19045.4780","versionType":"custom","status":"affected"}]},{"vendor":"Microsoft","product":"Windows 11 version 22H3","platforms":["ARM64-based Systems"],"versions":[{"version":"10.0.22631.0","lessThan":"10.0.22631.4037","versionType":"custom","status":"affected"}]},{"vendor":"Microsoft","product":"Windows 11 Version 23H2","platforms":["x64-based Systems"],"versions":[{"version":"10.0.22631.0","lessThan":"10.0.22631.4037","versionType":"custom","status":"affected"}]},{"vendor":"Microsoft","product":"Windows Server 2022, 23H2 Edition (Server Core installation)","platforms":["x64-based Systems"],"versions":[{"version":"10.0.25398.0","lessThan":"10.0.25398.1085","versionType":"custom","status":"affected"}]},{"vendor":"Microsoft","product":"Windows 10 Version 1507","platforms":["32-bit Systems","x64-based Systems"],"versions":[{"version":"10.0.10240.0","lessThan":"10.0.10240.20751","versionType":"custom","status":"affected"}]},{"vendor":"Microsoft","product":"Windows 10 Version 1607","platforms":["32-bit Systems","x64-based Systems"],"versions":[{"version":"10.0.14393.0","lessThan":"10.0.14393.7259","versionType":"custom","status":"affected"}]},{"vendor":"Microsoft","product":"Windows Server 2016","platforms":["x64-based Systems"],"versions":[{"version":"10.0.14393.0","lessThan":"10.0.14393.7259","versionType":"custom","status":"affected"}]},{"vendor":"Microsoft","product":"Windows Server 2016 (Server Core installation)","platforms":["x64-based Systems"],"versions":[{"version":"10.0.14393.0","lessThan":"10.0.14393.7259","versionType":"custom","status":"affected"}]},{"vendor":"Microsoft","product":"Windows 11 Version 24H2","platforms":["ARM64-based Systems","x64-based Systems"],"versions":[{"version":"10.0.26100.0","lessThan":"10.0.26100.1457","versionType":"custom","status":"affected"}]}]	[{"name":"Windows Kernel Elevation of Privilege Vulnerability","tags":["vendor-advisory"],"url":"https://msrc.microsoft.com/update-guide/vulnerability/CVE-2024-38106"}]	source-metadata-unreviewed
CVE-2024-38107	published	Windows Power Dependency Coordinator Elevation of Privilege Vulnerability	[{"vendor":"Microsoft","product":"Windows 10 Version 1809","platforms":["32-bit Systems","x64-based Systems"],"versions":[{"version":"10.0.17763.0","lessThan":"10.0.17763.6189","versionType":"custom","status":"affected"}]},{"vendor":"Microsoft","product":"Windows Server 2019","platforms":["x64-based Systems"],"versions":[{"version":"10.0.17763.0","lessThan":"10.0.17763.6189","versionType":"custom","status":"affected"}]},{"vendor":"Microsoft","product":"Windows Server 2019 (Server Core installation)","platforms":["x64-based Systems"],"versions":[{"version":"10.0.17763.0","lessThan":"10.0.17763.6189","versionType":"custom","status":"affected"}]},{"vendor":"Microsoft","product":"Windows Server 2022","platforms":["x64-based Systems"],"versions":[{"version":"10.0.20348.0","lessThan":"10.0.20348.2655","versionType":"custom","status":"affected"}]},{"vendor":"Microsoft","product":"Windows 11 version 21H2","platforms":["x64-based Systems","ARM64-based Systems"],"versions":[{"version":"10.0.0","lessThan":"10.0.22000.3147","versionType":"custom","status":"affected"}]},{"vendor":"Microsoft","product":"Windows 10 Version 21H2","platforms":["32-bit Systems","ARM64-based Systems","x64-based Systems"],"versions":[{"version":"10.0.19043.0","lessThan":"10.0.19044.4780","versionType":"custom","status":"affected"}]},{"vendor":"Microsoft","product":"Windows 11 version 22H2","platforms":["ARM64-based Systems","x64-based Systems"],"versions":[{"version":"10.0.22621.0","lessThan":"10.0.22621.4037","versionType":"custom","status":"affected"}]},{"vendor":"Microsoft","product":"Windows 10 Version 22H2","platforms":["x64-based Systems","ARM64-based Systems","32-bit Systems"],"versions":[{"version":"10.0.19045.0","lessThan":"10.0.19045.4780","versionType":"custom","status":"affected"}]},{"vendor":"Microsoft","product":"Windows 11 version 22H3","platforms":["ARM64-based Systems"],"versions":[{"version":"10.0.22631.0","lessThan":"10.0.22631.4037","versionType":"custom","status":"affected"}]},{"vendor":"Microsoft","product":"Windows 11 Version 23H2","platforms":["x64-based Systems"],"versions":[{"version":"10.0.22631.0","lessThan":"10.0.22631.4037","versionType":"custom","status":"affected"}]},{"vendor":"Microsoft","product":"Windows Server 2022, 23H2 Edition (Server Core installation)","platforms":["x64-based Systems"],"versions":[{"version":"10.0.25398.0","lessThan":"10.0.25398.1085","versionType":"custom","status":"affected"}]},{"vendor":"Microsoft","product":"Windows 10 Version 1507","platforms":["32-bit Systems","x64-based Systems"],"versions":[{"version":"10.0.10240.0","lessThan":"10.0.10240.20751","versionType":"custom","status":"affected"}]},{"vendor":"Microsoft","product":"Windows 10 Version 1607","platforms":["32-bit Systems","x64-based Systems"],"versions":[{"version":"10.0.14393.0","lessThan":"10.0.14393.7259","versionType":"custom","status":"affected"}]},{"vendor":"Microsoft","product":"Windows Server 2016","platforms":["x64-based Systems"],"versions":[{"version":"10.0.14393.0","lessThan":"10.0.14393.7259","versionType":"custom","status":"affected"}]},{"vendor":"Microsoft","product":"Windows Server 2016 (Server Core installation)","platforms":["x64-based Systems"],"versions":[{"version":"10.0.14393.0","lessThan":"10.0.14393.7259","versionType":"custom","status":"affected"}]},{"vendor":"Microsoft","product":"Windows Server 2012","platforms":["x64-based Systems"],"versions":[{"version":"6.2.9200.0","lessThan":"6.2.9200.25031","versionType":"custom","status":"affected"}]},{"vendor":"Microsoft","product":"Windows Server 2012 (Server Core installation)","platforms":["x64-based Systems"],"versions":[{"version":"6.2.9200.0","lessThan":"6.2.9200.25031","versionType":"custom","status":"affected"}]},{"vendor":"Microsoft","product":"Windows Server 2012 R2","platforms":["x64-based Systems"],"versions":[{"version":"6.3.9600.0","lessThan":"6.3.9600.22134","versionType":"custom","status":"affected"}]},{"vendor":"Microsoft","product":"Windows Server 2012 R2 (Server Core installation)","platforms":["x64-based Systems"],"versions":[{"version":"6.3.9600.0","lessThan":"6.3.9600.22134","versionType":"custom","status":"affected"}]},{"vendor":"Microsoft","product":"Windows 11 Version 24H2","platforms":["ARM64-based Systems","x64-based Systems"],"versions":[{"version":"10.0.26100.0","lessThan":"10.0.26100.1457","versionType":"custom","status":"affected"}]}]	[{"name":"Windows Power Dependency Coordinator Elevation of Privilege Vulnerability","tags":["vendor-advisory"],"url":"https://msrc.microsoft.com/update-guide/vulnerability/CVE-2024-38107"}]	source-metadata-unreviewed
CVE-2024-38193	published	Windows Ancillary Function Driver for WinSock Elevation of Privilege Vulnerability	[{"vendor":"Microsoft","product":"Windows 11 Version 24H2","platforms":["ARM64-based Systems","x64-based Systems"],"versions":[{"version":"10.0.26100.0","lessThan":"10.0.26100.1457","versionType":"custom","status":"affected"}]},{"vendor":"Microsoft","product":"Windows 10 Version 1809","platforms":["32-bit Systems","x64-based Systems"],"versions":[{"version":"10.0.17763.0","lessThan":"10.0.17763.6189","versionType":"custom","status":"affected"}]},{"vendor":"Microsoft","product":"Windows Server 2019","platforms":["x64-based Systems"],"versions":[{"version":"10.0.17763.0","lessThan":"10.0.17763.6189","versionType":"custom","status":"affected"}]},{"vendor":"Microsoft","product":"Windows Server 2019 (Server Core installation)","platforms":["x64-based Systems"],"versions":[{"version":"10.0.17763.0","lessThan":"10.0.17763.6189","versionType":"custom","status":"affected"}]},{"vendor":"Microsoft","product":"Windows Server 2022","platforms":["x64-based Systems"],"versions":[{"version":"10.0.20348.0","lessThan":"10.0.20348.2655","versionType":"custom","status":"affected"}]},{"vendor":"Microsoft","product":"Windows 11 version 21H2","platforms":["x64-based Systems","ARM64-based Systems"],"versions":[{"version":"10.0.0","lessThan":"10.0.22000.3147","versionType":"custom","status":"affected"}]},{"vendor":"Microsoft","product":"Windows 10 Version 21H2","platforms":["32-bit Systems","ARM64-based Systems","x64-based Systems"],"versions":[{"version":"10.0.19043.0","lessThan":"10.0.19044.4780","versionType":"custom","status":"affected"}]},{"vendor":"Microsoft","product":"Windows 11 version 22H2","platforms":["ARM64-based Systems","x64-based Systems"],"versions":[{"version":"10.0.22621.0","lessThan":"10.0.22621.4037","versionType":"custom","status":"affected"}]},{"vendor":"Microsoft","product":"Windows 10 Version 22H2","platforms":["x64-based Systems","ARM64-based Systems","32-bit Systems"],"versions":[{"version":"10.0.19045.0","lessThan":"10.0.19045.4780","versionType":"custom","status":"affected"}]},{"vendor":"Microsoft","product":"Windows 11 version 22H3","platforms":["ARM64-based Systems"],"versions":[{"version":"10.0.22631.0","lessThan":"10.0.22631.4037","versionType":"custom","status":"affected"}]},{"vendor":"Microsoft","product":"Windows 11 Version 23H2","platforms":["x64-based Systems"],"versions":[{"version":"10.0.22631.0","lessThan":"10.0.22631.4037","versionType":"custom","status":"affected"}]},{"vendor":"Microsoft","product":"Windows Server 2022, 23H2 Edition (Server Core installation)","platforms":["x64-based Systems"],"versions":[{"version":"10.0.25398.0","lessThan":"10.0.25398.1085","versionType":"custom","status":"affected"}]},{"vendor":"Microsoft","product":"Windows 10 Version 1507","platforms":["32-bit Systems","x64-based Systems"],"versions":[{"version":"10.0.10240.0","lessThan":"10.0.10240.20751","versionType":"custom","status":"affected"}]},{"vendor":"Microsoft","product":"Windows 10 Version 1607","platforms":["32-bit Systems","x64-based Systems"],"versions":[{"version":"10.0.14393.0","lessThan":"10.0.14393.7259","versionType":"custom","status":"affected"}]},{"vendor":"Microsoft","product":"Windows Server 2016","platforms":["x64-based Systems"],"versions":[{"version":"10.0.14393.0","lessThan":"10.0.14393.7259","versionType":"custom","status":"affected"}]},{"vendor":"Microsoft","product":"Windows Server 2016 (Server Core installation)","platforms":["x64-based Systems"],"versions":[{"version":"10.0.14393.0","lessThan":"10.0.14393.7259","versionType":"custom","status":"affected"}]},{"vendor":"Microsoft","product":"Windows Server 2008 Service Pack 2","platforms":["32-bit Systems"],"versions":[{"version":"6.0.6003.0","lessThan":"6.0.6003.22825","versionType":"custom","status":"affected"}]},{"vendor":"Microsoft","product":"Windows Server 2008 Service Pack 2 (Server Core installation)","platforms":["32-bit Systems","x64-based Systems"],"versions":[{"version":"6.0.6003.0","lessThan":"6.0.6003.22825","versionType":"custom","status":"affected"}]},{"vendor":"Microsoft","product":"Windows Server 2008  Service Pack 2","platforms":["x64-based Systems"],"versions":[{"version":"6.0.6003.0","lessThan":"6.0.6003.22825","versionType":"custom","status":"affected"}]},{"vendor":"Microsoft","product":"Windows Server 2008 R2 Service Pack 1","platforms":["x64-based Systems"],"versions":[{"version":"6.1.7601.0","lessThan":"6.1.7601.27277","versionType":"custom","status":"affected"}]},{"vendor":"Microsoft","product":"Windows Server 2008 R2 Service Pack 1 (Server Core installation)","platforms":["x64-based Systems"],"versions":[{"version":"6.1.7601.0","lessThan":"6.1.7601.27277","versionType":"custom","status":"affected"}]},{"vendor":"Microsoft","product":"Windows Server 2012","platforms":["x64-based Systems"],"versions":[{"version":"6.2.9200.0","lessThan":"6.2.9200.25031","versionType":"custom","status":"affected"}]},{"vendor":"Microsoft","product":"Windows Server 2012 (Server Core installation)","platforms":["x64-based Systems"],"versions":[{"version":"6.2.9200.0","lessThan":"6.2.9200.25031","versionType":"custom","status":"affected"}]},{"vendor":"Microsoft","product":"Windows Server 2012 R2","platforms":["x64-based Systems"],"versions":[{"version":"6.3.9600.0","lessThan":"6.3.9600.22134","versionType":"custom","status":"affected"}]},{"vendor":"Microsoft","product":"Windows Server 2012 R2 (Server Core installation)","platforms":["x64-based Systems"],"versions":[{"version":"6.3.9600.0","lessThan":"6.3.9600.22134","versionType":"custom","status":"affected"}]}]	[{"name":"Windows Ancillary Function Driver for WinSock Elevation of Privilege Vulnerability","tags":["vendor-advisory"],"url":"https://msrc.microsoft.com/update-guide/vulnerability/CVE-2024-38193"}]	source-metadata-unreviewed
CVE-2024-49039	published	Windows Task Scheduler Elevation of Privilege Vulnerability	[{"vendor":"Microsoft","product":"Windows Server 2025","platforms":["x64-based Systems"],"versions":[{"version":"10.0.26100.0","lessThan":"10.0.26100.2314","versionType":"custom","status":"affected"}]},{"vendor":"Microsoft","product":"Windows Server 2025 (Server Core installation)","platforms":["x64-based Systems"],"versions":[{"version":"10.0.26100.0","lessThan":"10.0.26100.2314","versionType":"custom","status":"affected"}]},{"vendor":"Microsoft","product":"Windows 10 Version 1809","platforms":["32-bit Systems","x64-based Systems"],"versions":[{"version":"10.0.17763.0","lessThan":"10.0.17763.6532","versionType":"custom","status":"affected"}]},{"vendor":"Microsoft","product":"Windows Server 2019","platforms":["x64-based Systems"],"versions":[{"version":"10.0.17763.0","lessThan":"10.0.17763.6532","versionType":"custom","status":"affected"}]},{"vendor":"Microsoft","product":"Windows Server 2019 (Server Core installation)","platforms":["x64-based Systems"],"versions":[{"version":"10.0.17763.0","lessThan":"10.0.17763.6532","versionType":"custom","status":"affected"}]},{"vendor":"Microsoft","product":"Windows Server 2022","platforms":["x64-based Systems"],"versions":[{"version":"10.0.20348.0","lessThan":"10.0.20348.2849","versionType":"custom","status":"affected"}]},{"vendor":"Microsoft","product":"Windows 10 Version 21H2","platforms":["32-bit Systems","ARM64-based Systems","x64-based Systems"],"versions":[{"version":"10.0.19043.0","lessThan":"10.0.19044.5131","versionType":"custom","status":"affected"}]},{"vendor":"Microsoft","product":"Windows 11 version 22H2","platforms":["ARM64-based Systems","x64-based Systems"],"versions":[{"version":"10.0.22621.0","lessThan":"10.0.22621.4460","versionType":"custom","status":"affected"}]},{"vendor":"Microsoft","product":"Windows 10 Version 22H2","platforms":["x64-based Systems","ARM64-based Systems","32-bit Systems"],"versions":[{"version":"10.0.19045.0","lessThan":"10.0.19045.5131","versionType":"custom","status":"affected"}]},{"vendor":"Microsoft","product":"Windows 11 version 22H3","platforms":["ARM64-based Systems"],"versions":[{"version":"10.0.22631.0","lessThan":"10.0.22631.4460","versionType":"custom","status":"affected"}]},{"vendor":"Microsoft","product":"Windows 11 Version 23H2","platforms":["x64-based Systems"],"versions":[{"version":"10.0.22631.0","lessThan":"10.0.22631.4460","versionType":"custom","status":"affected"}]},{"vendor":"Microsoft","product":"Windows Server 2022, 23H2 Edition (Server Core installation)","platforms":["x64-based Systems"],"versions":[{"version":"10.0.25398.0","lessThan":"10.0.25398.1251","versionType":"custom","status":"affected"}]},{"vendor":"Microsoft","product":"Windows 11 Version 24H2","platforms":["ARM64-based Systems","x64-based Systems"],"versions":[{"version":"10.0.26100.0","lessThan":"10.0.26100.2314","versionType":"custom","status":"affected"}]},{"vendor":"Microsoft","product":"Windows 10 Version 1507","platforms":["32-bit Systems","x64-based Systems"],"versions":[{"version":"10.0.10240.0","lessThan":"10.0.10240.20826","versionType":"custom","status":"affected"}]},{"vendor":"Microsoft","product":"Windows 10 Version 1607","platforms":["32-bit Systems","x64-based Systems"],"versions":[{"version":"10.0.14393.0","lessThan":"10.0.14393.7515","versionType":"custom","status":"affected"}]},{"vendor":"Microsoft","product":"Windows Server 2016","platforms":["x64-based Systems"],"versions":[{"version":"10.0.14393.0","lessThan":"10.0.14393.7515","versionType":"custom","status":"affected"}]},{"vendor":"Microsoft","product":"Windows Server 2016 (Server Core installation)","platforms":["x64-based Systems"],"versions":[{"version":"10.0.14393.0","lessThan":"10.0.14393.7515","versionType":"custom","status":"affected"}]}]	[{"name":"Windows Task Scheduler Elevation of Privilege Vulnerability","tags":["vendor-advisory"],"url":"https://msrc.microsoft.com/update-guide/vulnerability/CVE-2024-49039"}]	source-metadata-unreviewed
CVE-2024-49138	published	Windows Common Log File System Driver Elevation of Privilege Vulnerability	[{"vendor":"Microsoft","product":"Windows 10 Version 1507","platforms":["32-bit Systems","x64-based Systems"],"versions":[{"version":"10.0.10240.0","lessThan":"10.0.10240.20857","versionType":"custom","status":"affected"}]},{"vendor":"Microsoft","product":"Windows 10 Version 1607","platforms":["32-bit Systems","x64-based Systems"],"versions":[{"version":"10.0.14393.0","lessThan":"10.0.14393.7606","versionType":"custom","status":"affected"}]},{"vendor":"Microsoft","product":"Windows 10 Version 1809","platforms":["32-bit Systems","x64-based Systems"],"versions":[{"version":"10.0.17763.0","lessThan":"10.0.17763.6659","versionType":"custom","status":"affected"}]},{"vendor":"Microsoft","product":"Windows 10 Version 21H2","platforms":["32-bit Systems","ARM64-based Systems","x64-based Systems"],"versions":[{"version":"10.0.19043.0","lessThan":"10.0.19044.5247","versionType":"custom","status":"affected"}]},{"vendor":"Microsoft","product":"Windows 10 Version 22H2","platforms":["32-bit Systems","ARM64-based Systems","x64-based Systems"],"versions":[{"version":"10.0.19045.0","lessThan":"10.0.19045.5247","versionType":"custom","status":"affected"}]},{"vendor":"Microsoft","product":"Windows 11 version 22H2","platforms":["ARM64-based Systems","x64-based Systems"],"versions":[{"version":"10.0.22621.0","lessThan":"10.0.22621.4602","versionType":"custom","status":"affected"}]},{"vendor":"Microsoft","product":"Windows 11 version 22H3","platforms":["ARM64-based Systems"],"versions":[{"version":"10.0.22631.0","lessThan":"10.0.22631.4602","versionType":"custom","status":"affected"}]},{"vendor":"Microsoft","product":"Windows 11 Version 23H2","platforms":["x64-based Systems"],"versions":[{"version":"10.0.22631.0","lessThan":"10.0.22631.4602","versionType":"custom","status":"affected"}]},{"vendor":"Microsoft","product":"Windows 11 Version 24H2","platforms":["ARM64-based Systems","x64-based Systems"],"versions":[{"version":"10.0.26100.0","lessThan":"10.0.26100.2605","versionType":"custom","status":"affected"}]},{"vendor":"Microsoft","product":"Windows Server 2008  Service Pack 2","platforms":["x64-based Systems"],"versions":[{"version":"6.0.6003.0","lessThan":"6.0.6003.23016","versionType":"custom","status":"affected"}]},{"vendor":"Microsoft","product":"Windows Server 2008 R2 Service Pack 1","platforms":["x64-based Systems"],"versions":[{"version":"6.1.7601.0","lessThan":"6.1.7601.27467","versionType":"custom","status":"affected"}]},{"vendor":"Microsoft","product":"Windows Server 2008 R2 Service Pack 1 (Server Core installation)","platforms":["x64-based Systems"],"versions":[{"version":"6.1.7601.0","lessThan":"6.1.7601.27467","versionType":"custom","status":"affected"}]},{"vendor":"Microsoft","product":"Windows Server 2008 Service Pack 2","platforms":["32-bit Systems"],"versions":[{"version":"6.0.6003.0","lessThan":"6.0.6003.23016","versionType":"custom","status":"affected"}]},{"vendor":"Microsoft","product":"Windows Server 2008 Service Pack 2 (Server Core installation)","platforms":["32-bit Systems","x64-based Systems"],"versions":[{"version":"6.0.6003.0","lessThan":"6.0.6003.23016","versionType":"custom","status":"affected"}]},{"vendor":"Microsoft","product":"Windows Server 2012","platforms":["x64-based Systems"],"versions":[{"version":"6.2.9200.0","lessThan":"6.2.9200.25222","versionType":"custom","status":"affected"}]},{"vendor":"Microsoft","product":"Windows Server 2012 (Server Core installation)","platforms":["x64-based Systems"],"versions":[{"version":"6.2.9200.0","lessThan":"6.2.9200.25222","versionType":"custom","status":"affected"}]},{"vendor":"Microsoft","product":"Windows Server 2012 R2","platforms":["x64-based Systems"],"versions":[{"version":"6.3.9600.0","lessThan":"6.3.9600.22318","versionType":"custom","status":"affected"}]},{"vendor":"Microsoft","product":"Windows Server 2012 R2 (Server Core installation)","platforms":["x64-based Systems"],"versions":[{"version":"6.3.9600.0","lessThan":"6.3.9600.22318","versionType":"custom","status":"affected"}]},{"vendor":"Microsoft","product":"Windows Server 2016","platforms":["x64-based Systems"],"versions":[{"version":"10.0.14393.0","lessThan":"10.0.14393.7606","versionType":"custom","status":"affected"}]},{"vendor":"Microsoft","product":"Windows Server 2016 (Server Core installation)","platforms":["x64-based Systems"],"versions":[{"version":"10.0.14393.0","lessThan":"10.0.14393.7606","versionType":"custom","status":"affected"}]},{"vendor":"Microsoft","product":"Windows Server 2019","platforms":["x64-based Systems"],"versions":[{"version":"10.0.17763.0","lessThan":"10.0.17763.6659","versionType":"custom","status":"affected"}]},{"vendor":"Microsoft","product":"Windows Server 2019 (Server Core installation)","platforms":["x64-based Systems"],"versions":[{"version":"10.0.17763.0","lessThan":"10.0.17763.6659","versionType":"custom","status":"affected"}]},{"vendor":"Microsoft","product":"Windows Server 2022","platforms":["x64-based Systems"],"versions":[{"version":"10.0.20348.0","lessThan":"10.0.20348.2966","versionType":"custom","status":"affected"}]},{"vendor":"Microsoft","product":"Windows Server 2022, 23H2 Edition (Server Core installation)","platforms":["x64-based Systems"],"versions":[{"version":"10.0.25398.0","lessThan":"10.0.25398.1308","versionType":"custom","status":"affected"}]},{"vendor":"Microsoft","product":"Windows Server 2025","platforms":["x64-based Systems"],"versions":[{"version":"10.0.26100.0","lessThan":"10.0.26100.2605","versionType":"custom","status":"affected"}]},{"vendor":"Microsoft","product":"Windows Server 2025 (Server Core installation)","platforms":["x64-based Systems"],"versions":[{"version":"10.0.26100.0","lessThan":"10.0.26100.2605","versionType":"custom","status":"affected"}]}]	[{"name":"Windows Common Log File System Driver Elevation of Privilege Vulnerability","tags":["vendor-advisory","patch"],"url":"https://msrc.microsoft.com/update-guide/vulnerability/CVE-2024-49138"}]	source-metadata-unreviewed
CVE-2024-53197	published	In the Linux kernel, the following vulnerability has been resolved: ALSA: usb-audio: Fix potential out-of-bound accesses for Extigy and Mbox devices A bogus device can provide a bNumConfigurations value that exceeds the initial value used in usb_get_configuration for allocating dev->config. This can lead to out-of-bounds accesses later, e.g. in usb_destroy_configuration.	[{"product":"Linux","vendor":"Linux","defaultStatus":"unaffected","repo":"https://git.kernel.org/pub/scm/linux/kernel/git/stable/linux.git","programFiles":["sound/usb/quirks.c"],"versions":[{"version":"1da177e4c3f41524e886b7f1b8a0c1fc7321cac2","lessThan":"0b4ea4bfe16566b84645ded1403756a2dc4e0f19","status":"affected","versionType":"git"},{"version":"1da177e4c3f41524e886b7f1b8a0c1fc7321cac2","lessThan":"9b8460a2a7ce478e0b625af7c56d444dc24190f7","status":"affected","versionType":"git"},{"version":"1da177e4c3f41524e886b7f1b8a0c1fc7321cac2","lessThan":"62dc01c83fa71e10446ee4c31e0e3d5d1291e865","status":"affected","versionType":"git"},{"version":"1da177e4c3f41524e886b7f1b8a0c1fc7321cac2","lessThan":"9887d859cd60727432a01564e8f91302d361b72b","status":"affected","versionType":"git"},{"version":"1da177e4c3f41524e886b7f1b8a0c1fc7321cac2","lessThan":"920a369a9f014f10ec282fd298d0666129379f1b","status":"affected","versionType":"git"},{"version":"1da177e4c3f41524e886b7f1b8a0c1fc7321cac2","lessThan":"b8f8b81dabe52b413fe9e062e8a852c48dd0680d","status":"affected","versionType":"git"},{"version":"1da177e4c3f41524e886b7f1b8a0c1fc7321cac2","lessThan":"379d3b9799d9da953391e973b934764f01e03960","status":"affected","versionType":"git"},{"version":"1da177e4c3f41524e886b7f1b8a0c1fc7321cac2","lessThan":"b521b53ac6eb04e41c03f46f7fe452e4d8e9bcca","status":"affected","versionType":"git"},{"version":"1da177e4c3f41524e886b7f1b8a0c1fc7321cac2","lessThan":"b909df18ce2a998afef81d58bbd1a05dc0788c40","status":"affected","versionType":"git"}]},{"product":"Linux","vendor":"Linux","defaultStatus":"affected","repo":"https://git.kernel.org/pub/scm/linux/kernel/git/stable/linux.git","programFiles":["sound/usb/quirks.c"],"versions":[{"version":"2.6.12","status":"affected"},{"version":"0","lessThan":"2.6.12","status":"unaffected","versionType":"semver"},{"version":"4.19.325","lessThanOrEqual":"4.19.*","status":"unaffected","versionType":"semver"},{"version":"5.4.287","lessThanOrEqual":"5.4.*","status":"unaffected","versionType":"semver"},{"version":"5.10.231","lessThanOrEqual":"5.10.*","status":"unaffected","versionType":"semver"},{"version":"5.15.174","lessThanOrEqual":"5.15.*","status":"unaffected","versionType":"semver"},{"version":"6.1.120","lessThanOrEqual":"6.1.*","status":"unaffected","versionType":"semver"},{"version":"6.6.64","lessThanOrEqual":"6.6.*","status":"unaffected","versionType":"semver"},{"version":"6.11.11","lessThanOrEqual":"6.11.*","status":"unaffected","versionType":"semver"},{"version":"6.12.2","lessThanOrEqual":"6.12.*","status":"unaffected","versionType":"semver"},{"version":"6.13","lessThanOrEqual":"*","status":"unaffected","versionType":"original_commit_for_fix"}]}]	[{"url":"https://git.kernel.org/stable/c/0b4ea4bfe16566b84645ded1403756a2dc4e0f19"},{"url":"https://git.kernel.org/stable/c/9b8460a2a7ce478e0b625af7c56d444dc24190f7"},{"url":"https://git.kernel.org/stable/c/62dc01c83fa71e10446ee4c31e0e3d5d1291e865"},{"url":"https://git.kernel.org/stable/c/9887d859cd60727432a01564e8f91302d361b72b"},{"url":"https://git.kernel.org/stable/c/920a369a9f014f10ec282fd298d0666129379f1b"},{"url":"https://git.kernel.org/stable/c/b8f8b81dabe52b413fe9e062e8a852c48dd0680d"},{"url":"https://git.kernel.org/stable/c/379d3b9799d9da953391e973b934764f01e03960"},{"url":"https://git.kernel.org/stable/c/b521b53ac6eb04e41c03f46f7fe452e4d8e9bcca"},{"url":"https://git.kernel.org/stable/c/b909df18ce2a998afef81d58bbd1a05dc0788c40"}]	source-metadata-unreviewed
CVE-2025-21391	published	Windows Storage Elevation of Privilege Vulnerability	[{"vendor":"Microsoft","product":"Windows 10 Version 1507","platforms":["32-bit Systems","x64-based Systems"],"versions":[{"version":"10.0.10240.0","lessThan":"10.0.10240.20915","versionType":"custom","status":"affected"}]},{"vendor":"Microsoft","product":"Windows 10 Version 1607","platforms":["32-bit Systems","x64-based Systems"],"versions":[{"version":"10.0.14393.0","lessThan":"10.0.14393.7785","versionType":"custom","status":"affected"}]},{"vendor":"Microsoft","product":"Windows 10 Version 1809","platforms":["32-bit Systems","x64-based Systems"],"versions":[{"version":"10.0.17763.0","lessThan":"10.0.17763.6893","versionType":"custom","status":"affected"}]},{"vendor":"Microsoft","product":"Windows 10 Version 21H2","platforms":["32-bit Systems","ARM64-based Systems","x64-based Systems"],"versions":[{"version":"10.0.19044.0","lessThan":"10.0.19044.5487","versionType":"custom","status":"affected"}]},{"vendor":"Microsoft","product":"Windows 10 Version 22H2","platforms":["32-bit Systems","ARM64-based Systems","x64-based Systems"],"versions":[{"version":"10.0.19045.0","lessThan":"10.0.19045.5487","versionType":"custom","status":"affected"}]},{"vendor":"Microsoft","product":"Windows 11 version 22H2","platforms":["ARM64-based Systems","x64-based Systems"],"versions":[{"version":"10.0.22621.0","lessThan":"10.0.22621.4890","versionType":"custom","status":"affected"}]},{"vendor":"Microsoft","product":"Windows 11 version 22H3","platforms":["ARM64-based Systems"],"versions":[{"version":"10.0.22631.0","lessThan":"10.0.22631.4890","versionType":"custom","status":"affected"}]},{"vendor":"Microsoft","product":"Windows 11 Version 23H2","platforms":["x64-based Systems"],"versions":[{"version":"10.0.22631.0","lessThan":"10.0.22631.4890","versionType":"custom","status":"affected"}]},{"vendor":"Microsoft","product":"Windows 11 Version 24H2","platforms":["ARM64-based Systems","x64-based Systems"],"versions":[{"version":"10.0.26100.0","lessThan":"10.0.26100.3194","versionType":"custom","status":"affected"}]},{"vendor":"Microsoft","product":"Windows Server 2016","platforms":["x64-based Systems"],"versions":[{"version":"10.0.14393.0","lessThan":"10.0.14393.7785","versionType":"custom","status":"affected"}]},{"vendor":"Microsoft","product":"Windows Server 2016 (Server Core installation)","platforms":["x64-based Systems"],"versions":[{"version":"10.0.14393.0","lessThan":"10.0.14393.7785","versionType":"custom","status":"affected"}]},{"vendor":"Microsoft","product":"Windows Server 2019","platforms":["x64-based Systems"],"versions":[{"version":"10.0.17763.0","lessThan":"10.0.17763.6893","versionType":"custom","status":"affected"}]},{"vendor":"Microsoft","product":"Windows Server 2019 (Server Core installation)","platforms":["x64-based Systems"],"versions":[{"version":"10.0.17763.0","lessThan":"10.0.17763.6893","versionType":"custom","status":"affected"}]},{"vendor":"Microsoft","product":"Windows Server 2022","platforms":["x64-based Systems"],"versions":[{"version":"10.0.20348.0","lessThan":"10.0.20348.3207","versionType":"custom","status":"affected"}]},{"vendor":"Microsoft","product":"Windows Server 2022, 23H2 Edition (Server Core installation)","platforms":["x64-based Systems"],"versions":[{"version":"10.0.25398.0","lessThan":"10.0.25398.1425","versionType":"custom","status":"affected"}]},{"vendor":"Microsoft","product":"Windows Server 2025","platforms":["x64-based Systems"],"versions":[{"version":"10.0.26100.0","lessThan":"10.0.26100.3194","versionType":"custom","status":"affected"}]},{"vendor":"Microsoft","product":"Windows Server 2025 (Server Core installation)","platforms":["x64-based Systems"],"versions":[{"version":"10.0.26100.0","lessThan":"10.0.26100.3194","versionType":"custom","status":"affected"}]}]	[{"name":"Windows Storage Elevation of Privilege Vulnerability","tags":["vendor-advisory","patch"],"url":"https://msrc.microsoft.com/update-guide/vulnerability/CVE-2025-21391"}]	source-metadata-unreviewed
CVE-2025-21418	published	Windows Ancillary Function Driver for WinSock Elevation of Privilege Vulnerability	[{"vendor":"Microsoft","product":"Windows 10 Version 1507","platforms":["32-bit Systems","x64-based Systems"],"versions":[{"version":"10.0.10240.0","lessThan":"10.0.10240.20915","versionType":"custom","status":"affected"}]},{"vendor":"Microsoft","product":"Windows 10 Version 1607","platforms":["32-bit Systems","x64-based Systems"],"versions":[{"version":"10.0.14393.0","lessThan":"10.0.14393.7785","versionType":"custom","status":"affected"}]},{"vendor":"Microsoft","product":"Windows 10 Version 1809","platforms":["32-bit Systems","x64-based Systems"],"versions":[{"version":"10.0.17763.0","lessThan":"10.0.17763.6893","versionType":"custom","status":"affected"}]},{"vendor":"Microsoft","product":"Windows 10 Version 21H2","platforms":["32-bit Systems","ARM64-based Systems","x64-based Systems"],"versions":[{"version":"10.0.19044.0","lessThan":"10.0.19044.5487","versionType":"custom","status":"affected"}]},{"vendor":"Microsoft","product":"Windows 10 Version 22H2","platforms":["32-bit Systems","ARM64-based Systems","x64-based Systems"],"versions":[{"version":"10.0.19045.0","lessThan":"10.0.19045.5487","versionType":"custom","status":"affected"}]},{"vendor":"Microsoft","product":"Windows 11 version 22H2","platforms":["ARM64-based Systems","x64-based Systems"],"versions":[{"version":"10.0.22621.0","lessThan":"10.0.22621.4890","versionType":"custom","status":"affected"}]},{"vendor":"Microsoft","product":"Windows 11 version 22H3","platforms":["ARM64-based Systems"],"versions":[{"version":"10.0.22631.0","lessThan":"10.0.22631.4890","versionType":"custom","status":"affected"}]},{"vendor":"Microsoft","product":"Windows 11 Version 23H2","platforms":["x64-based Systems"],"versions":[{"version":"10.0.22631.0","lessThan":"10.0.22631.4890","versionType":"custom","status":"affected"}]},{"vendor":"Microsoft","product":"Windows 11 Version 24H2","platforms":["ARM64-based Systems","x64-based Systems"],"versions":[{"version":"10.0.26100.0","lessThan":"10.0.26100.3194","versionType":"custom","status":"affected"}]},{"vendor":"Microsoft","product":"Windows Server 2008 R2 Service Pack 1","platforms":["x64-based Systems"],"versions":[{"version":"6.1.7601.0","lessThan":"6.1.7601.27566","versionType":"custom","status":"affected"}]},{"vendor":"Microsoft","product":"Windows Server 2008 R2 Service Pack 1 (Server Core installation)","platforms":["x64-based Systems"],"versions":[{"version":"6.1.7601.0","lessThan":"6.1.7601.27566","versionType":"custom","status":"affected"}]},{"vendor":"Microsoft","product":"Windows Server 2008 Service Pack 2","platforms":["32-bit Systems","x64-based Systems"],"versions":[{"version":"6.0.6003.0","lessThan":"6.0.6003.23117","versionType":"custom","status":"affected"}]},{"vendor":"Microsoft","product":"Windows Server 2008 Service Pack 2 (Server Core installation)","platforms":["32-bit Systems","x64-based Systems"],"versions":[{"version":"6.0.6003.0","lessThan":"6.0.6003.23117","versionType":"custom","status":"affected"}]},{"vendor":"Microsoft","product":"Windows Server 2012","platforms":["x64-based Systems"],"versions":[{"version":"6.2.9200.0","lessThan":"6.2.9200.25317","versionType":"custom","status":"affected"}]},{"vendor":"Microsoft","product":"Windows Server 2012 (Server Core installation)","platforms":["x64-based Systems"],"versions":[{"version":"6.2.9200.0","lessThan":"6.2.9200.25317","versionType":"custom","status":"affected"}]},{"vendor":"Microsoft","product":"Windows Server 2012 R2","platforms":["x64-based Systems"],"versions":[{"version":"6.3.9600.0","lessThan":"6.3.9600.22417","versionType":"custom","status":"affected"}]},{"vendor":"Microsoft","product":"Windows Server 2012 R2 (Server Core installation)","platforms":["x64-based Systems"],"versions":[{"version":"6.3.9600.0","lessThan":"6.3.9600.22417","versionType":"custom","status":"affected"}]},{"vendor":"Microsoft","product":"Windows Server 2016","platforms":["x64-based Systems"],"versions":[{"version":"10.0.14393.0","lessThan":"10.0.14393.7785","versionType":"custom","status":"affected"}]},{"vendor":"Microsoft","product":"Windows Server 2016 (Server Core installation)","platforms":["x64-based Systems"],"versions":[{"version":"10.0.14393.0","lessThan":"10.0.14393.7785","versionType":"custom","status":"affected"}]},{"vendor":"Microsoft","product":"Windows Server 2019","platforms":["x64-based Systems"],"versions":[{"version":"10.0.17763.0","lessThan":"10.0.17763.6893","versionType":"custom","status":"affected"}]},{"vendor":"Microsoft","product":"Windows Server 2019 (Server Core installation)","platforms":["x64-based Systems"],"versions":[{"version":"10.0.17763.0","lessThan":"10.0.17763.6893","versionType":"custom","status":"affected"}]},{"vendor":"Microsoft","product":"Windows Server 2022","platforms":["x64-based Systems"],"versions":[{"version":"10.0.20348.0","lessThan":"10.0.20348.3207","versionType":"custom","status":"affected"}]},{"vendor":"Microsoft","product":"Windows Server 2022, 23H2 Edition (Server Core installation)","platforms":["x64-based Systems"],"versions":[{"version":"10.0.25398.0","lessThan":"10.0.25398.1425","versionType":"custom","status":"affected"}]},{"vendor":"Microsoft","product":"Windows Server 2025","platforms":["x64-based Systems"],"versions":[{"version":"10.0.26100.0","lessThan":"10.0.26100.3194","versionType":"custom","status":"affected"}]},{"vendor":"Microsoft","product":"Windows Server 2025 (Server Core installation)","platforms":["x64-based Systems"],"versions":[{"version":"10.0.26100.0","lessThan":"10.0.26100.3194","versionType":"custom","status":"affected"}]}]	[{"name":"Windows Ancillary Function Driver for WinSock Elevation of Privilege Vulnerability","tags":["vendor-advisory","patch"],"url":"https://msrc.microsoft.com/update-guide/vulnerability/CVE-2025-21418"}]	source-metadata-unreviewed
CVE-2025-24983	published	Use after free in Windows Win32 Kernel Subsystem allows an authorized attacker to elevate privileges locally.	[{"vendor":"Microsoft","product":"Windows 10 Version 1507","platforms":["32-bit Systems","x64-based Systems"],"versions":[{"version":"10.0.10240.0","lessThan":"10.0.10240.20947","versionType":"custom","status":"affected"}]},{"vendor":"Microsoft","product":"Windows 10 Version 1607","platforms":["32-bit Systems","x64-based Systems"],"versions":[{"version":"10.0.14393.0","lessThan":"10.0.14393.7876","versionType":"custom","status":"affected"}]},{"vendor":"Microsoft","product":"Windows Server 2008 R2 Service Pack 1","platforms":["x64-based Systems"],"versions":[{"version":"6.1.7601.0","lessThan":"6.1.7601.27618","versionType":"custom","status":"affected"}]},{"vendor":"Microsoft","product":"Windows Server 2008 R2 Service Pack 1 (Server Core installation)","platforms":["x64-based Systems"],"versions":[{"version":"6.1.7601.0","lessThan":"6.1.7601.27618","versionType":"custom","status":"affected"}]},{"vendor":"Microsoft","product":"Windows Server 2008 Service Pack 2","platforms":["32-bit Systems","x64-based Systems"],"versions":[{"version":"6.0.6003.0","lessThan":"6.0.6003.23168","versionType":"custom","status":"affected"}]},{"vendor":"Microsoft","product":"Windows Server 2008 Service Pack 2 (Server Core installation)","platforms":["32-bit Systems","x64-based Systems"],"versions":[{"version":"6.0.6003.0","lessThan":"6.0.6003.23168","versionType":"custom","status":"affected"}]},{"vendor":"Microsoft","product":"Windows Server 2012","platforms":["x64-based Systems"],"versions":[{"version":"6.2.9200.0","lessThan":"6.2.9200.25368","versionType":"custom","status":"affected"}]},{"vendor":"Microsoft","product":"Windows Server 2012 (Server Core installation)","platforms":["x64-based Systems"],"versions":[{"version":"6.2.9200.0","lessThan":"6.2.9200.25368","versionType":"custom","status":"affected"}]},{"vendor":"Microsoft","product":"Windows Server 2012 R2","platforms":["x64-based Systems"],"versions":[{"version":"6.3.9600.0","lessThan":"6.3.9600.22470","versionType":"custom","status":"affected"}]},{"vendor":"Microsoft","product":"Windows Server 2012 R2 (Server Core installation)","platforms":["x64-based Systems"],"versions":[{"version":"6.3.9600.0","lessThan":"6.3.9600.22470","versionType":"custom","status":"affected"}]},{"vendor":"Microsoft","product":"Windows Server 2016","platforms":["x64-based Systems"],"versions":[{"version":"10.0.14393.0","lessThan":"10.0.14393.7876","versionType":"custom","status":"affected"}]},{"vendor":"Microsoft","product":"Windows Server 2016 (Server Core installation)","platforms":["x64-based Systems"],"versions":[{"version":"10.0.14393.0","lessThan":"10.0.14393.7876","versionType":"custom","status":"affected"}]}]	[{"name":"Windows Win32 Kernel Subsystem Elevation of Privilege Vulnerability","tags":["vendor-advisory","patch"],"url":"https://msrc.microsoft.com/update-guide/vulnerability/CVE-2025-24983"}]	source-metadata-unreviewed
CVE-2025-24990	published	Microsoft is aware of vulnerabilities in the third party Agere Modem driver that ships natively with supported Windows operating systems. This is an announcement of the upcoming removal of ltmdm64.sys driver. The driver has been removed in the October cumulative update. Fax modem hardware dependent on this specific driver will no longer work on Windows. Microsoft recommends removing any existing dependencies on this hardware.	[{"vendor":"Microsoft","product":"Windows 10 Version 1507","platforms":["x64-based Systems"],"versions":[{"version":"10.0.10240.0","lessThan":"10.0.10240.21161","versionType":"custom","status":"affected"}]},{"vendor":"Microsoft","product":"Windows 10 Version 1607","platforms":["x64-based Systems"],"versions":[{"version":"10.0.14393.0","lessThan":"10.0.14393.8519","versionType":"custom","status":"affected"}]},{"vendor":"Microsoft","product":"Windows 10 Version 1809","platforms":["x64-based Systems"],"versions":[{"version":"10.0.17763.0","lessThan":"10.0.17763.7919","versionType":"custom","status":"affected"}]},{"vendor":"Microsoft","product":"Windows 10 Version 21H2","platforms":["x64-based Systems"],"versions":[{"version":"10.0.19044.0","lessThan":"10.0.19044.6456","versionType":"custom","status":"affected"}]},{"vendor":"Microsoft","product":"Windows 10 Version 22H2","platforms":["x64-based Systems"],"versions":[{"version":"10.0.19045.0","lessThan":"10.0.19045.6456","versionType":"custom","status":"affected"}]},{"vendor":"Microsoft","product":"Windows 11 version 22H2","platforms":["x64-based Systems"],"versions":[{"version":"10.0.22621.0","lessThan":"10.0.22621.6060","versionType":"custom","status":"affected"}]},{"vendor":"Microsoft","product":"Windows 11 Version 23H2","platforms":["x64-based Systems"],"versions":[{"version":"10.0.22631.0","lessThan":"10.0.22631.6060","versionType":"custom","status":"affected"}]},{"vendor":"Microsoft","product":"Windows 11 Version 24H2","platforms":["x64-based Systems"],"versions":[{"version":"10.0.26100.0","lessThan":"10.0.26100.6899","versionType":"custom","status":"affected"}]},{"vendor":"Microsoft","product":"Windows 11 Version 25H2","versions":[{"version":"10.0.26200.0","lessThan":"10.0.26200.6899","versionType":"custom","status":"affected"}]},{"vendor":"Microsoft","product":"Windows Server 2008 R2 Service Pack 1","platforms":["x64-based Systems"],"versions":[{"version":"6.1.7601.0","lessThan":"6.1.7601.27974","versionType":"custom","status":"affected"}]},{"vendor":"Microsoft","product":"Windows Server 2008 R2 Service Pack 1 (Server Core installation)","platforms":["x64-based Systems"],"versions":[{"version":"6.1.7601.0","lessThan":"6.1.7601.27974","versionType":"custom","status":"affected"}]},{"vendor":"Microsoft","product":"Windows Server 2008 Service Pack 2","platforms":["x64-based Systems"],"versions":[{"version":"6.0.6003.0","lessThan":"6.0.6003.23571","versionType":"custom","status":"affected"}]},{"vendor":"Microsoft","product":"Windows Server 2008 Service Pack 2 (Server Core installation)","platforms":["x64-based Systems"],"versions":[{"version":"6.0.6003.0","lessThan":"6.0.6003.23571","versionType":"custom","status":"affected"}]},{"vendor":"Microsoft","product":"Windows Server 2012","platforms":["x64-based Systems"],"versions":[{"version":"6.2.9200.0","lessThan":"6.2.9200.25722","versionType":"custom","status":"affected"}]},{"vendor":"Microsoft","product":"Windows Server 2012 (Server Core installation)","platforms":["x64-based Systems"],"versions":[{"version":"6.2.9200.0","lessThan":"6.2.9200.25722","versionType":"custom","status":"affected"}]},{"vendor":"Microsoft","product":"Windows Server 2012 R2","platforms":["x64-based Systems"],"versions":[{"version":"6.3.9600.0","lessThan":"6.3.9600.22824","versionType":"custom","status":"affected"}]},{"vendor":"Microsoft","product":"Windows Server 2012 R2 (Server Core installation)","platforms":["x64-based Systems"],"versions":[{"version":"6.3.9600.0","lessThan":"6.3.9600.22824","versionType":"custom","status":"affected"}]},{"vendor":"Microsoft","product":"Windows Server 2016","platforms":["x64-based Systems"],"versions":[{"version":"10.0.14393.0","lessThan":"10.0.14393.8519","versionType":"custom","status":"affected"}]},{"vendor":"Microsoft","product":"Windows Server 2016 (Server Core installation)","platforms":["x64-based Systems"],"versions":[{"version":"10.0.14393.0","lessThan":"10.0.14393.8519","versionType":"custom","status":"affected"}]},{"vendor":"Microsoft","product":"Windows Server 2019","platforms":["x64-based Systems"],"versions":[{"version":"10.0.17763.0","lessThan":"10.0.17763.7919","versionType":"custom","status":"affected"}]},{"vendor":"Microsoft","product":"Windows Server 2019 (Server Core installation)","platforms":["x64-based Systems"],"versions":[{"version":"10.0.17763.0","lessThan":"10.0.17763.7919","versionType":"custom","status":"affected"}]},{"vendor":"Microsoft","product":"Windows Server 2022","platforms":["x64-based Systems"],"versions":[{"version":"10.0.20348.0","lessThan":"10.0.20348.4294","versionType":"custom","status":"affected"}]},{"vendor":"Microsoft","product":"Windows Server 2022, 23H2 Edition (Server Core installation)","platforms":["x64-based Systems"],"versions":[{"version":"10.0.25398.0","lessThan":"10.0.25398.1913","versionType":"custom","status":"affected"}]},{"vendor":"Microsoft","product":"Windows Server 2025","platforms":["x64-based Systems"],"versions":[{"version":"10.0.26100.0","lessThan":"10.0.26100.6899","versionType":"custom","status":"affected"}]},{"vendor":"Microsoft","product":"Windows Server 2025 (Server Core installation)","platforms":["x64-based Systems"],"versions":[{"version":"10.0.26100.0","lessThan":"10.0.26100.6899","versionType":"custom","status":"affected"}]}]	[{"name":"Windows Agere Modem Driver Elevation of Privilege Vulnerability","tags":["vendor-advisory","patch"],"url":"https://msrc.microsoft.com/update-guide/vulnerability/CVE-2025-24990"}]	source-metadata-unreviewed
CVE-2025-29824	published	Use after free in Windows Common Log File System Driver allows an authorized attacker to elevate privileges locally.	[{"vendor":"Microsoft","product":"Windows 10 Version 1507","platforms":["32-bit Systems","x64-based Systems"],"versions":[{"version":"10.0.10240.0","lessThan":"10.0.10240.20978","versionType":"custom","status":"affected"}]},{"vendor":"Microsoft","product":"Windows 10 Version 1607","platforms":["32-bit Systems","x64-based Systems"],"versions":[{"version":"10.0.14393.0","lessThan":"10.0.14393.7969","versionType":"custom","status":"affected"}]},{"vendor":"Microsoft","product":"Windows 10 Version 1809","platforms":["32-bit Systems","x64-based Systems"],"versions":[{"version":"10.0.17763.0","lessThan":"10.0.17763.7136","versionType":"custom","status":"affected"}]},{"vendor":"Microsoft","product":"Windows 10 Version 21H2","platforms":["32-bit Systems","ARM64-based Systems","x64-based Systems"],"versions":[{"version":"10.0.19044.0","lessThan":"10.0.19044.5737","versionType":"custom","status":"affected"}]},{"vendor":"Microsoft","product":"Windows 10 Version 22H2","platforms":["32-bit Systems","ARM64-based Systems","x64-based Systems"],"versions":[{"version":"10.0.19045.0","lessThan":"10.0.19045.5737","versionType":"custom","status":"affected"}]},{"vendor":"Microsoft","product":"Windows 11 version 22H2","platforms":["ARM64-based Systems","x64-based Systems"],"versions":[{"version":"10.0.22621.0","lessThan":"10.0.22621.5189","versionType":"custom","status":"affected"}]},{"vendor":"Microsoft","product":"Windows 11 version 22H3","platforms":["ARM64-based Systems"],"versions":[{"version":"10.0.22631.0","lessThan":"10.0.22631.5189","versionType":"custom","status":"affected"}]},{"vendor":"Microsoft","product":"Windows 11 Version 23H2","platforms":["x64-based Systems"],"versions":[{"version":"10.0.22631.0","lessThan":"10.0.22631.5189","versionType":"custom","status":"affected"}]},{"vendor":"Microsoft","product":"Windows 11 Version 24H2","platforms":["ARM64-based Systems","x64-based Systems"],"versions":[{"version":"10.0.26100.0","lessThan":"10.0.26100.3775","versionType":"custom","status":"affected"}]},{"vendor":"Microsoft","product":"Windows Server 2008 R2 Service Pack 1","platforms":["x64-based Systems"],"versions":[{"version":"6.1.7601.0","lessThan":"6.1.7601.27670","versionType":"custom","status":"affected"}]},{"vendor":"Microsoft","product":"Windows Server 2008 R2 Service Pack 1 (Server Core installation)","platforms":["x64-based Systems"],"versions":[{"version":"6.1.7601.0","lessThan":"6.1.7601.27670","versionType":"custom","status":"affected"}]},{"vendor":"Microsoft","product":"Windows Server 2008 Service Pack 2","platforms":["32-bit Systems","x64-based Systems"],"versions":[{"version":"6.0.6003.0","lessThan":"6.0.6003.23220","versionType":"custom","status":"affected"}]},{"vendor":"Microsoft","product":"Windows Server 2008 Service Pack 2 (Server Core installation)","platforms":["32-bit Systems","x64-based Systems"],"versions":[{"version":"6.0.6003.0","lessThan":"6.0.6003.23220","versionType":"custom","status":"affected"}]},{"vendor":"Microsoft","product":"Windows Server 2012","platforms":["x64-based Systems"],"versions":[{"version":"6.2.9200.0","lessThan":"6.2.9200.25423","versionType":"custom","status":"affected"}]},{"vendor":"Microsoft","product":"Windows Server 2012 (Server Core installation)","platforms":["x64-based Systems"],"versions":[{"version":"6.2.9200.0","lessThan":"6.2.9200.25423","versionType":"custom","status":"affected"}]},{"vendor":"Microsoft","product":"Windows Server 2012 R2","platforms":["x64-based Systems"],"versions":[{"version":"6.3.9600.0","lessThan":"6.3.9600.22523","versionType":"custom","status":"affected"}]},{"vendor":"Microsoft","product":"Windows Server 2012 R2 (Server Core installation)","platforms":["x64-based Systems"],"versions":[{"version":"6.3.9600.0","lessThan":"6.3.9600.22523","versionType":"custom","status":"affected"}]},{"vendor":"Microsoft","product":"Windows Server 2016","platforms":["x64-based Systems"],"versions":[{"version":"10.0.14393.0","lessThan":"10.0.14393.7969","versionType":"custom","status":"affected"}]},{"vendor":"Microsoft","product":"Windows Server 2016 (Server Core installation)","platforms":["x64-based Systems"],"versions":[{"version":"10.0.14393.0","lessThan":"10.0.14393.7969","versionType":"custom","status":"affected"}]},{"vendor":"Microsoft","product":"Windows Server 2019","platforms":["x64-based Systems"],"versions":[{"version":"10.0.17763.0","lessThan":"10.0.17763.7136","versionType":"custom","status":"affected"}]},{"vendor":"Microsoft","product":"Windows Server 2019 (Server Core installation)","platforms":["x64-based Systems"],"versions":[{"version":"10.0.17763.0","lessThan":"10.0.17763.7136","versionType":"custom","status":"affected"}]},{"vendor":"Microsoft","product":"Windows Server 2022","platforms":["x64-based Systems"],"versions":[{"version":"10.0.20348.0","lessThan":"10.0.20348.3453","versionType":"custom","status":"affected"}]},{"vendor":"Microsoft","product":"Windows Server 2022, 23H2 Edition (Server Core installation)","platforms":["x64-based Systems"],"versions":[{"version":"10.0.25398.0","lessThan":"10.0.25398.1551","versionType":"custom","status":"affected"}]},{"vendor":"Microsoft","product":"Windows Server 2025","platforms":["x64-based Systems"],"versions":[{"version":"10.0.26100.0","lessThan":"10.0.26100.3775","versionType":"custom","status":"affected"}]},{"vendor":"Microsoft","product":"Windows Server 2025 (Server Core installation)","platforms":["x64-based Systems"],"versions":[{"version":"10.0.26100.0","lessThan":"10.0.26100.3775","versionType":"custom","status":"affected"}]}]	[{"name":"Windows Common Log File System Driver Elevation of Privilege Vulnerability","tags":["vendor-advisory","patch"],"url":"https://msrc.microsoft.com/update-guide/vulnerability/CVE-2025-29824"}]	source-metadata-unreviewed
CVE-2025-30400	published	Use after free in Windows DWM allows an authorized attacker to elevate privileges locally.	[{"vendor":"Microsoft","product":"Windows 10 Version 1809","platforms":["32-bit Systems","x64-based Systems"],"versions":[{"version":"10.0.17763.0","lessThan":"10.0.17763.7314","versionType":"custom","status":"affected"}]},{"vendor":"Microsoft","product":"Windows 10 Version 21H2","platforms":["32-bit Systems","ARM64-based Systems","x64-based Systems"],"versions":[{"version":"10.0.19044.0","lessThan":"10.0.19044.5854","versionType":"custom","status":"affected"}]},{"vendor":"Microsoft","product":"Windows 10 Version 22H2","platforms":["32-bit Systems","ARM64-based Systems","x64-based Systems"],"versions":[{"version":"10.0.19045.0","lessThan":"10.0.19045.5854","versionType":"custom","status":"affected"}]},{"vendor":"Microsoft","product":"Windows 11 version 22H2","platforms":["ARM64-based Systems","x64-based Systems"],"versions":[{"version":"10.0.22621.0","lessThan":"10.0.22621.5335","versionType":"custom","status":"affected"}]},{"vendor":"Microsoft","product":"Windows 11 version 22H3","platforms":["ARM64-based Systems"],"versions":[{"version":"10.0.22631.0","lessThan":"10.0.22631.5335","versionType":"custom","status":"affected"}]},{"vendor":"Microsoft","product":"Windows 11 Version 23H2","platforms":["x64-based Systems"],"versions":[{"version":"10.0.22631.0","lessThan":"10.0.22631.5335","versionType":"custom","status":"affected"}]},{"vendor":"Microsoft","product":"Windows 11 Version 24H2","platforms":["ARM64-based Systems","x64-based Systems"],"versions":[{"version":"10.0.26100.0","lessThan":"10.0.26100.4061","versionType":"custom","status":"affected"}]},{"vendor":"Microsoft","product":"Windows Server 2019","platforms":["x64-based Systems"],"versions":[{"version":"10.0.17763.0","lessThan":"10.0.17763.7314","versionType":"custom","status":"affected"}]},{"vendor":"Microsoft","product":"Windows Server 2019 (Server Core installation)","platforms":["x64-based Systems"],"versions":[{"version":"10.0.17763.0","lessThan":"10.0.17763.7314","versionType":"custom","status":"affected"}]},{"vendor":"Microsoft","product":"Windows Server 2022","platforms":["x64-based Systems"],"versions":[{"version":"10.0.20348.0","lessThan":"10.0.20348.3692","versionType":"custom","status":"affected"}]},{"vendor":"Microsoft","product":"Windows Server 2022, 23H2 Edition (Server Core installation)","platforms":["x64-based Systems"],"versions":[{"version":"10.0.25398.0","lessThan":"10.0.25398.1611","versionType":"custom","status":"affected"}]},{"vendor":"Microsoft","product":"Windows Server 2025","platforms":["x64-based Systems"],"versions":[{"version":"10.0.26100.0","lessThan":"10.0.26100.4061","versionType":"custom","status":"affected"}]},{"vendor":"Microsoft","product":"Windows Server 2025 (Server Core installation)","platforms":["x64-based Systems"],"versions":[{"version":"10.0.26100.0","lessThan":"10.0.26100.4061","versionType":"custom","status":"affected"}]}]	[{"name":"Microsoft DWM Core Library Elevation of Privilege Vulnerability","tags":["vendor-advisory","patch"],"url":"https://msrc.microsoft.com/update-guide/vulnerability/CVE-2025-30400"}]	source-metadata-unreviewed
CVE-2025-31133	published	runc is a CLI tool for spawning and running containers according to the OCI specification. In versions 1.2.7 and below, 1.3.0-rc.1 through 1.3.1, 1.4.0-rc.1 and 1.4.0-rc.2 files, runc would not perform sufficient verification that the source of the bind-mount (i.e., the container's /dev/null) was actually a real /dev/null inode when using the container's /dev/null to mask. This exposes two methods of attack: an arbitrary mount gadget, leading to host information disclosure, host denial of service, container escape, or a bypassing of maskedPaths. This issue is fixed in versions 1.2.8, 1.3.3 and 1.4.0-rc.3.	[{"vendor":"opencontainers","product":"runc","versions":[{"version":"< 1.2.8","status":"affected"},{"version":">= 1.3.0-rc.1, < 1.3.3","status":"affected"},{"version":">= 1.4.0-rc.1, <= 1.4.0-rc.3","status":"affected"}]}]	[{"name":"https://github.com/opencontainers/runc/security/advisories/GHSA-9493-h29p-rfm2","tags":["x_refsource_CONFIRM"],"url":"https://github.com/opencontainers/runc/security/advisories/GHSA-9493-h29p-rfm2"},{"name":"https://github.com/opencontainers/runc/commit/1a30a8f3d921acbbb6a4bb7e99da2c05f8d48522","tags":["x_refsource_MISC"],"url":"https://github.com/opencontainers/runc/commit/1a30a8f3d921acbbb6a4bb7e99da2c05f8d48522"},{"name":"https://github.com/opencontainers/runc/commit/5d7b2424072449872d1cd0c937f2ca25f418eb66","tags":["x_refsource_MISC"],"url":"https://github.com/opencontainers/runc/commit/5d7b2424072449872d1cd0c937f2ca25f418eb66"},{"name":"https://github.com/opencontainers/runc/commit/8476df83b534a2522b878c0507b3491def48db9f","tags":["x_refsource_MISC"],"url":"https://github.com/opencontainers/runc/commit/8476df83b534a2522b878c0507b3491def48db9f"},{"name":"https://github.com/opencontainers/runc/commit/db19bbed5348847da433faa9d69e9f90192bfa64","tags":["x_refsource_MISC"],"url":"https://github.com/opencontainers/runc/commit/db19bbed5348847da433faa9d69e9f90192bfa64"}]	source-metadata-unreviewed
CVE-2025-32463	published	Sudo before 1.9.17p1 allows local users to obtain root access because /etc/nsswitch.conf from a user-controlled directory is used with the --chroot option.	[{"defaultStatus":"unaffected","product":"Sudo","vendor":"Sudo project","versions":[{"lessThan":"1.9.17p1","status":"affected","version":"1.9.14","versionType":"custom"}]}]	[{"url":"https://www.sudo.ws/security/advisories/"},{"url":"https://www.sudo.ws/releases/changelog/"},{"url":"https://www.stratascale.com/vulnerability-alert-CVE-2025-32463-sudo-chroot"},{"url":"https://www.openwall.com/lists/oss-security/2025/06/30/3"},{"url":"https://access.redhat.com/security/cve/cve-2025-32463"},{"url":"https://ubuntu.com/security/notices/USN-7604-1"},{"url":"https://security-tracker.debian.org/tracker/CVE-2025-32463"},{"url":"https://explore.alas.aws.amazon.com/CVE-2025-32463.html"},{"url":"https://bugs.gentoo.org/show_bug.cgi?id=CVE-2025-32463"},{"url":"https://www.suse.com/support/update/announcement/2025/suse-su-202502177-1/"},{"url":"https://www.suse.com/security/cve/CVE-2025-32463.html"},{"url":"https://www.secpod.com/blog/sudo-lpe-vulnerabilities-resolved-what-you-need-to-know-about-cve-2025-32462-and-cve-2025-32463/"},{"url":"https://www.sudo.ws/security/advisories/chroot_bug/"},{"url":"https://www.vicarius.io/vsociety/posts/cve-2025-32463-detect-sudo-vulnerability"},{"url":"https://www.vicarius.io/vsociety/posts/cve-2025-32463-mitigate-sudo-vulnerability"}]	source-metadata-unreviewed
CVE-2025-32701	published	Use after free in Windows Common Log File System Driver allows an authorized attacker to elevate privileges locally.	[{"vendor":"Microsoft","product":"Windows 10 Version 1507","platforms":["32-bit Systems","x64-based Systems"],"versions":[{"version":"10.0.10240.0","lessThan":"10.0.10240.21014","versionType":"custom","status":"affected"}]},{"vendor":"Microsoft","product":"Windows 10 Version 1607","platforms":["32-bit Systems","x64-based Systems"],"versions":[{"version":"10.0.14393.0","lessThan":"10.0.14393.8066","versionType":"custom","status":"affected"}]},{"vendor":"Microsoft","product":"Windows 10 Version 1809","platforms":["32-bit Systems","x64-based Systems"],"versions":[{"version":"10.0.17763.0","lessThan":"10.0.17763.7314","versionType":"custom","status":"affected"}]},{"vendor":"Microsoft","product":"Windows 10 Version 21H2","platforms":["32-bit Systems","ARM64-based Systems","x64-based Systems"],"versions":[{"version":"10.0.19044.0","lessThan":"10.0.19044.5854","versionType":"custom","status":"affected"}]},{"vendor":"Microsoft","product":"Windows 10 Version 22H2","platforms":["32-bit Systems","ARM64-based Systems","x64-based Systems"],"versions":[{"version":"10.0.19045.0","lessThan":"10.0.19045.5854","versionType":"custom","status":"affected"}]},{"vendor":"Microsoft","product":"Windows 11 version 22H2","platforms":["ARM64-based Systems","x64-based Systems"],"versions":[{"version":"10.0.22621.0","lessThan":"10.0.22621.5335","versionType":"custom","status":"affected"}]},{"vendor":"Microsoft","product":"Windows 11 version 22H3","platforms":["ARM64-based Systems"],"versions":[{"version":"10.0.22631.0","lessThan":"10.0.22631.5335","versionType":"custom","status":"affected"}]},{"vendor":"Microsoft","product":"Windows 11 Version 23H2","platforms":["x64-based Systems"],"versions":[{"version":"10.0.22631.0","lessThan":"10.0.22631.5335","versionType":"custom","status":"affected"}]},{"vendor":"Microsoft","product":"Windows 11 Version 24H2","platforms":["ARM64-based Systems","x64-based Systems"],"versions":[{"version":"10.0.26100.0","lessThan":"10.0.26100.4061","versionType":"custom","status":"affected"}]},{"vendor":"Microsoft","product":"Windows Server 2008 R2 Service Pack 1","platforms":["x64-based Systems"],"versions":[{"version":"6.1.7601.0","lessThan":"6.1.7601.27729","versionType":"custom","status":"affected"}]},{"vendor":"Microsoft","product":"Windows Server 2008 R2 Service Pack 1 (Server Core installation)","platforms":["x64-based Systems"],"versions":[{"version":"6.1.7601.0","lessThan":"6.1.7601.27729","versionType":"custom","status":"affected"}]},{"vendor":"Microsoft","product":"Windows Server 2008 Service Pack 2","platforms":["32-bit Systems","x64-based Systems"],"versions":[{"version":"6.0.6003.0","lessThan":"6.0.6003.23279","versionType":"custom","status":"affected"}]},{"vendor":"Microsoft","product":"Windows Server 2008 Service Pack 2 (Server Core installation)","platforms":["32-bit Systems","x64-based Systems"],"versions":[{"version":"6.0.6003.0","lessThan":"6.0.6003.23279","versionType":"custom","status":"affected"}]},{"vendor":"Microsoft","product":"Windows Server 2012","platforms":["x64-based Systems"],"versions":[{"version":"6.2.9200.0","lessThan":"6.2.9200.25475","versionType":"custom","status":"affected"}]},{"vendor":"Microsoft","product":"Windows Server 2012 (Server Core installation)","platforms":["x64-based Systems"],"versions":[{"version":"6.2.9200.0","lessThan":"6.2.9200.25475","versionType":"custom","status":"affected"}]},{"vendor":"Microsoft","product":"Windows Server 2012 R2","platforms":["x64-based Systems"],"versions":[{"version":"6.3.9600.0","lessThan":"6.3.9600.22577","versionType":"custom","status":"affected"}]},{"vendor":"Microsoft","product":"Windows Server 2012 R2 (Server Core installation)","platforms":["x64-based Systems"],"versions":[{"version":"6.3.9600.0","lessThan":"6.3.9600.22577","versionType":"custom","status":"affected"}]},{"vendor":"Microsoft","product":"Windows Server 2016","platforms":["x64-based Systems"],"versions":[{"version":"10.0.14393.0","lessThan":"10.0.14393.8066","versionType":"custom","status":"affected"}]},{"vendor":"Microsoft","product":"Windows Server 2016 (Server Core installation)","platforms":["x64-based Systems"],"versions":[{"version":"10.0.14393.0","lessThan":"10.0.14393.8066","versionType":"custom","status":"affected"}]},{"vendor":"Microsoft","product":"Windows Server 2019","platforms":["x64-based Systems"],"versions":[{"version":"10.0.17763.0","lessThan":"10.0.17763.7314","versionType":"custom","status":"affected"}]},{"vendor":"Microsoft","product":"Windows Server 2019 (Server Core installation)","platforms":["x64-based Systems"],"versions":[{"version":"10.0.17763.0","lessThan":"10.0.17763.7314","versionType":"custom","status":"affected"}]},{"vendor":"Microsoft","product":"Windows Server 2022","platforms":["x64-based Systems"],"versions":[{"version":"10.0.20348.0","lessThan":"10.0.20348.3692","versionType":"custom","status":"affected"}]},{"vendor":"Microsoft","product":"Windows Server 2022, 23H2 Edition (Server Core installation)","platforms":["x64-based Systems"],"versions":[{"version":"10.0.25398.0","lessThan":"10.0.25398.1611","versionType":"custom","status":"affected"}]},{"vendor":"Microsoft","product":"Windows Server 2025","platforms":["x64-based Systems"],"versions":[{"version":"10.0.26100.0","lessThan":"10.0.26100.4061","versionType":"custom","status":"affected"}]},{"vendor":"Microsoft","product":"Windows Server 2025 (Server Core installation)","platforms":["x64-based Systems"],"versions":[{"version":"10.0.26100.0","lessThan":"10.0.26100.4061","versionType":"custom","status":"affected"}]}]	[{"name":"Windows Common Log File System Driver Elevation of Privilege Vulnerability","tags":["vendor-advisory","patch"],"url":"https://msrc.microsoft.com/update-guide/vulnerability/CVE-2025-32701"}]	source-metadata-unreviewed
CVE-2025-32706	published	Improper input validation in Windows Common Log File System Driver allows an authorized attacker to elevate privileges locally.	[{"vendor":"Microsoft","product":"Windows 10 Version 1507","platforms":["32-bit Systems","x64-based Systems"],"versions":[{"version":"10.0.10240.0","lessThan":"10.0.10240.21014","versionType":"custom","status":"affected"}]},{"vendor":"Microsoft","product":"Windows 10 Version 1607","platforms":["32-bit Systems","x64-based Systems"],"versions":[{"version":"10.0.14393.0","lessThan":"10.0.14393.8066","versionType":"custom","status":"affected"}]},{"vendor":"Microsoft","product":"Windows 10 Version 1809","platforms":["32-bit Systems","x64-based Systems"],"versions":[{"version":"10.0.17763.0","lessThan":"10.0.17763.7314","versionType":"custom","status":"affected"}]},{"vendor":"Microsoft","product":"Windows 10 Version 21H2","platforms":["32-bit Systems","ARM64-based Systems","x64-based Systems"],"versions":[{"version":"10.0.19044.0","lessThan":"10.0.19044.5854","versionType":"custom","status":"affected"}]},{"vendor":"Microsoft","product":"Windows 10 Version 22H2","platforms":["32-bit Systems","ARM64-based Systems","x64-based Systems"],"versions":[{"version":"10.0.19045.0","lessThan":"10.0.19045.5854","versionType":"custom","status":"affected"}]},{"vendor":"Microsoft","product":"Windows 11 version 22H2","platforms":["ARM64-based Systems","x64-based Systems"],"versions":[{"version":"10.0.22621.0","lessThan":"10.0.22621.5335","versionType":"custom","status":"affected"}]},{"vendor":"Microsoft","product":"Windows 11 version 22H3","platforms":["ARM64-based Systems"],"versions":[{"version":"10.0.22631.0","lessThan":"10.0.22631.5335","versionType":"custom","status":"affected"}]},{"vendor":"Microsoft","product":"Windows 11 Version 23H2","platforms":["x64-based Systems"],"versions":[{"version":"10.0.22631.0","lessThan":"10.0.22631.5335","versionType":"custom","status":"affected"}]},{"vendor":"Microsoft","product":"Windows 11 Version 24H2","platforms":["ARM64-based Systems","x64-based Systems"],"versions":[{"version":"10.0.26100.0","lessThan":"10.0.26100.4061","versionType":"custom","status":"affected"}]},{"vendor":"Microsoft","product":"Windows Server 2008 R2 Service Pack 1","platforms":["x64-based Systems"],"versions":[{"version":"6.1.7601.0","lessThan":"6.1.7601.27729","versionType":"custom","status":"affected"}]},{"vendor":"Microsoft","product":"Windows Server 2008 R2 Service Pack 1 (Server Core installation)","platforms":["x64-based Systems"],"versions":[{"version":"6.1.7601.0","lessThan":"6.1.7601.27729","versionType":"custom","status":"affected"}]},{"vendor":"Microsoft","product":"Windows Server 2008 Service Pack 2","platforms":["32-bit Systems","x64-based Systems"],"versions":[{"version":"6.0.6003.0","lessThan":"6.0.6003.23279","versionType":"custom","status":"affected"}]},{"vendor":"Microsoft","product":"Windows Server 2008 Service Pack 2 (Server Core installation)","platforms":["32-bit Systems","x64-based Systems"],"versions":[{"version":"6.0.6003.0","lessThan":"6.0.6003.23279","versionType":"custom","status":"affected"}]},{"vendor":"Microsoft","product":"Windows Server 2012","platforms":["x64-based Systems"],"versions":[{"version":"6.2.9200.0","lessThan":"6.2.9200.25475","versionType":"custom","status":"affected"}]},{"vendor":"Microsoft","product":"Windows Server 2012 (Server Core installation)","platforms":["x64-based Systems"],"versions":[{"version":"6.2.9200.0","lessThan":"6.2.9200.25475","versionType":"custom","status":"affected"}]},{"vendor":"Microsoft","product":"Windows Server 2012 R2","platforms":["x64-based Systems"],"versions":[{"version":"6.3.9600.0","lessThan":"6.3.9600.22577","versionType":"custom","status":"affected"}]},{"vendor":"Microsoft","product":"Windows Server 2012 R2 (Server Core installation)","platforms":["x64-based Systems"],"versions":[{"version":"6.3.9600.0","lessThan":"6.3.9600.22577","versionType":"custom","status":"affected"}]},{"vendor":"Microsoft","product":"Windows Server 2016","platforms":["x64-based Systems"],"versions":[{"version":"10.0.14393.0","lessThan":"10.0.14393.8066","versionType":"custom","status":"affected"}]},{"vendor":"Microsoft","product":"Windows Server 2016 (Server Core installation)","platforms":["x64-based Systems"],"versions":[{"version":"10.0.14393.0","lessThan":"10.0.14393.8066","versionType":"custom","status":"affected"}]},{"vendor":"Microsoft","product":"Windows Server 2019","platforms":["x64-based Systems"],"versions":[{"version":"10.0.17763.0","lessThan":"10.0.17763.7314","versionType":"custom","status":"affected"}]},{"vendor":"Microsoft","product":"Windows Server 2019 (Server Core installation)","platforms":["x64-based Systems"],"versions":[{"version":"10.0.17763.0","lessThan":"10.0.17763.7314","versionType":"custom","status":"affected"}]},{"vendor":"Microsoft","product":"Windows Server 2022","platforms":["x64-based Systems"],"versions":[{"version":"10.0.20348.0","lessThan":"10.0.20348.3692","versionType":"custom","status":"affected"}]},{"vendor":"Microsoft","product":"Windows Server 2022, 23H2 Edition (Server Core installation)","platforms":["x64-based Systems"],"versions":[{"version":"10.0.25398.0","lessThan":"10.0.25398.1611","versionType":"custom","status":"affected"}]},{"vendor":"Microsoft","product":"Windows Server 2025","platforms":["x64-based Systems"],"versions":[{"version":"10.0.26100.0","lessThan":"10.0.26100.4061","versionType":"custom","status":"affected"}]},{"vendor":"Microsoft","product":"Windows Server 2025 (Server Core installation)","platforms":["x64-based Systems"],"versions":[{"version":"10.0.26100.0","lessThan":"10.0.26100.4061","versionType":"custom","status":"affected"}]}]	[{"name":"Windows Common Log File System Driver Elevation of Privilege Vulnerability","tags":["vendor-advisory","patch"],"url":"https://msrc.microsoft.com/update-guide/vulnerability/CVE-2025-32706"}]	source-metadata-unreviewed
CVE-2025-32709	published	Null pointer dereference in Windows Ancillary Function Driver for WinSock allows an authorized attacker to elevate privileges locally.	[{"vendor":"Microsoft","product":"Windows 10 Version 1507","platforms":["32-bit Systems","x64-based Systems"],"versions":[{"version":"10.0.10240.0","lessThan":"10.0.10240.21014","versionType":"custom","status":"affected"}]},{"vendor":"Microsoft","product":"Windows 10 Version 1607","platforms":["32-bit Systems","x64-based Systems"],"versions":[{"version":"10.0.14393.0","lessThan":"10.0.14393.8066","versionType":"custom","status":"affected"}]},{"vendor":"Microsoft","product":"Windows 10 Version 1809","platforms":["32-bit Systems","x64-based Systems"],"versions":[{"version":"10.0.17763.0","lessThan":"10.0.17763.7314","versionType":"custom","status":"affected"}]},{"vendor":"Microsoft","product":"Windows 10 Version 21H2","platforms":["32-bit Systems","ARM64-based Systems","x64-based Systems"],"versions":[{"version":"10.0.19044.0","lessThan":"10.0.19044.5854","versionType":"custom","status":"affected"}]},{"vendor":"Microsoft","product":"Windows 10 Version 22H2","platforms":["32-bit Systems","ARM64-based Systems","x64-based Systems"],"versions":[{"version":"10.0.19045.0","lessThan":"10.0.19045.5854","versionType":"custom","status":"affected"}]},{"vendor":"Microsoft","product":"Windows 11 version 22H2","platforms":["ARM64-based Systems","x64-based Systems"],"versions":[{"version":"10.0.22621.0","lessThan":"10.0.22621.5335","versionType":"custom","status":"affected"}]},{"vendor":"Microsoft","product":"Windows 11 version 22H3","platforms":["ARM64-based Systems"],"versions":[{"version":"10.0.22631.0","lessThan":"10.0.22631.5335","versionType":"custom","status":"affected"}]},{"vendor":"Microsoft","product":"Windows 11 Version 23H2","platforms":["x64-based Systems"],"versions":[{"version":"10.0.22631.0","lessThan":"10.0.22631.5335","versionType":"custom","status":"affected"}]},{"vendor":"Microsoft","product":"Windows 11 Version 24H2","platforms":["ARM64-based Systems","x64-based Systems"],"versions":[{"version":"10.0.26100.0","lessThan":"10.0.26100.4061","versionType":"custom","status":"affected"}]},{"vendor":"Microsoft","product":"Windows Server 2008 R2 Service Pack 1","platforms":["x64-based Systems"],"versions":[{"version":"6.1.7601.0","lessThan":"6.1.7601.27730","versionType":"custom","status":"affected"}]},{"vendor":"Microsoft","product":"Windows Server 2008 R2 Service Pack 1 (Server Core installation)","platforms":["x64-based Systems"],"versions":[{"version":"6.1.7601.0","lessThan":"6.1.7601.27730","versionType":"custom","status":"affected"}]},{"vendor":"Microsoft","product":"Windows Server 2008 Service Pack 2","platforms":["32-bit Systems","x64-based Systems"],"versions":[{"version":"6.0.6003.0","lessThan":"6.0.6003.23317","versionType":"custom","status":"affected"}]},{"vendor":"Microsoft","product":"Windows Server 2008 Service Pack 2 (Server Core installation)","platforms":["32-bit Systems","x64-based Systems"],"versions":[{"version":"6.0.6003.0","lessThan":"6.0.6003.23317","versionType":"custom","status":"affected"}]},{"vendor":"Microsoft","product":"Windows Server 2012","platforms":["x64-based Systems"],"versions":[{"version":"6.2.9200.0","lessThan":"6.2.9200.25475","versionType":"custom","status":"affected"}]},{"vendor":"Microsoft","product":"Windows Server 2012 (Server Core installation)","platforms":["x64-based Systems"],"versions":[{"version":"6.2.9200.0","lessThan":"6.2.9200.25475","versionType":"custom","status":"affected"}]},{"vendor":"Microsoft","product":"Windows Server 2012 R2","platforms":["x64-based Systems"],"versions":[{"version":"6.3.9600.0","lessThan":"6.3.9600.22577","versionType":"custom","status":"affected"}]},{"vendor":"Microsoft","product":"Windows Server 2012 R2 (Server Core installation)","platforms":["x64-based Systems"],"versions":[{"version":"6.3.9600.0","lessThan":"6.3.9600.22577","versionType":"custom","status":"affected"}]},{"vendor":"Microsoft","product":"Windows Server 2016","platforms":["x64-based Systems"],"versions":[{"version":"10.0.14393.0","lessThan":"10.0.14393.8066","versionType":"custom","status":"affected"}]},{"vendor":"Microsoft","product":"Windows Server 2016 (Server Core installation)","platforms":["x64-based Systems"],"versions":[{"version":"10.0.14393.0","lessThan":"10.0.14393.8066","versionType":"custom","status":"affected"}]},{"vendor":"Microsoft","product":"Windows Server 2019","platforms":["x64-based Systems"],"versions":[{"version":"10.0.17763.0","lessThan":"10.0.17763.7314","versionType":"custom","status":"affected"}]},{"vendor":"Microsoft","product":"Windows Server 2019 (Server Core installation)","platforms":["x64-based Systems"],"versions":[{"version":"10.0.17763.0","lessThan":"10.0.17763.7314","versionType":"custom","status":"affected"}]},{"vendor":"Microsoft","product":"Windows Server 2022","platforms":["x64-based Systems"],"versions":[{"version":"10.0.20348.0","lessThan":"10.0.20348.3692","versionType":"custom","status":"affected"}]},{"vendor":"Microsoft","product":"Windows Server 2022, 23H2 Edition (Server Core installation)","platforms":["x64-based Systems"],"versions":[{"version":"10.0.25398.0","lessThan":"10.0.25398.1611","versionType":"custom","status":"affected"}]},{"vendor":"Microsoft","product":"Windows Server 2025","platforms":["x64-based Systems"],"versions":[{"version":"10.0.26100.0","lessThan":"10.0.26100.4061","versionType":"custom","status":"affected"}]},{"vendor":"Microsoft","product":"Windows Server 2025 (Server Core installation)","platforms":["x64-based Systems"],"versions":[{"version":"10.0.26100.0","lessThan":"10.0.26100.4061","versionType":"custom","status":"affected"}]}]	[{"name":"Windows Ancillary Function Driver for WinSock Elevation of Privilege Vulnerability","tags":["vendor-advisory","patch"],"url":"https://msrc.microsoft.com/update-guide/vulnerability/CVE-2025-32709"}]	source-metadata-unreviewed
CVE-2025-33073	published	Improper access control in Windows SMB allows an authorized attacker to elevate privileges over a network.	[{"vendor":"Microsoft","product":"Windows 10 Version 1507","platforms":["32-bit Systems","x64-based Systems"],"versions":[{"version":"10.0.10240.0","lessThan":"10.0.10240.21034","versionType":"custom","status":"affected"}]},{"vendor":"Microsoft","product":"Windows 10 Version 1607","platforms":["32-bit Systems","x64-based Systems"],"versions":[{"version":"10.0.14393.0","lessThan":"10.0.14393.8148","versionType":"custom","status":"affected"}]},{"vendor":"Microsoft","product":"Windows 10 Version 1809","platforms":["32-bit Systems","x64-based Systems"],"versions":[{"version":"10.0.17763.0","lessThan":"10.0.17763.7434","versionType":"custom","status":"affected"}]},{"vendor":"Microsoft","product":"Windows 10 Version 21H2","platforms":["32-bit Systems","ARM64-based Systems","x64-based Systems"],"versions":[{"version":"10.0.19044.0","lessThan":"10.0.19044.5965","versionType":"custom","status":"affected"}]},{"vendor":"Microsoft","product":"Windows 10 Version 22H2","platforms":["32-bit Systems","ARM64-based Systems","x64-based Systems"],"versions":[{"version":"10.0.19045.0","lessThan":"10.0.19045.5965","versionType":"custom","status":"affected"}]},{"vendor":"Microsoft","product":"Windows 11 version 22H2","platforms":["ARM64-based Systems","x64-based Systems"],"versions":[{"version":"10.0.22621.0","lessThan":"10.0.22621.5472","versionType":"custom","status":"affected"}]},{"vendor":"Microsoft","product":"Windows 11 version 22H3","platforms":["ARM64-based Systems"],"versions":[{"version":"10.0.22631.0","lessThan":"10.0.22631.5472","versionType":"custom","status":"affected"}]},{"vendor":"Microsoft","product":"Windows 11 Version 23H2","platforms":["x64-based Systems"],"versions":[{"version":"10.0.22631.0","lessThan":"10.0.22631.5472","versionType":"custom","status":"affected"}]},{"vendor":"Microsoft","product":"Windows 11 Version 24H2","platforms":["ARM64-based Systems","x64-based Systems"],"versions":[{"version":"10.0.26100.0","lessThan":"10.0.26100.4349","versionType":"custom","status":"affected"}]},{"vendor":"Microsoft","product":"Windows Server 2008 R2 Service Pack 1","platforms":["x64-based Systems"],"versions":[{"version":"6.1.7601.0","lessThan":"6.1.7601.27769","versionType":"custom","status":"affected"}]},{"vendor":"Microsoft","product":"Windows Server 2008 R2 Service Pack 1 (Server Core installation)","platforms":["x64-based Systems"],"versions":[{"version":"6.1.7601.0","lessThan":"6.1.7601.27769","versionType":"custom","status":"affected"}]},{"vendor":"Microsoft","product":"Windows Server 2008 Service Pack 2","platforms":["32-bit Systems","x64-based Systems"],"versions":[{"version":"6.0.6003.0","lessThan":"6.0.6003.23351","versionType":"custom","status":"affected"}]},{"vendor":"Microsoft","product":"Windows Server 2008 Service Pack 2 (Server Core installation)","platforms":["32-bit Systems","x64-based Systems"],"versions":[{"version":"6.0.6003.0","lessThan":"6.0.6003.23351","versionType":"custom","status":"affected"}]},{"vendor":"Microsoft","product":"Windows Server 2012","platforms":["x64-based Systems"],"versions":[{"version":"6.2.9200.0","lessThan":"6.2.9200.25522","versionType":"custom","status":"affected"}]},{"vendor":"Microsoft","product":"Windows Server 2012 (Server Core installation)","platforms":["x64-based Systems"],"versions":[{"version":"6.2.9200.0","lessThan":"6.2.9200.25522","versionType":"custom","status":"affected"}]},{"vendor":"Microsoft","product":"Windows Server 2012 R2","platforms":["x64-based Systems"],"versions":[{"version":"6.3.9600.0","lessThan":"6.3.9600.22620","versionType":"custom","status":"affected"}]},{"vendor":"Microsoft","product":"Windows Server 2012 R2 (Server Core installation)","platforms":["x64-based Systems"],"versions":[{"version":"6.3.9600.0","lessThan":"6.3.9600.22620","versionType":"custom","status":"affected"}]},{"vendor":"Microsoft","product":"Windows Server 2016","platforms":["x64-based Systems"],"versions":[{"version":"10.0.14393.0","lessThan":"10.0.14393.8148","versionType":"custom","status":"affected"}]},{"vendor":"Microsoft","product":"Windows Server 2016 (Server Core installation)","platforms":["x64-based Systems"],"versions":[{"version":"10.0.14393.0","lessThan":"10.0.14393.8148","versionType":"custom","status":"affected"}]},{"vendor":"Microsoft","product":"Windows Server 2019","platforms":["x64-based Systems"],"versions":[{"version":"10.0.17763.0","lessThan":"10.0.17763.7434","versionType":"custom","status":"affected"}]},{"vendor":"Microsoft","product":"Windows Server 2019 (Server Core installation)","platforms":["x64-based Systems"],"versions":[{"version":"10.0.17763.0","lessThan":"10.0.17763.7434","versionType":"custom","status":"affected"}]},{"vendor":"Microsoft","product":"Windows Server 2022","platforms":["x64-based Systems"],"versions":[{"version":"10.0.20348.0","lessThan":"10.0.20348.3807","versionType":"custom","status":"affected"}]},{"vendor":"Microsoft","product":"Windows Server 2022, 23H2 Edition (Server Core installation)","platforms":["x64-based Systems"],"versions":[{"version":"10.0.25398.0","lessThan":"10.0.25398.1665","versionType":"custom","status":"affected"}]},{"vendor":"Microsoft","product":"Windows Server 2025","platforms":["x64-based Systems"],"versions":[{"version":"10.0.26100.0","lessThan":"10.0.26100.4349","versionType":"custom","status":"affected"}]},{"vendor":"Microsoft","product":"Windows Server 2025 (Server Core installation)","platforms":["x64-based Systems"],"versions":[{"version":"10.0.26100.0","lessThan":"10.0.26100.4349","versionType":"custom","status":"affected"}]}]	[{"name":"Windows SMB Client Elevation of Privilege Vulnerability","tags":["vendor-advisory","patch"],"url":"https://msrc.microsoft.com/update-guide/vulnerability/CVE-2025-33073"}]	source-metadata-unreviewed
CVE-2025-52565	published	runc is a CLI tool for spawning and running containers according to the OCI specification. Versions 1.0.0-rc3 through 1.2.7, 1.3.0-rc.1 through 1.3.2, and 1.4.0-rc.1 through 1.4.0-rc.2, due to insufficient checks when bind-mounting `/dev/pts/$n` to `/dev/console` inside the container, an attacker can trick runc into bind-mounting paths which would normally be made read-only or be masked onto a path that the attacker can write to. This attack is very similar in concept and application to CVE-2025-31133, except that it attacks a similar vulnerability in a different target (namely, the bind-mount of `/dev/pts/$n` to `/dev/console` as configured for all containers that allocate a console). This happens after `pivot_root(2)`, so this cannot be used to write to host files directly -- however, as with CVE-2025-31133, this can load to denial of service of the host or a container breakout by providing the attacker with a writable copy of `/proc/sysrq-trigger` or `/proc/sys/kernel/core_pattern` (respectively). This issue is fixed in versions 1.2.8, 1.3.3 and 1.4.0-rc.3.	[{"vendor":"opencontainers","product":"runc","versions":[{"version":">= 1.0.0-rc3, < 1.2.8","status":"affected"},{"version":">= 1.3.0-rc.1, < 1.3.3","status":"affected"},{"version":">= 1.4.0-rc.1, < 1.4.0-rc.3","status":"affected"}]}]	[{"name":"https://github.com/opencontainers/runc/security/advisories/GHSA-qw9x-cqr3-wc7r","tags":["x_refsource_CONFIRM"],"url":"https://github.com/opencontainers/runc/security/advisories/GHSA-qw9x-cqr3-wc7r"},{"name":"https://github.com/opencontainers/runc/commit/01de9d65dc72f67b256ef03f9bfb795a2bf143b4","tags":["x_refsource_MISC"],"url":"https://github.com/opencontainers/runc/commit/01de9d65dc72f67b256ef03f9bfb795a2bf143b4"},{"name":"https://github.com/opencontainers/runc/commit/398955bccb7f20565c224a3064d331c19e422398","tags":["x_refsource_MISC"],"url":"https://github.com/opencontainers/runc/commit/398955bccb7f20565c224a3064d331c19e422398"},{"name":"https://github.com/opencontainers/runc/commit/531ef794e4ecd628006a865ad334a048ee2b4b2e","tags":["x_refsource_MISC"],"url":"https://github.com/opencontainers/runc/commit/531ef794e4ecd628006a865ad334a048ee2b4b2e"},{"name":"https://github.com/opencontainers/runc/commit/9be1dbf4ac67d9840a043ebd2df5c68f36705d1d","tags":["x_refsource_MISC"],"url":"https://github.com/opencontainers/runc/commit/9be1dbf4ac67d9840a043ebd2df5c68f36705d1d"},{"name":"https://github.com/opencontainers/runc/commit/aee7d3fe355dd02939d44155e308ea0052e0d53a","tags":["x_refsource_MISC"],"url":"https://github.com/opencontainers/runc/commit/aee7d3fe355dd02939d44155e308ea0052e0d53a"},{"name":"https://github.com/opencontainers/runc/commit/db19bbed5348847da433faa9d69e9f90192bfa64","tags":["x_refsource_MISC"],"url":"https://github.com/opencontainers/runc/commit/db19bbed5348847da433faa9d69e9f90192bfa64"},{"name":"https://github.com/opencontainers/runc/commit/de87203e625cd7a27141fb5f2ad00a320c69c5e8","tags":["x_refsource_MISC"],"url":"https://github.com/opencontainers/runc/commit/de87203e625cd7a27141fb5f2ad00a320c69c5e8"},{"name":"https://github.com/opencontainers/runc/commit/ff94f9991bd32076c871ef0ad8bc1b763458e480","tags":["x_refsource_MISC"],"url":"https://github.com/opencontainers/runc/commit/ff94f9991bd32076c871ef0ad8bc1b763458e480"}]	source-metadata-unreviewed
CVE-2025-52881	published	runc is a CLI tool for spawning and running containers according to the OCI specification. In versions 1.2.7, 1.3.2 and 1.4.0-rc.2, an attacker can trick runc into misdirecting writes to /proc to other procfs files through the use of a racing container with shared mounts (we have also verified this attack is possible to exploit using a standard Dockerfile with docker buildx build as that also permits triggering parallel execution of containers with custom shared mounts configured). This redirect could be through symbolic links in a tmpfs or theoretically other methods such as regular bind-mounts. While similar, the mitigation applied for the related CVE, CVE-2019-19921, was fairly limited and effectively only caused runc to verify that when LSM labels are written they are actually procfs files. This issue is fixed in versions 1.2.8, 1.3.3, and 1.4.0-rc.3.	[{"vendor":"opencontainers","product":"runc","versions":[{"version":"<= 1.2.7, < 1.2.8","status":"affected"},{"version":"<= 1.3.2, < 1.3.3","status":"affected"},{"version":"<= 1.4.0-rc.2, < 1.4.0-rc.3","status":"affected"}]}]	[{"name":"https://github.com/opencontainers/runc/security/advisories/GHSA-cgrx-mc8f-2prm","tags":["x_refsource_CONFIRM"],"url":"https://github.com/opencontainers/runc/security/advisories/GHSA-cgrx-mc8f-2prm"},{"name":"https://github.com/opencontainers/runc/security/advisories/GHSA-qw9x-cqr3-wc7r","tags":["x_refsource_MISC"],"url":"https://github.com/opencontainers/runc/security/advisories/GHSA-qw9x-cqr3-wc7r"},{"name":"https://github.com/opencontainers/runc/security/advisories/GHSA-9493-h29p-rfm2","tags":["x_refsource_MISC"],"url":"https://github.com/opencontainers/runc/security/advisories/GHSA-9493-h29p-rfm2"},{"name":"https://github.com/opencontainers/runc/commit/ff94f9991bd32076c871ef0ad8bc1b763458e480","tags":["x_refsource_MISC"],"url":"https://github.com/opencontainers/runc/commit/ff94f9991bd32076c871ef0ad8bc1b763458e480"},{"name":"https://github.com/opencontainers/runc/commit/ff6fe1324663538167eca8b3d3eec61e1bd4fa51","tags":["x_refsource_MISC"],"url":"https://github.com/opencontainers/runc/commit/ff6fe1324663538167eca8b3d3eec61e1bd4fa51"},{"name":"https://github.com/opencontainers/runc/commit/ed6b1693b8b3ae7eb0250a7e76fc888cdacf98c1","tags":["x_refsource_MISC"],"url":"https://github.com/opencontainers/runc/commit/ed6b1693b8b3ae7eb0250a7e76fc888cdacf98c1"},{"name":"https://github.com/opencontainers/runc/commit/db19bbed5348847da433faa9d69e9f90192bfa64","tags":["x_refsource_MISC"],"url":"https://github.com/opencontainers/runc/commit/db19bbed5348847da433faa9d69e9f90192bfa64"},{"name":"https://github.com/opencontainers/runc/commit/d61fd29d854b416feaaf128bf650325cd2182165","tags":["x_refsource_MISC"],"url":"https://github.com/opencontainers/runc/commit/d61fd29d854b416feaaf128bf650325cd2182165"},{"name":"https://github.com/opencontainers/runc/commit/d40b3439a9614a86e87b81a94c6811ec6fa2d7d2","tags":["x_refsource_MISC"],"url":"https://github.com/opencontainers/runc/commit/d40b3439a9614a86e87b81a94c6811ec6fa2d7d2"},{"name":"https://github.com/opencontainers/runc/commit/b3dd1bc562ed9996d1a0f249e056c16624046d28","tags":["x_refsource_MISC"],"url":"https://github.com/opencontainers/runc/commit/b3dd1bc562ed9996d1a0f249e056c16624046d28"},{"name":"https://github.com/opencontainers/runc/commit/77d217c7c3775d8ca5af89e477e81568ef4572db","tags":["x_refsource_MISC"],"url":"https://github.com/opencontainers/runc/commit/77d217c7c3775d8ca5af89e477e81568ef4572db"},{"name":"https://github.com/opencontainers/runc/commit/77889b56db939c323d29d1130f28f9aea2edb544","tags":["x_refsource_MISC"],"url":"https://github.com/opencontainers/runc/commit/77889b56db939c323d29d1130f28f9aea2edb544"},{"name":"https://github.com/opencontainers/runc/commit/6fc191449109ea14bb7d61238f24a33fe08c651f","tags":["x_refsource_MISC"],"url":"https://github.com/opencontainers/runc/commit/6fc191449109ea14bb7d61238f24a33fe08c651f"},{"name":"https://github.com/opencontainers/runc/commit/4b37cd93f86e72feac866442988b549b5b7bf3e6","tags":["x_refsource_MISC"],"url":"https://github.com/opencontainers/runc/commit/4b37cd93f86e72feac866442988b549b5b7bf3e6"},{"name":"https://github.com/opencontainers/runc/commit/44a0fcf685db051c80b8c269812bb177f5802c58","tags":["x_refsource_MISC"],"url":"https://github.com/opencontainers/runc/commit/44a0fcf685db051c80b8c269812bb177f5802c58"},{"name":"https://github.com/opencontainers/runc/commit/435cc81be6b79cdec73b4002c0dae549b2f6ae6d","tags":["x_refsource_MISC"],"url":"https://github.com/opencontainers/runc/commit/435cc81be6b79cdec73b4002c0dae549b2f6ae6d"},{"name":"https://github.com/opencontainers/runc/commit/3f925525b44d247e390e529e772a0dc0c0bc3557","tags":["x_refsource_MISC"],"url":"https://github.com/opencontainers/runc/commit/3f925525b44d247e390e529e772a0dc0c0bc3557"},{"name":"https://github.com/opencontainers/runc/blob/v1.4.0-rc.2/RELEASES.md","tags":["x_refsource_MISC"],"url":"https://github.com/opencontainers/runc/blob/v1.4.0-rc.2/RELEASES.md"},{"name":"http://github.com/opencontainers/runc/commit/a41366e74080fa9f26a2cd3544e2801449697322","tags":["x_refsource_MISC"],"url":"http://github.com/opencontainers/runc/commit/a41366e74080fa9f26a2cd3544e2801449697322"},{"name":"http://github.com/opencontainers/runc/commit/fdcc9d3cad2f85954a241ccb910a61aaa1ef47f3","tags":["x_refsource_MISC"],"url":"http://github.com/opencontainers/runc/commit/fdcc9d3cad2f85954a241ccb910a61aaa1ef47f3"}]	source-metadata-unreviewed
CVE-2025-59230	published	Improper access control in Windows Remote Access Connection Manager allows an authorized attacker to elevate privileges locally.	[{"vendor":"Microsoft","product":"Windows 10 Version 1507","platforms":["32-bit Systems","x64-based Systems"],"versions":[{"version":"10.0.10240.0","lessThan":"10.0.10240.21161","versionType":"custom","status":"affected"}]},{"vendor":"Microsoft","product":"Windows 10 Version 1607","platforms":["32-bit Systems","x64-based Systems"],"versions":[{"version":"10.0.14393.0","lessThan":"10.0.14393.8519","versionType":"custom","status":"affected"}]},{"vendor":"Microsoft","product":"Windows 10 Version 1809","platforms":["32-bit Systems","x64-based Systems"],"versions":[{"version":"10.0.17763.0","lessThan":"10.0.17763.7919","versionType":"custom","status":"affected"}]},{"vendor":"Microsoft","product":"Windows 10 Version 21H2","platforms":["32-bit Systems","ARM64-based Systems","x64-based Systems"],"versions":[{"version":"10.0.19044.0","lessThan":"10.0.19044.6456","versionType":"custom","status":"affected"}]},{"vendor":"Microsoft","product":"Windows 10 Version 22H2","platforms":["32-bit Systems","ARM64-based Systems","x64-based Systems"],"versions":[{"version":"10.0.19045.0","lessThan":"10.0.19045.6456","versionType":"custom","status":"affected"}]},{"vendor":"Microsoft","product":"Windows 11 version 22H2","platforms":["ARM64-based Systems","x64-based Systems"],"versions":[{"version":"10.0.22621.0","lessThan":"10.0.22621.6060","versionType":"custom","status":"affected"}]},{"vendor":"Microsoft","product":"Windows 11 version 22H3","platforms":["ARM64-based Systems"],"versions":[{"version":"10.0.22631.0","lessThan":"10.0.22631.6060","versionType":"custom","status":"affected"}]},{"vendor":"Microsoft","product":"Windows 11 Version 23H2","platforms":["x64-based Systems"],"versions":[{"version":"10.0.22631.0","lessThan":"10.0.22631.6060","versionType":"custom","status":"affected"}]},{"vendor":"Microsoft","product":"Windows 11 Version 24H2","platforms":["ARM64-based Systems","x64-based Systems"],"versions":[{"version":"10.0.26100.0","lessThan":"10.0.26100.6899","versionType":"custom","status":"affected"}]},{"vendor":"Microsoft","product":"Windows 11 Version 25H2","versions":[{"version":"10.0.26200.0","lessThan":"10.0.26200.6899","versionType":"custom","status":"affected"}]},{"vendor":"Microsoft","product":"Windows Server 2008 R2 Service Pack 1","platforms":["x64-based Systems"],"versions":[{"version":"6.1.7601.0","lessThan":"6.1.7601.27974","versionType":"custom","status":"affected"}]},{"vendor":"Microsoft","product":"Windows Server 2008 R2 Service Pack 1 (Server Core installation)","platforms":["x64-based Systems"],"versions":[{"version":"6.1.7601.0","lessThan":"6.1.7601.27974","versionType":"custom","status":"affected"}]},{"vendor":"Microsoft","product":"Windows Server 2008 Service Pack 2","platforms":["32-bit Systems","x64-based Systems"],"versions":[{"version":"6.0.6003.0","lessThan":"6.0.6003.23571","versionType":"custom","status":"affected"}]},{"vendor":"Microsoft","product":"Windows Server 2008 Service Pack 2 (Server Core installation)","platforms":["32-bit Systems","x64-based Systems"],"versions":[{"version":"6.0.6003.0","lessThan":"6.0.6003.23571","versionType":"custom","status":"affected"}]},{"vendor":"Microsoft","product":"Windows Server 2012","platforms":["x64-based Systems"],"versions":[{"version":"6.2.9200.0","lessThan":"6.2.9200.25722","versionType":"custom","status":"affected"}]},{"vendor":"Microsoft","product":"Windows Server 2012 (Server Core installation)","platforms":["x64-based Systems"],"versions":[{"version":"6.2.9200.0","lessThan":"6.2.9200.25722","versionType":"custom","status":"affected"}]},{"vendor":"Microsoft","product":"Windows Server 2012 R2","platforms":["x64-based Systems"],"versions":[{"version":"6.3.9600.0","lessThan":"6.3.9600.22824","versionType":"custom","status":"affected"}]},{"vendor":"Microsoft","product":"Windows Server 2012 R2 (Server Core installation)","platforms":["x64-based Systems"],"versions":[{"version":"6.3.9600.0","lessThan":"6.3.9600.22824","versionType":"custom","status":"affected"}]},{"vendor":"Microsoft","product":"Windows Server 2016","platforms":["x64-based Systems"],"versions":[{"version":"10.0.14393.0","lessThan":"10.0.14393.8519","versionType":"custom","status":"affected"}]},{"vendor":"Microsoft","product":"Windows Server 2016 (Server Core installation)","platforms":["x64-based Systems"],"versions":[{"version":"10.0.14393.0","lessThan":"10.0.14393.8519","versionType":"custom","status":"affected"}]},{"vendor":"Microsoft","product":"Windows Server 2019","platforms":["x64-based Systems"],"versions":[{"version":"10.0.17763.0","lessThan":"10.0.17763.7919","versionType":"custom","status":"affected"}]},{"vendor":"Microsoft","product":"Windows Server 2019 (Server Core installation)","platforms":["x64-based Systems"],"versions":[{"version":"10.0.17763.0","lessThan":"10.0.17763.7919","versionType":"custom","status":"affected"}]},{"vendor":"Microsoft","product":"Windows Server 2022","platforms":["x64-based Systems"],"versions":[{"version":"10.0.20348.0","lessThan":"10.0.20348.4294","versionType":"custom","status":"affected"}]},{"vendor":"Microsoft","product":"Windows Server 2022, 23H2 Edition (Server Core installation)","platforms":["x64-based Systems"],"versions":[{"version":"10.0.25398.0","lessThan":"10.0.25398.1913","versionType":"custom","status":"affected"}]},{"vendor":"Microsoft","product":"Windows Server 2025","platforms":["x64-based Systems"],"versions":[{"version":"10.0.26100.0","lessThan":"10.0.26100.6899","versionType":"custom","status":"affected"}]},{"vendor":"Microsoft","product":"Windows Server 2025 (Server Core installation)","platforms":["x64-based Systems"],"versions":[{"version":"10.0.26100.0","lessThan":"10.0.26100.6899","versionType":"custom","status":"affected"}]}]	[{"name":"Windows Remote Access Connection Manager Elevation of Privilege Vulnerability","tags":["vendor-advisory","patch"],"url":"https://msrc.microsoft.com/update-guide/vulnerability/CVE-2025-59230"}]	source-metadata-unreviewed
CVE-2025-60710	published	Improper link resolution before file access ('link following') in Host Process for Windows Tasks allows an authorized attacker to elevate privileges locally.	[{"vendor":"Microsoft","product":"Windows 11 Version 24H2","platforms":["ARM64-based Systems","x64-based Systems"],"versions":[{"version":"10.0.26100.0","lessThan":"10.0.26100.7462","versionType":"custom","status":"affected"}]},{"vendor":"Microsoft","product":"Windows 11 Version 25H2","versions":[{"version":"10.0.26200.0","lessThan":"10.0.26200.7462","versionType":"custom","status":"affected"}]},{"vendor":"Microsoft","product":"Windows Server 2025","platforms":["x64-based Systems"],"versions":[{"version":"10.0.26100.0","lessThan":"10.0.26100.7462","versionType":"custom","status":"affected"}]},{"vendor":"Microsoft","product":"Windows Server 2025 (Server Core installation)","platforms":["x64-based Systems"],"versions":[{"version":"10.0.26100.0","lessThan":"10.0.26100.7462","versionType":"custom","status":"affected"}]}]	[{"name":"Host Process for Windows Tasks Elevation of Privilege Vulnerability","tags":["vendor-advisory","patch"],"url":"https://msrc.microsoft.com/update-guide/vulnerability/CVE-2025-60710"}]	source-metadata-unreviewed
CVE-2025-62215	published	Concurrent execution using shared resource with improper synchronization ('race condition') in Windows Kernel allows an authorized attacker to elevate privileges locally.	[{"vendor":"Microsoft","product":"Windows 10 Version 1809","platforms":["32-bit Systems","x64-based Systems"],"versions":[{"version":"10.0.17763.0","lessThan":"10.0.17763.8027","versionType":"custom","status":"affected"}]},{"vendor":"Microsoft","product":"Windows 10 Version 21H2","platforms":["32-bit Systems","ARM64-based Systems","x64-based Systems"],"versions":[{"version":"10.0.19044.0","lessThan":"10.0.19044.6575","versionType":"custom","status":"affected"}]},{"vendor":"Microsoft","product":"Windows 10 Version 22H2","platforms":["32-bit Systems","ARM64-based Systems","x64-based Systems"],"versions":[{"version":"10.0.19045.0","lessThan":"10.0.19045.6575","versionType":"custom","status":"affected"}]},{"vendor":"Microsoft","product":"Windows 11 version 22H3","platforms":["ARM64-based Systems"],"versions":[{"version":"10.0.22631.0","lessThan":"10.0.22631.6199","versionType":"custom","status":"affected"}]},{"vendor":"Microsoft","product":"Windows 11 Version 23H2","platforms":["x64-based Systems"],"versions":[{"version":"10.0.22631.0","lessThan":"10.0.22631.6199","versionType":"custom","status":"affected"}]},{"vendor":"Microsoft","product":"Windows 11 Version 24H2","platforms":["ARM64-based Systems","x64-based Systems"],"versions":[{"version":"10.0.26100.0","lessThan":"10.0.26100.7171","versionType":"custom","status":"affected"}]},{"vendor":"Microsoft","product":"Windows 11 Version 25H2","versions":[{"version":"10.0.26200.0","lessThan":"10.0.26200.7171","versionType":"custom","status":"affected"}]},{"vendor":"Microsoft","product":"Windows Server 2019","platforms":["x64-based Systems"],"versions":[{"version":"10.0.17763.0","lessThan":"10.0.17763.8027","versionType":"custom","status":"affected"}]},{"vendor":"Microsoft","product":"Windows Server 2019 (Server Core installation)","platforms":["x64-based Systems"],"versions":[{"version":"10.0.17763.0","lessThan":"10.0.17763.8027","versionType":"custom","status":"affected"}]},{"vendor":"Microsoft","product":"Windows Server 2022","platforms":["x64-based Systems"],"versions":[{"version":"10.0.20348.0","lessThan":"10.0.20348.4405","versionType":"custom","status":"affected"}]},{"vendor":"Microsoft","product":"Windows Server 2022, 23H2 Edition (Server Core installation)","platforms":["x64-based Systems"],"versions":[{"version":"10.0.25398.0","lessThan":"10.0.25398.1965","versionType":"custom","status":"affected"}]},{"vendor":"Microsoft","product":"Windows Server 2025","platforms":["x64-based Systems"],"versions":[{"version":"10.0.26100.0","lessThan":"10.0.26100.7171","versionType":"custom","status":"affected"}]},{"vendor":"Microsoft","product":"Windows Server 2025 (Server Core installation)","platforms":["x64-based Systems"],"versions":[{"version":"10.0.26100.0","lessThan":"10.0.26100.7171","versionType":"custom","status":"affected"}]}]	[{"name":"Windows Kernel Elevation of Privilege Vulnerability","tags":["vendor-advisory","patch"],"url":"https://msrc.microsoft.com/update-guide/vulnerability/CVE-2025-62215"}]	source-metadata-unreviewed
CVE-2025-62221	published	Use after free in Windows Cloud Files Mini Filter Driver allows an authorized attacker to elevate privileges locally.	[{"vendor":"Microsoft","product":"Windows 10 Version 1809","platforms":["32-bit Systems","x64-based Systems"],"versions":[{"version":"10.0.17763.0","lessThan":"10.0.17763.8146","versionType":"custom","status":"affected"}]},{"vendor":"Microsoft","product":"Windows 10 Version 21H2","platforms":["32-bit Systems","ARM64-based Systems","x64-based Systems"],"versions":[{"version":"10.0.19044.0","lessThan":"10.0.19044.6691","versionType":"custom","status":"affected"}]},{"vendor":"Microsoft","product":"Windows 10 Version 22H2","platforms":["32-bit Systems","ARM64-based Systems","x64-based Systems"],"versions":[{"version":"10.0.19045.0","lessThan":"10.0.19045.6691","versionType":"custom","status":"affected"}]},{"vendor":"Microsoft","product":"Windows 11 version 22H3","platforms":["ARM64-based Systems"],"versions":[{"version":"10.0.22631.0","lessThan":"10.0.22631.6345","versionType":"custom","status":"affected"}]},{"vendor":"Microsoft","product":"Windows 11 Version 23H2","platforms":["x64-based Systems"],"versions":[{"version":"10.0.22631.0","lessThan":"10.0.22631.6345","versionType":"custom","status":"affected"}]},{"vendor":"Microsoft","product":"Windows 11 Version 24H2","platforms":["ARM64-based Systems","x64-based Systems"],"versions":[{"version":"10.0.26100.0","lessThan":"10.0.26100.7462","versionType":"custom","status":"affected"}]},{"vendor":"Microsoft","product":"Windows 11 Version 25H2","versions":[{"version":"10.0.26200.0","lessThan":"10.0.26200.7462","versionType":"custom","status":"affected"}]},{"vendor":"Microsoft","product":"Windows Server 2019","platforms":["x64-based Systems"],"versions":[{"version":"10.0.17763.0","lessThan":"10.0.17763.8146","versionType":"custom","status":"affected"}]},{"vendor":"Microsoft","product":"Windows Server 2019 (Server Core installation)","platforms":["x64-based Systems"],"versions":[{"version":"10.0.17763.0","lessThan":"10.0.17763.8146","versionType":"custom","status":"affected"}]},{"vendor":"Microsoft","product":"Windows Server 2022","platforms":["x64-based Systems"],"versions":[{"version":"10.0.20348.0","lessThan":"10.0.20348.4529","versionType":"custom","status":"affected"}]},{"vendor":"Microsoft","product":"Windows Server 2022, 23H2 Edition (Server Core installation)","platforms":["x64-based Systems"],"versions":[{"version":"10.0.25398.0","lessThan":"10.0.25398.2025","versionType":"custom","status":"affected"}]},{"vendor":"Microsoft","product":"Windows Server 2025","platforms":["x64-based Systems"],"versions":[{"version":"10.0.26100.0","lessThan":"10.0.26100.7462","versionType":"custom","status":"affected"}]},{"vendor":"Microsoft","product":"Windows Server 2025 (Server Core installation)","platforms":["x64-based Systems"],"versions":[{"version":"10.0.26100.0","lessThan":"10.0.26100.7462","versionType":"custom","status":"affected"}]}]	[{"name":"Windows Cloud Files Mini Filter Driver Elevation of Privilege Vulnerability","tags":["vendor-advisory","patch"],"url":"https://msrc.microsoft.com/update-guide/vulnerability/CVE-2025-62221"}]	source-metadata-unreviewed
CVE-2026-21519	published	Access of resource using incompatible type ('type confusion') in Desktop Window Manager allows an authorized attacker to elevate privileges locally.	[{"vendor":"Microsoft","product":"Windows 10 Version 1607","platforms":["32-bit Systems","x64-based Systems"],"versions":[{"version":"10.0.14393.0","lessThan":"10.0.14393.8868","versionType":"custom","status":"affected"}]},{"vendor":"Microsoft","product":"Windows 10 Version 1809","platforms":["32-bit Systems","x64-based Systems"],"versions":[{"version":"10.0.17763.0","lessThan":"10.0.17763.8389","versionType":"custom","status":"affected"}]},{"vendor":"Microsoft","product":"Windows 10 Version 21H2","platforms":["32-bit Systems","ARM64-based Systems","x64-based Systems"],"versions":[{"version":"10.0.19044.0","lessThan":"10.0.19044.6937","versionType":"custom","status":"affected"}]},{"vendor":"Microsoft","product":"Windows 10 Version 22H2","platforms":["32-bit Systems","ARM64-based Systems","x64-based Systems"],"versions":[{"version":"10.0.19045.0","lessThan":"10.0.19045.6937","versionType":"custom","status":"affected"}]},{"vendor":"Microsoft","product":"Windows 11 version 22H3","platforms":["ARM64-based Systems"],"versions":[{"version":"10.0.22631.0","lessThan":"10.0.22631.6649","versionType":"custom","status":"affected"}]},{"vendor":"Microsoft","product":"Windows 11 Version 23H2","platforms":["x64-based Systems"],"versions":[{"version":"10.0.22631.0","lessThan":"10.0.22631.6649","versionType":"custom","status":"affected"}]},{"vendor":"Microsoft","product":"Windows 11 Version 24H2","platforms":["ARM64-based Systems","x64-based Systems"],"versions":[{"version":"10.0.26100.0","lessThan":"10.0.26100.7840","versionType":"custom","status":"affected"}]},{"vendor":"Microsoft","product":"Windows 11 Version 25H2","versions":[{"version":"10.0.26200.0","lessThan":"10.0.26200.7840","versionType":"custom","status":"affected"}]},{"vendor":"Microsoft","product":"Windows 11 version 26H1","platforms":["ARM64-based Systems"],"versions":[{"version":"10.0.28000.0","lessThan":"10.0.28000.1575","versionType":"custom","status":"affected"}]},{"vendor":"Microsoft","product":"Windows 11 Version 26H1","versions":[{"version":"10.0.28000.0","lessThan":"10.0.28000.1575","versionType":"custom","status":"affected"}]},{"vendor":"Microsoft","product":"Windows Server 2016","platforms":["x64-based Systems"],"versions":[{"version":"10.0.14393.0","lessThan":"10.0.14393.8868","versionType":"custom","status":"affected"}]},{"vendor":"Microsoft","product":"Windows Server 2016 (Server Core installation)","platforms":["x64-based Systems"],"versions":[{"version":"10.0.14393.0","lessThan":"10.0.14393.8868","versionType":"custom","status":"affected"}]},{"vendor":"Microsoft","product":"Windows Server 2019","platforms":["x64-based Systems"],"versions":[{"version":"10.0.17763.0","lessThan":"10.0.17763.8389","versionType":"custom","status":"affected"}]},{"vendor":"Microsoft","product":"Windows Server 2019 (Server Core installation)","platforms":["x64-based Systems"],"versions":[{"version":"10.0.17763.0","lessThan":"10.0.17763.8389","versionType":"custom","status":"affected"}]},{"vendor":"Microsoft","product":"Windows Server 2022","platforms":["x64-based Systems"],"versions":[{"version":"10.0.20348.0","lessThan":"10.0.20348.4773","versionType":"custom","status":"affected"}]},{"vendor":"Microsoft","product":"Windows Server 2022, 23H2 Edition (Server Core installation)","platforms":["x64-based Systems"],"versions":[{"version":"10.0.25398.0","lessThan":"10.0.25398.2149","versionType":"custom","status":"affected"}]},{"vendor":"Microsoft","product":"Windows Server 2025","platforms":["x64-based Systems"],"versions":[{"version":"10.0.26100.0","lessThan":"10.0.26100.32370","versionType":"custom","status":"affected"}]},{"vendor":"Microsoft","product":"Windows Server 2025 (Server Core installation)","platforms":["x64-based Systems"],"versions":[{"version":"10.0.26100.0","lessThan":"10.0.26100.32370","versionType":"custom","status":"affected"}]}]	[{"name":"Desktop Window Manager Elevation of Privilege Vulnerability","tags":["vendor-advisory","patch"],"url":"https://msrc.microsoft.com/update-guide/vulnerability/CVE-2026-21519"}]	source-metadata-unreviewed
CVE-2026-21533	published	Improper privilege management in Windows Remote Desktop allows an authorized attacker to elevate privileges locally.	[{"vendor":"Microsoft","product":"Windows 10 Version 1607","platforms":["32-bit Systems","x64-based Systems"],"versions":[{"version":"10.0.14393.0","lessThan":"10.0.14393.8868","versionType":"custom","status":"affected"}]},{"vendor":"Microsoft","product":"Windows 10 Version 1809","platforms":["32-bit Systems","x64-based Systems"],"versions":[{"version":"10.0.17763.0","lessThan":"10.0.17763.8389","versionType":"custom","status":"affected"}]},{"vendor":"Microsoft","product":"Windows 10 Version 21H2","platforms":["32-bit Systems","ARM64-based Systems","x64-based Systems"],"versions":[{"version":"10.0.19044.0","lessThan":"10.0.19044.6937","versionType":"custom","status":"affected"}]},{"vendor":"Microsoft","product":"Windows 10 Version 22H2","platforms":["32-bit Systems","ARM64-based Systems","x64-based Systems"],"versions":[{"version":"10.0.19045.0","lessThan":"10.0.19045.6937","versionType":"custom","status":"affected"}]},{"vendor":"Microsoft","product":"Windows 11 version 22H3","platforms":["ARM64-based Systems"],"versions":[{"version":"10.0.22631.0","lessThan":"10.0.22631.6649","versionType":"custom","status":"affected"}]},{"vendor":"Microsoft","product":"Windows 11 Version 23H2","platforms":["x64-based Systems"],"versions":[{"version":"10.0.22631.0","lessThan":"10.0.22631.6649","versionType":"custom","status":"affected"}]},{"vendor":"Microsoft","product":"Windows 11 Version 24H2","platforms":["ARM64-based Systems","x64-based Systems"],"versions":[{"version":"10.0.26100.0","lessThan":"10.0.26100.7840","versionType":"custom","status":"affected"}]},{"vendor":"Microsoft","product":"Windows 11 Version 25H2","versions":[{"version":"10.0.26200.0","lessThan":"10.0.26200.7840","versionType":"custom","status":"affected"}]},{"vendor":"Microsoft","product":"Windows 11 version 26H1","platforms":["ARM64-based Systems"],"versions":[{"version":"10.0.28000.0","lessThan":"10.0.28000.1575","versionType":"custom","status":"affected"}]},{"vendor":"Microsoft","product":"Windows 11 Version 26H1","versions":[{"version":"10.0.28000.0","lessThan":"10.0.28000.1575","versionType":"custom","status":"affected"}]},{"vendor":"Microsoft","product":"Windows Server 2012","platforms":["x64-based Systems"],"versions":[{"version":"6.2.9200.0","lessThan":"6.2.9200.25923","versionType":"custom","status":"affected"}]},{"vendor":"Microsoft","product":"Windows Server 2012 (Server Core installation)","platforms":["x64-based Systems"],"versions":[{"version":"6.2.9200.0","lessThan":"6.2.9200.25923","versionType":"custom","status":"affected"}]},{"vendor":"Microsoft","product":"Windows Server 2012 R2","platforms":["x64-based Systems"],"versions":[{"version":"6.3.9600.0","lessThan":"6.3.9600.23022","versionType":"custom","status":"affected"}]},{"vendor":"Microsoft","product":"Windows Server 2012 R2 (Server Core installation)","platforms":["x64-based Systems"],"versions":[{"version":"6.3.9600.0","lessThan":"6.3.9600.23022","versionType":"custom","status":"affected"}]},{"vendor":"Microsoft","product":"Windows Server 2016","platforms":["x64-based Systems"],"versions":[{"version":"10.0.14393.0","lessThan":"10.0.14393.8868","versionType":"custom","status":"affected"}]},{"vendor":"Microsoft","product":"Windows Server 2016 (Server Core installation)","platforms":["x64-based Systems"],"versions":[{"version":"10.0.14393.0","lessThan":"10.0.14393.8868","versionType":"custom","status":"affected"}]},{"vendor":"Microsoft","product":"Windows Server 2019","platforms":["x64-based Systems"],"versions":[{"version":"10.0.17763.0","lessThan":"10.0.17763.8389","versionType":"custom","status":"affected"}]},{"vendor":"Microsoft","product":"Windows Server 2019 (Server Core installation)","platforms":["x64-based Systems"],"versions":[{"version":"10.0.17763.0","lessThan":"10.0.17763.8389","versionType":"custom","status":"affected"}]},{"vendor":"Microsoft","product":"Windows Server 2022","platforms":["x64-based Systems"],"versions":[{"version":"10.0.20348.0","lessThan":"10.0.20348.4773","versionType":"custom","status":"affected"}]},{"vendor":"Microsoft","product":"Windows Server 2022, 23H2 Edition (Server Core installation)","platforms":["x64-based Systems"],"versions":[{"version":"10.0.25398.0","lessThan":"10.0.25398.2149","versionType":"custom","status":"affected"}]},{"vendor":"Microsoft","product":"Windows Server 2025","platforms":["x64-based Systems"],"versions":[{"version":"10.0.26100.0","lessThan":"10.0.26100.32370","versionType":"custom","status":"affected"}]},{"vendor":"Microsoft","product":"Windows Server 2025 (Server Core installation)","platforms":["x64-based Systems"],"versions":[{"version":"10.0.26100.0","lessThan":"10.0.26100.32370","versionType":"custom","status":"affected"}]}]	[{"name":"Windows Remote Desktop Services Elevation of Privilege Vulnerability","tags":["vendor-advisory","patch"],"url":"https://msrc.microsoft.com/update-guide/vulnerability/CVE-2026-21533"}]	source-metadata-unreviewed
CVE-2026-31431	published	In the Linux kernel, the following vulnerability has been resolved: crypto: algif_aead - Revert to operating out-of-place This mostly reverts commit 72548b093ee3 except for the copying of the associated data. There is no benefit in operating in-place in algif_aead since the source and destination come from different mappings. Get rid of all the complexity added for in-place operation and just copy the AD directly.	[{"product":"Linux","vendor":"Linux","defaultStatus":"unaffected","repo":"https://git.kernel.org/pub/scm/linux/kernel/git/stable/linux.git","programFiles":["crypto/af_alg.c","crypto/algif_aead.c","crypto/algif_skcipher.c","include/crypto/if_alg.h"],"versions":[{"version":"72548b093ee38a6d4f2a19e6ef1948ae05c181f7","lessThan":"893d22e0135fa394db81df88697fba6032747667","status":"affected","versionType":"git"},{"version":"72548b093ee38a6d4f2a19e6ef1948ae05c181f7","lessThan":"19d43105a97be0810edbda875f2cd03f30dc130c","status":"affected","versionType":"git"},{"version":"72548b093ee38a6d4f2a19e6ef1948ae05c181f7","lessThan":"961cfa271a918ad4ae452420e7c303149002875b","status":"affected","versionType":"git"},{"version":"72548b093ee38a6d4f2a19e6ef1948ae05c181f7","lessThan":"3115af9644c342b356f3f07a4dd1c8905cd9a6fc","status":"affected","versionType":"git"},{"version":"72548b093ee38a6d4f2a19e6ef1948ae05c181f7","lessThan":"8b88d99341f139e23bdeb1027a2a3ae10d341d82","status":"affected","versionType":"git"},{"version":"72548b093ee38a6d4f2a19e6ef1948ae05c181f7","lessThan":"fafe0fa2995a0f7073c1c358d7d3145bcc9aedd8","status":"affected","versionType":"git"},{"version":"72548b093ee38a6d4f2a19e6ef1948ae05c181f7","lessThan":"ce42ee423e58dffa5ec03524054c9d8bfd4f6237","status":"affected","versionType":"git"},{"version":"72548b093ee38a6d4f2a19e6ef1948ae05c181f7","lessThan":"a664bf3d603dc3bdcf9ae47cc21e0daec706d7a5","status":"affected","versionType":"git"}]},{"product":"Linux","vendor":"Linux","defaultStatus":"affected","repo":"https://git.kernel.org/pub/scm/linux/kernel/git/stable/linux.git","programFiles":["crypto/af_alg.c","crypto/algif_aead.c","crypto/algif_skcipher.c","include/crypto/if_alg.h"],"versions":[{"version":"4.14","status":"affected"},{"version":"0","lessThan":"4.14","status":"unaffected","versionType":"semver"},{"version":"5.10.254","lessThanOrEqual":"5.10.*","status":"unaffected","versionType":"semver"},{"version":"5.15.204","lessThanOrEqual":"5.15.*","status":"unaffected","versionType":"semver"},{"version":"6.1.170","lessThanOrEqual":"6.1.*","status":"unaffected","versionType":"semver"},{"version":"6.6.137","lessThanOrEqual":"6.6.*","status":"unaffected","versionType":"semver"},{"version":"6.12.85","lessThanOrEqual":"6.12.*","status":"unaffected","versionType":"semver"},{"version":"6.18.22","lessThanOrEqual":"6.18.*","status":"unaffected","versionType":"semver"},{"version":"6.19.12","lessThanOrEqual":"6.19.*","status":"unaffected","versionType":"semver"},{"version":"7.0","lessThanOrEqual":"*","status":"unaffected","versionType":"original_commit_for_fix"}]}]	[{"url":"https://git.kernel.org/stable/c/893d22e0135fa394db81df88697fba6032747667"},{"url":"https://git.kernel.org/stable/c/19d43105a97be0810edbda875f2cd03f30dc130c"},{"url":"https://git.kernel.org/stable/c/961cfa271a918ad4ae452420e7c303149002875b"},{"url":"https://git.kernel.org/stable/c/3115af9644c342b356f3f07a4dd1c8905cd9a6fc"},{"url":"https://git.kernel.org/stable/c/8b88d99341f139e23bdeb1027a2a3ae10d341d82"},{"url":"https://git.kernel.org/stable/c/fafe0fa2995a0f7073c1c358d7d3145bcc9aedd8"},{"url":"https://git.kernel.org/stable/c/ce42ee423e58dffa5ec03524054c9d8bfd4f6237"},{"url":"https://git.kernel.org/stable/c/a664bf3d603dc3bdcf9ae47cc21e0daec706d7a5"}]	source-metadata-unreviewed
CVE-2026-53362	published	In the Linux kernel, the following vulnerability has been resolved: ipv6: account for fraggap on the paged allocation path In __ip6_append_data(), when the paged-allocation branch is taken (MSG_MORE / NETIF_F_SG / large fraglen), alloclen and pagedlen are computed as alloclen = fragheaderlen + transhdrlen; pagedlen = datalen - transhdrlen; datalen already includes fraggap (datalen = length + fraggap). When fraggap is non-zero, this is not the first skb and transhdrlen is zero. The fraggap bytes carried over from the previous skb are copied just past the fragment headers in the new skb's linear area. The linear area is therefore undersized by fraggap bytes while pagedlen is overstated by the same amount, and the copy writes past skb->end into the trailing skb_shared_info. An unprivileged user can trigger this via a UDPv6 socket using MSG_MORE together with MSG_SPLICE_PAGES. The bad accounting was introduced by commit 773ba4fe9104 ("ipv6: avoid partial copy for zc"). Before commit ce650a166335 ("udp6: Fix __ip6_append_data()'s handling of MSG_SPLICE_PAGES"), the negative copy value caused -EINVAL to be returned. That later commit allowed MSG_SPLICE_PAGES to proceed in this case, making the corruption triggerable. The non-paged branch sets alloclen to fraglen, which already accounts for fraggap because datalen does. Bring the paged branch in line by adding fraggap to alloclen and subtracting it from pagedlen. After this adjustment, copy no longer collapses to -fraggap on the paged path, so remove the stale comment describing that old arithmetic. Since a negative copy is no longer expected for a valid MSG_SPLICE_PAGES case, remove the MSG_SPLICE_PAGES exception from the negative copy check.	[{"product":"Linux","vendor":"Linux","defaultStatus":"unaffected","repo":"https://git.kernel.org/pub/scm/linux/kernel/git/stable/linux.git","programFiles":["net/ipv6/ip6_output.c"],"versions":[{"version":"773ba4fe9104a64a54d1c00f0fb6ffb95def2b03","lessThan":"14200d435af9a9eeb444f529fc2f689a236b7962","status":"affected","versionType":"git"},{"version":"773ba4fe9104a64a54d1c00f0fb6ffb95def2b03","lessThan":"65fb14cbebb0cd0eff903a22d33537ddc8b95769","status":"affected","versionType":"git"},{"version":"773ba4fe9104a64a54d1c00f0fb6ffb95def2b03","lessThan":"46f201f8b4c39633a1fa3dc12459f506d470993d","status":"affected","versionType":"git"},{"version":"773ba4fe9104a64a54d1c00f0fb6ffb95def2b03","lessThan":"6374fb9edf72c67a118a2c214a0dddd04c921e0a","status":"affected","versionType":"git"},{"version":"773ba4fe9104a64a54d1c00f0fb6ffb95def2b03","lessThan":"e9eacf19281ea2498b36291b56c9606118c2d74e","status":"affected","versionType":"git"},{"version":"773ba4fe9104a64a54d1c00f0fb6ffb95def2b03","lessThan":"736b380e28d0480c7bc3e022f1950f31fe53a7c5","status":"affected","versionType":"git"}]},{"product":"Linux","vendor":"Linux","defaultStatus":"affected","repo":"https://git.kernel.org/pub/scm/linux/kernel/git/stable/linux.git","programFiles":["net/ipv6/ip6_output.c"],"versions":[{"version":"6.0","status":"affected"},{"version":"0","lessThan":"6.0","status":"unaffected","versionType":"semver"},{"version":"6.1.177","lessThanOrEqual":"6.1.*","status":"unaffected","versionType":"semver"},{"version":"6.6.144","lessThanOrEqual":"6.6.*","status":"unaffected","versionType":"semver"},{"version":"6.12.95","lessThanOrEqual":"6.12.*","status":"unaffected","versionType":"semver"},{"version":"6.18.38","lessThanOrEqual":"6.18.*","status":"unaffected","versionType":"semver"},{"version":"7.1.3","lessThanOrEqual":"7.1.*","status":"unaffected","versionType":"semver"},{"version":"7.2","lessThanOrEqual":"*","status":"unaffected","versionType":"original_commit_for_fix"}]}]	[{"url":"https://git.kernel.org/stable/c/14200d435af9a9eeb444f529fc2f689a236b7962"},{"url":"https://git.kernel.org/stable/c/65fb14cbebb0cd0eff903a22d33537ddc8b95769"},{"url":"https://git.kernel.org/stable/c/46f201f8b4c39633a1fa3dc12459f506d470993d"},{"url":"https://git.kernel.org/stable/c/6374fb9edf72c67a118a2c214a0dddd04c921e0a"},{"url":"https://git.kernel.org/stable/c/e9eacf19281ea2498b36291b56c9606118c2d74e"},{"url":"https://git.kernel.org/stable/c/736b380e28d0480c7bc3e022f1950f31fe53a7c5"}]	source-metadata-unreviewed
CVE-2026-68820	published	Use after free in Windows Ancillary Function Driver for WinSock allows an authorized attacker to elevate privileges locally.	[{"vendor":"Microsoft","product":"Windows 10 Version 1607","platforms":["32-bit Systems","x64-based Systems"],"versions":[{"version":"10.0.14393.0","lessThan":"10.0.14393.9418","versionType":"custom","status":"affected"}]},{"vendor":"Microsoft","product":"Windows 10 Version 1809","platforms":["32-bit Systems","x64-based Systems"],"versions":[{"version":"10.0.17763.0","lessThan":"10.0.17763.9121","versionType":"custom","status":"affected"}]},{"vendor":"Microsoft","product":"Windows 10 Version 21H2","platforms":["32-bit Systems","ARM64-based Systems","x64-based Systems"],"versions":[{"version":"10.0.19044.0","lessThan":"10.0.19044.7663","versionType":"custom","status":"affected"}]},{"vendor":"Microsoft","product":"Windows 10 Version 22H2","platforms":["32-bit Systems","ARM64-based Systems","x64-based Systems"],"versions":[{"version":"10.0.19045.0","lessThan":"10.0.19045.7663","versionType":"custom","status":"affected"}]},{"vendor":"Microsoft","product":"Windows 11 version 23H2","platforms":["ARM64-based Systems"],"versions":[{"version":"10.0.22631.0","lessThan":"10.0.22631.7517","versionType":"custom","status":"affected"}]},{"vendor":"Microsoft","product":"Windows 11 Version 23H2","platforms":["x64-based Systems"],"versions":[{"version":"10.0.22631.0","lessThan":"10.0.22631.7517","versionType":"custom","status":"affected"}]},{"vendor":"Microsoft","product":"Windows 11 Version 24H2","platforms":["ARM64-based Systems","x64-based Systems"],"versions":[{"version":"10.0.26100.0","lessThan":"10.0.26100.9168","versionType":"custom","status":"affected"}]},{"vendor":"Microsoft","product":"Windows 11 Version 25H2","platforms":["ARM64-based Systems","x64-based Systems"],"versions":[{"version":"10.0.26200.0","lessThan":"10.0.26200.9168","versionType":"custom","status":"affected"}]},{"vendor":"Microsoft","product":"Windows 11 version 26H1","platforms":["ARM64-based Systems","x64-based Systems"],"versions":[{"version":"10.0.28000.0","lessThan":"10.0.28000.2704","versionType":"custom","status":"affected"}]},{"vendor":"Microsoft","product":"Windows Server 2012","platforms":["x64-based Systems"],"versions":[{"version":"6.2.9200.0","lessThan":"6.2.9200.26280","versionType":"custom","status":"affected"}]},{"vendor":"Microsoft","product":"Windows Server 2012 (Server Core installation)","platforms":["x64-based Systems"],"versions":[{"version":"6.2.9200.0","lessThan":"6.2.9200.26280","versionType":"custom","status":"affected"}]},{"vendor":"Microsoft","product":"Windows Server 2012 R2","platforms":["x64-based Systems"],"versions":[{"version":"6.3.9600.0","lessThan":"6.3.9600.23338","versionType":"custom","status":"affected"}]},{"vendor":"Microsoft","product":"Windows Server 2012 R2 (Server Core installation)","platforms":["x64-based Systems"],"versions":[{"version":"6.3.9600.0","lessThan":"6.3.9600.23338","versionType":"custom","status":"affected"}]},{"vendor":"Microsoft","product":"Windows Server 2016","platforms":["x64-based Systems"],"versions":[{"version":"10.0.14393.0","lessThan":"10.0.14393.9418","versionType":"custom","status":"affected"}]},{"vendor":"Microsoft","product":"Windows Server 2016 (Server Core installation)","platforms":["x64-based Systems"],"versions":[{"version":"10.0.14393.0","lessThan":"10.0.14393.9418","versionType":"custom","status":"affected"}]},{"vendor":"Microsoft","product":"Windows Server 2019","platforms":["x64-based Systems"],"versions":[{"version":"10.0.17763.0","lessThan":"10.0.17763.9121","versionType":"custom","status":"affected"}]},{"vendor":"Microsoft","product":"Windows Server 2019 (Server Core installation)","platforms":["x64-based Systems"],"versions":[{"version":"10.0.17763.0","lessThan":"10.0.17763.9121","versionType":"custom","status":"affected"}]},{"vendor":"Microsoft","product":"Windows Server 2022","platforms":["x64-based Systems"],"versions":[{"version":"10.0.20348.0","lessThan":"10.0.20348.5499","versionType":"custom","status":"affected"}]},{"vendor":"Microsoft","product":"Windows Server 2025","platforms":["x64-based Systems"],"versions":[{"version":"10.0.26100.0","lessThan":"10.0.26100.33296","versionType":"custom","status":"affected"}]},{"vendor":"Microsoft","product":"Windows Server 2025 (Server Core installation)","platforms":["x64-based Systems"],"versions":[{"version":"10.0.26100.0","lessThan":"10.0.26100.33296","versionType":"custom","status":"affected"}]}]	[{"name":"Windows Ancillary Function Driver for WinSock Elevation of Privilege Vulnerability","tags":["vendor-advisory","patch"],"url":"https://msrc.microsoft.com/update-guide/vulnerability/CVE-2026-68820"}]	source-metadata-unreviewed
CVE-2026-81963	published	Improper link resolution before file access ('link following') in Windows Update Stack allows an authorized attacker to elevate privileges locally.	[{"vendor":"Microsoft","product":"Windows 11 version 23H2","platforms":["ARM64-based Systems"],"versions":[{"version":"10.0.22631.0","lessThan":"10.0.22631.7582","versionType":"custom","status":"affected"}]},{"vendor":"Microsoft","product":"Windows 11 Version 23H2","platforms":["x64-based Systems"],"versions":[{"version":"10.0.22631.0","lessThan":"10.0.22631.7582","versionType":"custom","status":"affected"}]},{"vendor":"Microsoft","product":"Windows 11 Version 24H2","platforms":["ARM64-based Systems","x64-based Systems"],"versions":[{"version":"10.0.26100.0","lessThan":"10.0.26100.9445","versionType":"custom","status":"affected"}]},{"vendor":"Microsoft","product":"Windows 11 Version 25H2","platforms":["ARM64-based Systems","x64-based Systems"],"versions":[{"version":"10.0.26200.0","lessThan":"10.0.26200.9445","versionType":"custom","status":"affected"}]},{"vendor":"Microsoft","product":"Windows 11 version 26H1","platforms":["ARM64-based Systems","x64-based Systems"],"versions":[{"version":"10.0.28000.0","lessThan":"10.0.28000.2954","versionType":"custom","status":"affected"}]},{"vendor":"Microsoft","product":"Windows Server 2025","platforms":["x64-based Systems"],"versions":[{"version":"10.0.26100.0","lessThan":"10.0.26100.33438","versionType":"custom","status":"affected"}]},{"vendor":"Microsoft","product":"Windows Server 2025 (Server Core installation)","platforms":["x64-based Systems"],"versions":[{"version":"10.0.26100.0","lessThan":"10.0.26100.33438","versionType":"custom","status":"affected"}]}]	[{"name":"Windows Update Stack Elevation of Privilege Vulnerability","tags":["vendor-advisory","patch"],"url":"https://msrc.microsoft.com/update-guide/vulnerability/CVE-2026-81963"}]	source-metadata-unreviewed
CVE-2026-85880	published	Heap-based buffer overflow in Windows ALPC allows an authorized attacker to elevate privileges locally.	[{"vendor":"Microsoft","product":"Windows 10 Version 1607","platforms":["32-bit Systems","x64-based Systems"],"versions":[{"version":"10.0.14393.0","lessThan":"10.0.14393.9512","versionType":"custom","status":"affected"}]},{"vendor":"Microsoft","product":"Windows 10 Version 1809","platforms":["32-bit Systems","x64-based Systems"],"versions":[{"version":"10.0.17763.0","lessThan":"10.0.17763.9245","versionType":"custom","status":"affected"}]},{"vendor":"Microsoft","product":"Windows 10 Version 21H2","platforms":["32-bit Systems","ARM64-based Systems","x64-based Systems"],"versions":[{"version":"10.0.19044.0","lessThan":"10.0.19044.7725","versionType":"custom","status":"affected"}]},{"vendor":"Microsoft","product":"Windows 10 Version 22H2","platforms":["32-bit Systems","ARM64-based Systems","x64-based Systems"],"versions":[{"version":"10.0.19045.0","lessThan":"10.0.19045.7725","versionType":"custom","status":"affected"}]},{"vendor":"Microsoft","product":"Windows Server 2012","platforms":["x64-based Systems"],"versions":[{"version":"6.2.9200.0","lessThan":"6.2.9200.26349","versionType":"custom","status":"affected"}]},{"vendor":"Microsoft","product":"Windows Server 2012 (Server Core installation)","platforms":["x64-based Systems"],"versions":[{"version":"6.2.9200.0","lessThan":"6.2.9200.26349","versionType":"custom","status":"affected"}]},{"vendor":"Microsoft","product":"Windows Server 2012 R2","platforms":["x64-based Systems"],"versions":[{"version":"6.3.9600.0","lessThan":"6.3.9600.23398","versionType":"custom","status":"affected"}]},{"vendor":"Microsoft","product":"Windows Server 2012 R2 (Server Core installation)","platforms":["x64-based Systems"],"versions":[{"version":"6.3.9600.0","lessThan":"6.3.9600.23398","versionType":"custom","status":"affected"}]},{"vendor":"Microsoft","product":"Windows Server 2016","platforms":["x64-based Systems"],"versions":[{"version":"10.0.14393.0","lessThan":"10.0.14393.9512","versionType":"custom","status":"affected"}]},{"vendor":"Microsoft","product":"Windows Server 2016 (Server Core installation)","platforms":["x64-based Systems"],"versions":[{"version":"10.0.14393.0","lessThan":"10.0.14393.9512","versionType":"custom","status":"affected"}]},{"vendor":"Microsoft","product":"Windows Server 2019","platforms":["x64-based Systems"],"versions":[{"version":"10.0.17763.0","lessThan":"10.0.17763.9245","versionType":"custom","status":"affected"}]},{"vendor":"Microsoft","product":"Windows Server 2019 (Server Core installation)","platforms":["x64-based Systems"],"versions":[{"version":"10.0.17763.0","lessThan":"10.0.17763.9245","versionType":"custom","status":"affected"}]},{"vendor":"Microsoft","product":"Windows Server 2022","platforms":["x64-based Systems"],"versions":[{"version":"10.0.20348.0","lessThan":"10.0.20348.5622","versionType":"custom","status":"affected"}]}]	[{"name":"Windows Advanced Local Procedure Call (ALPC) Elevation of Privilege Vulnerability","tags":["vendor-advisory","patch"],"url":"https://msrc.microsoft.com/update-guide/vulnerability/CVE-2026-85880"}]	source-metadata-unreviewed
